# 英語の 語 → 読み(ひらがな)。列: 語<TAB>読み<TAB>ゆれる 読み(, で 2つまで)。make_readings.py が 読む
a	あ	
able	えいぶる	えーぶる
about	あばうと	
above	あばぶ	
absent	あぶせんと	
account	あかうんと	
actor	あくたー	
acts	あくつ	
adding	あでぃんぐ	
admitted	あどみってぃっど	
advantage	あどばんてーじ	あどばんてぃっじ
advice	あどばいす	
advised	あどばいずど	
afraid	あふれいど	あふれーど
after	あふたー	
again	あげいん	あげん
age	えいじ	えーじ
ages	えいじず	えーじず
ago	あごー	あごう
aki	あき	
all	おーる	
allowed	あらうど	
alone	あろーん	あろうん
along	あろんぐ	
already	おーるれでぃ	おーるれでぃー
always	おーるうぇいず	おるうぇいず
am	あむ	
amazing	あめいじんぐ	あめーじんぐ
amy	えいみー	えいみ,えーみー
an	あん	
and	あんど	
answer	あんさー	
answered	あんさーど	
any	えにー	えに
anymore	えにもあ	
anyone	えにわん	
anything	えにしんぐ	
apples	あっぷるず	
april	えいぷりる	えーぷりる
are	あー	
arise	あらいず	
arisen	ありずん	
arose	あろーず	あろうず
around	あらうんど	
arrive	あらいぶ	
arriving	あらいびんぐ	
art	あーと	
as	あず	
ask	あすく	
asked	あすくと	
asking	あすきんぐ	
asleep	あすりーぷ	
at	あっと	
ate	えいと	えーと
attention	あてんしょん	
aunt	あんと	
avoid	あぼいど	
aware	あうぇあ	
away	あうぇい	あうぇー
aya	あや	
baby	べいびー	べーびー,べびー
back	ばっく	
bag	ばっぐ	
ball	ぼーる	
barking	ばーきんぐ	
basket	ばすけっと	
bath	ばす	
be	びー	
bear	べあー	べあ
beautiful	びゅーてぃふる	
became	びけいむ	びけーむ
because	びこーず	びこうず
become	びかむ	
bed	べっど	
been	びーん	
before	びふぉー	びふぉあ
began	びがん	
begin	びぎん	
begun	びがん	
behalf	びはーふ	
being	びーいんぐ	
believe	びりーぶ	
believed	びりーぶど	
bell	べる	
belong	びろんぐ	
ben	べん	
bench	べんち	
best	べすと	
better	べたー	
big	びっぐ	
bigger	びがー	
bike	ばいく	
bind	ばいんど	
bird	ばーど	
birds	ばーず	
bloom	ぶるーむ	
blue	ぶるー	
boiled	ぼいるど	
book	ぶっく	
books	ぶっくす	
bookworm	ぶっくわーむ	
bore	ぼあ	
boring	ぼーりんぐ	
born	ぼーん	
borne	ぼーん	
bought	ぼーと	
bound	ばうんど	
box	ぼっくす	
boxes	ぼっくしず	
boy	ぼーい	ぼい
bread	ぶれっど	
break	ぶれいく	ぶれーく
breakfast	ぶれっくふぁすと	
bridge	ぶりっじ	
bring	ぶりんぐ	
broke	ぶろーく	ぶろうく
broken	ぶろーくん	ぶろうくん
brother	ぶらざー	
brought	ぶろーと	
brown	ぶらうん	
build	びるど	
built	びると	
bus	ばす	
busy	びじー	
but	ばっと	
button	ばとん	ぼたん
buy	ばい	
by	ばい	
cake	けいく	けーく,けーき
call	こーる	
called	こーるど	
calling	こーりんぐ	
came	けいむ	けーむ
camping	きゃんぴんぐ	
can	きゃん	
can't	きゃんと	
canada	かなだ	
canceled	きゃんせるど	
captain	きゃぷてん	
car	かー	
care	けあ	
carrots	きゃろっつ	
carry	きゃりー	
cars	かーず	
case	けいす	けーす
cat	きゃっと	
catch	きゃっち	
cats	きゃっつ	
caught	こーと	
chair	ちぇあ	
check	ちぇっく	
children	ちるどれん	
chinese	ちゃいにーず	
choose	ちゅーず	
chose	ちょーず	ちょうず
chosen	ちょーずん	ちょうずん
cities	してぃーず	
city	してぃー	してぃ
class	くらす	
clean	くりーん	
cleaned	くりーんど	
climbed	くらいむど	
clock	くろっく	
closed	くろーずど	
club	くらぶ	
cold	こーるど	こうるど
come	かむ	
comes	かむず	
completed	こんぷりーてぃっど	
computer	こんぴゅーたー	
concert	こんさーと	
confusing	こんふゅーじんぐ	
considered	こんしだーど	
considering	こんしだりんぐ	
cook	くっく	
cooking	くっきんぐ	
could	くっど	
couldn't	くっどんと	
course	こーす	
covered	かばーど	
cross	くろす	
crossed	くろすと	
crowded	くらうでっど	
curry	かれー	かりー
cut	かっと	
cute	きゅーと	
dad	だっど	だど
dark	だーく	
date	でいと	でーと
day	でい	でー
dealt	でると	
decide	でぃさいど	
decided	でぃさいでぃっど	
deep	でぃーぷ	
deer	でぃあ	
depend	でぃぺんど	
did	でぃっど	
didn't	でぃどんと	
different	でぃふぁれんと	でぃふれんと
difficult	でぃふぃかると	
dinner	でぃなー	
disappointed	でぃさぽいんてっど	
dishes	でぃっしず	
do	どぅー	
doctor	どくたー	
does	だず	
doesn't	だずんと	
dog	どっぐ	どぐ
doing	どぅーいんぐ	
doll	どーる	
don't	どんと	
done	だん	
door	どあ	どーあ
down	だうん	
dream	どりーむ	
dressed	どれすと	
drink	どりんく	
drive	どらいぶ	
dull	だる	
each	いーち	
eager	いーがー	
earlier	あーりあー	
early	あーりー	
earth	あーす	
easy	いーじー	
eat	いーと	
eaten	いーとぅん	
eating	いーてぃんぐ	
egg	えっぐ	
elected	いれくてぃっど	
else	えるす	
emi	えみ	
emma	えま	
english	いんぐりっしゅ	
enjoyed	えんじょいど	
enough	いなふ	
enter	えんたー	
even	いーぶん	
ever	えばー	
every	えぶりー	えぶり
everyone	えぶりわん	
everything	えぶりしんぐ	
example	いぐざんぷる	
excited	いくさいてぃっど	えくさいてぃっど,いくさいてっど
exciting	えきさいてぃんぐ	えくさいてぃんぐ,いくさいてぃんぐ
eyes	あいず	
fall	ふぉーる	
fallen	ふぉーるん	
familiar	ふぁみりあ	ふぁみりあー
family	ふぁみりー	
famous	ふぇいます	ふぇーます
far	ふぁー	
fast	ふぁすと	
fastest	ふぁすてすと	
father	ふぁーざー	
feel	ふぃーる	
feeling	ふぃーりんぐ	
fell	ふぇる	
felt	ふぇると	
fence	ふぇんす	
festival	ふぇすてぃばる	
fifty	ふぃふてぃー	
filled	ふぃるど	
find	ふぁいんど	
finish	ふぃにっしゅ	
finished	ふぃにっしゅと	
first	ふぁーすと	
fish	ふぃっしゅ	
five	ふぁいぶ	
fixed	ふぃっくすと	
flew	ふるー	
flowers	ふらわーず	
flown	ふろーん	ふろうん
fly	ふらい	
flying	ふらいんぐ	
following	ふぉろーいんぐ	ふぉろういんぐ
food	ふーど	
for	ふぉー	
forbade	ふぉーばっど	
forbid	ふぉーびっど	
forbidden	ふぉーびどぅん	
forgave	ふぉーげいぶ	ふぉーげーぶ
forget	ふぉーげっと	ふぉげっと
forgive	ふぉーぎぶ	
forgiven	ふぉーぎぶん	
forgot	ふぉーがっと	ふぉがっと,ふぉーごっと
forgotten	ふぉーがってん	ふぉがってん,ふぉーごってん
forward	ふぉわーど	ふぉーわーど
found	ふぁうんど	
frankly	ふらんくりー	
free	ふりー	
freeze	ふりーず	
french	ふれんち	
fresh	ふれっしゅ	
friday	ふらいでい	ふらいでー
friend	ふれんど	
friends	ふれんず	
from	ふろむ	
front	ふろんと	
froze	ふろーず	ふろうず
frozen	ふろーずん	ふろうずん
fruit	ふるーつ	
full	ふる	
fun	ふぁん	
game	げいむ	げーむ
garden	がーでん	
gave	げいぶ	げーぶ
generally	じぇねらりー	
get	げっと	
gets	げっつ	
getting	げってぃんぐ	
gift	ぎふと	
girl	がーる	
girls	がーるず	
give	ぎぶ	
given	ぎぶん	
glad	ぐらっど	
go	ごー	ごう
goes	ごーず	ごうず
going	ごーいんぐ	ごういんぐ
gone	ごーん	
good	ぐっど	
goodbye	ぐっばい	
got	がっと	ごっと
gotten	がってん	ごってん
grandma	ぐらんま	
grandpa	ぐらんぱ	
great	ぐれいと	ぐれーと
green	ぐりーん	
grew	ぐるー	
grow	ぐろー	ぐろう
grown	ぐろーん	ぐろうん
guests	げすつ	
guide	がいど	
guitar	ぎたー	
gym	じむ	
had	はっど	
hadn't	はっどんと	はどぅんと
hair	へあー	へあ
half	はーふ	
hana	はな	
hands	はんず	
handwriting	はんどらいてぃんぐ	
hang	はんぐ	
happen	はぷん	
happened	はぷんど	
happens	はぷんず	
happier	はっぴあー	
happiest	はっぴえすと	
harder	はーだー	
hardly	はーどりー	
has	はず	
have	はぶ	
haven't	はぶんと	
having	はびんぐ	
he	ひー	
health	へるす	
healthy	へるしー	
hear	ひあ	
heard	はーど	
heavier	へびあー	
heavy	へびー	
held	へるど	
hello	はろー	はろう,へろー
help	へるぷ	
helped	へるぷと	
helping	へるぴんぐ	
helps	へるぷす	
her	はー	
here	ひあ	
herself	はーせるふ	
high	はい	
hiking	はいきんぐ	
him	ひむ	
his	ひず	
hobby	ほびー	
hokkaido	ほっかいどう	
home	ほーむ	ほうむ
homework	ほーむわーく	
honest	おねすと	
honesty	おねすてぃー	
hoped	ほーぷと	ほうぷと
hot	ほっと	
hotel	ほてる	
hour	あわー	
house	はうす	
how	はう	
however	はうえばー	
hung	はんぐ	
hurried	はりーど	
i	あい	
i'd	あいど	
i'll	あいる	
i'm	あいむ	
i've	あいぶ	
ice	あいす	
idea	あいでぃあ	あいであ
if	いふ	
in	いん	
instead	いんすてっど	
interested	いんたれすてぃっど	
interesting	いんたれすてぃんぐ	
invitations	いんびていしょんず	いんびてーしょんず
invite	いんばいと	
invited	いんばいてぃっど	
is	いず	
it	いっと	
it's	いっつ	
ito	いとう	
its	いっつ	
japan	じゃぱん	
japanese	じゃぱにーず	
jar	じゃー	
join	じょいん	
joke	じょーく	じょうく
judging	じゃっじんぐ	
june	じゅーん	
just	じゃすと	
kai	かい	
keep	きーぷ	
ken	けん	
ken's	けんず	
kenji	けんじ	
kept	けぷと	
key	きー	
keys	きーず	
kids	きっず	
kind	かいんど	
kitten	きってん	
knew	にゅー	
know	のー	のう
knowing	のーいんぐ	のういんぐ
known	のーん	のうん
knows	のーず	のうず
kobe	こうべ	
kyoto	きょうと	
laid	れいど	れーど
lain	れいん	れーん
lake	れいく	れーく
language	らんげーじ	らんぐうぃっじ
large	らーじ	
last	らすと	
late	れいと	れーと
laugh	らふ	
laughed	らふと	
laughing	らふぃんぐ	
lay	れい	れー
lead	りーど	
leader	りーだー	
learn	らーん	
learned	らーんど	
learning	らーにんぐ	
least	りーすと	
leave	りーぶ	
leaves	りーぶず	
led	れっど	
left	れふと	
legs	れっぐず	
less	れす	
let	れっと	
let's	れっつ	
letter	れたー	
lie	らい	
life	らいふ	
lift	りふと	
like	らいく	
likely	らいくりー	
likes	らいくす	
lisa	りさ	
listen	りっすん	
listened	りっすんど	
listening	りっすにんぐ	
little	りとる	
live	りぶ	
lived	りぶど	
lives	りぶず	
living	りびんぐ	
lock	ろっく	
london	ろんどん	
long	ろんぐ	
longer	ろんがー	
longest	ろんげすと	
look	るっく	
looked	るっくと	
looking	るっきんぐ	
looks	るっくす	
losing	るーじんぐ	
lost	ろすと	
lot	ろっと	
love	らぶ	
loved	らぶど	
loves	らぶず	
lunch	らんち	
made	めいど	めーど
mai	まい	
make	めいく	めーく
man	まん	
many	めにー	
map	まっぷ	
mary	めありー	
math	ます	
max	まっくす	
may	めい	めー
me	みー	
mean	みーん	
means	みーんず	
meet	みーと	
meeting	みーてぃんぐ	
melts	めるつ	
met	めっと	
mia	みあ	
mika	みか	
mike	まいく	
milk	みるく	
mind	まいんど	
mine	まいん	
minutes	みにっつ	
miso	みそ	
miss	みす	
missed	みすと	
missing	みっしんぐ	
mistake	みすていく	みすてーく
mom	まむ	まま,もむ
month	まんす	
moon	むーん	
more	もあ	
morning	もーにんぐ	
most	もすと	もーすと
mother	まざー	
mountain	まうんてん	
move	むーぶ	
moved	むーぶど	
movie	むーびー	
mr	みすたー	
ms	みず	
much	まっち	
museum	みゅーじあむ	
music	みゅーじっく	
must	ますと	
my	まい	
name	ねいむ	ねーむ
named	ねいむど	ねーむど
nana	なな	
nara	なら	
nearby	にあばい	
need	にーど	
needs	にーず	
never	ねばー	
new	にゅー	にゅう
news	にゅーす	にゅーず
next	ねくすと	
nice	ないす	
night	ないと	
nine	ないん	
no	のー	のう
nobody	のーばでぃー	のうばでぃー
noon	ぬーん	
not	のっと	
nothing	なっしんぐ	
now	なう	
number	なんばー	
nurse	なーす	
objects	おぶじぇくつ	
of	おぶ	
off	おふ	
often	おーふん	おふん,おふとぅん
old	おーるど	おうるど
older	おーるだー	おうるだー
oldest	おーるですと	おうるですと
on	おん	
once	わんす	
one	わん	
one's	わんず	
only	おんりー	
open	おーぷん	おうぷん
opened	おーぷんど	おうぷんど
opening	おーぷにんぐ	おうぷにんぐ
or	おあ	
order	おーだー	
osaka	おおさか	
other	あざー	
otherwise	あざーわいず	
our	あわー	
out	あうと	
outside	あうとさいど	
over	おーばー	おうばー
overcame	おーばーけいむ	おーばーけーむ
overcome	おーばーかむ	
owls	あうるず	
painted	ぺいんてぃっど	ぺーんてぃっど
paris	ぱりす	
park	ぱーく	
part	ぱーと	
parts	ぱーつ	
party	ぱーてぃー	
passed	ぱすと	
pay	ぺい	ぺー
pen	ぺん	
pencil	ぺんしる	
pens	ぺんず	
people	ぴーぷる	
permitting	ぱーみってぃんぐ	
pets	ぺっつ	
phone	ふぉーん	ふぉうん
photo	ふぉーとー	ふぉうとう,ふぉと
pick	ぴっく	
picture	ぴくちゃー	
pictures	ぴくちゃーず	
pilot	ぱいろっと	
place	ぷれいす	ぷれーす
places	ぷれいしず	ぷれーしず
plan	ぷらん	
plans	ぷらんず	
play	ぷれい	ぷれー
players	ぷれいやーず	ぷれーやーず
playing	ぷれいいんぐ	ぷれーいんぐ
plays	ぷれいず	ぷれーず
please	ぷりーず	
pleased	ぷりーずど	
pool	ぷーる	
popular	ぽぴゅらー	
possible	ぽっしぶる	
practice	ぷらくてぃす	
practices	ぷらくてぃしず	
prefer	ぷりふぁー	
present	ぷれぜんと	
press	ぷれす	
problem	ぷろぶれむ	
proud	ぷらうど	
puppy	ぱぴー	
put	ぷっと	
quickly	くいっくりー	
quiet	くわいえっと	くわいあっと
quietly	くわいえっとりー	
rain	れいん	れーん
rained	れいんど	れーんど
raining	れいにんぐ	れーにんぐ
rains	れいんず	れーんず
ran	らん	
rang	らんぐ	
rather	らざー	
reach	りーち	
read	りーど	
reading	りーでぃんぐ	
ready	れでぃー	れでぃ
real	りある	
realized	りあらいずど	
reason	りーずん	
regardless	りがーどれす	
regret	りぐれっと	
relaxing	りらくしんぐ	
remember	りめんばー	
repaired	りぺあど	
repairing	りぺありんぐ	
report	りぽーと	
resembles	りぜんぶるず	
responsible	りすぽんしぶる	れすぽんしぶる
result	りざると	
rid	りっど	
ride	らいど	
rise	らいず	
risen	りずん	
road	ろーど	ろうど
roof	るーふ	
room	るーむ	
rose	ろーず	ろうず
round	らうんど	
run	らん	
runner	らんなー	
running	らんにんぐ	らにんぐ
runs	らんず	
ryo	りょう	
said	せっど	
salt	そると	
salty	そるてぃー	
sam	さむ	
same	せいむ	せーむ
sang	さんぐ	
sat	さっと	
saw	そー	
say	せい	せー
saying	せいいんぐ	せーいんぐ
school	すくーる	
science	さいえんす	
sea	しー	
season	しーずん	
seasons	しーずんず	
seat	しーと	
second	せかんど	
see	しー	
seeing	しーいんぐ	
seek	しーく	
seems	しーむず	
seen	しーん	
send	せんど	
senior	しにあー	
sent	せんと	
seven	せぶん	
she	しー	
shop	しょっぷ	
should	しゅっど	
show	しょー	しょう
shower	しゃわー	
shown	しょーん	しょうん
sick	しっく	
simply	しんぷりー	
since	しんす	
sing	しんぐ	
singer	しんがー	
singing	しんぎんぐ	
sings	しんぐず	
sister	しすたー	
sisters	しすたーず	
sitting	しってぃんぐ	
six	しっくす	
size	さいず	
sky	すかい	
sleep	すりーぷ	
sleeping	すりーぴんぐ	
slept	すれぷと	
slowly	すろーりー	すろうりー
smiled	すまいるど	
snacks	すなっくす	
snow	すのー	すのう
snowed	すのーど	すのうど
snowman	すのーまん	すのうまん
so	そー	そう
soccer	さっかー	
sold	そーるど	そうるど
some	さむ	
someone	さむわん	
something	さむしんぐ	
son	さん	
song	そんぐ	
soon	すーん	
sooner	すーなー	
sorry	そーりー	
sought	そーと	
soup	すーぷ	
soybeans	そいびーんず	
speak	すぴーく	
speaking	すぴーきんぐ	
spicy	すぱいしー	
spite	すぱいと	
spoke	すぽーく	すぽうく
spoken	すぽーくん	すぽうくん
sport	すぽーと	
spread	すぷれっど	
spring	すぷりんぐ	
stage	すていじ	すてーじ
stars	すたーず	
start	すたーと	
started	すたーてぃっど	
station	すていしょん	すてーしょん
stay	すてい	すてー
stayed	すていど	すてーど
stop	すとっぷ	
stopped	すとっぷと	
stops	すとっぷす	
story	すとーりー	
street	すとりーと	
strictly	すとりくとりー	
strike	すとらいく	
struck	すとらっく	
student	すちゅーでんと	
students	すちゅーでんつ	すとぅーでんつ
studying	すたでぃいんぐ	
subject	さぶじぇくと	
such	さっち	
suddenly	さどぅんりー	さどんりー
summer	さまー	
sun	さん	
sunday	さんでい	さんでー
sunny	さにー	
superior	すーぴりあー	
suppose	さぽーず	
surprised	さぷらいずど	
swam	すわむ	
sweeter	すいーたー	
sweets	すいーつ	
swim	すいむ	すうぃむ
swimming	すいみんぐ	
swum	すわむ	
take	ていく	てーく
taken	ていくん	てーくん
takes	ていくす	てーくす
taking	ていきんぐ	てーきんぐ
talk	とーく	
talking	とーきんぐ	
talks	とーくす	
tall	とーる	
taller	とーらー	
tallest	とーれすと	
taught	とーと	
tea	てぃー	
teach	てぃーち	
teacher	てぃーちゃー	
team	てぃーむ	
tear	てあ	
tell	てる	
telling	てりんぐ	
temples	てんぷるず	
ten	てん	
tennis	てにす	
terms	たーむず	
text	てきすと	
than	ざん	
thank	さんく	
that	ざっと	
the	ざ	
then	ぜん	
there	ぜあ	
these	でぃーず	
thing	しんぐ	
things	しんぐず	
think	しんく	
thinking	しんきんぐ	
this	でぃす	
those	ぞーず	ぞうず
thought	そーと	
three	すりー	
threw	するー	
throw	すろー	すろう
thrown	すろーん	すろうん
tickets	てぃけっつ	ちけっつ
time	たいむ	
times	たいむず	
tired	たいあーど	たいやーど,たいあど
tiring	たいありんぐ	
title	たいとる	
to	とぅー	
today	とぅでい	とぅでー
tokyo	とうきょう	
told	とーるど	とうるど
tom	とむ	
tom's	とむず	
tomato	とめいとー	とまと
tomorrow	とぅもろー	とぅもろう
tonight	とぅないと	
too	とぅー	とぅ
took	とぅっく	
tore	とあ	
torn	とーん	
tourist	つーりすと	とぅありすと
tower	たわー	
town	たうん	
train	とれいん	とれーん
tree	つりー	とぅりー
tried	とらいど	
trip	とりっぷ	
try	とらい	
turn	たーん	
tv	てぃーびー	
twice	とぅわいす	
two	とぅー	つー,とぅ
umbrella	あんぶれら	
uncle	あんくる	
under	あんだー	
undergo	あんだーごー	あんだーごう
undergone	あんだーごーん	
understand	あんだすたんど	あんだーすたんど
understood	あんだすとぅっど	あんだーすとぅっど
underwent	あんだーうぇんと	
unless	あんれす	
until	あんてぃる	
up	あっぷ	
us	あす	
use	ゆーず	
used	ゆーずど	
usually	ゆーじゅあり	ゆーじゅありー
vacation	べけーしょん	ばけーしょん
very	べりー	
view	びゅー	
violin	ばいおりん	
visit	びじっと	
visited	びじてぃっど	
visiting	びじてぃんぐ	
wait	うぇいと	うぇーと
waiting	うぇいてぃんぐ	うぇーてぃんぐ
wake	うぇいく	うぇーく
walk	うぉーく	
walked	うぉーくと	
walking	うぉーきんぐ	
walks	うぉーくす	
want	うぉんと	わんと
wants	うぉんつ	
warm	うぉーむ	
warmer	うぉーまー	
was	わず	
wash	うぉっしゅ	わっしゅ
washing	うぉっしんぐ	
watch	うぉっち	
watched	うぉっちと	
water	うぉーたー	わーたー,うぉーた
way	うぇい	うぇー
we	うぃー	
we'll	うぃーる	
weather	うぇざー	
week	うぃーく	
well	うぇる	
went	うぇんと	
were	わー	
weren't	わーんと	
what	わっと	
whatever	わっとえばー	
when	うぇん	
whenever	うぇねばー	
where	うぇあ	
wherever	うぇあえばー	
which	うぃっち	
whichever	うぃっちえばー	
while	わいる	ほわいる
white	わいと	ほわいと
who	ふー	
whoever	ふーえばー	
whole	ほーる	ほうる
whom	ふーむ	
whose	ふーず	
why	わい	
will	うぃる	
wind	うぃんど	
window	うぃんどー	うぃんどう
wings	うぃんぐず	
wise	わいず	
wish	うぃっしゅ	
with	うぃず	
withdraw	うぃずどろー	
withdrawn	うぃずどろーん	
withdrew	うぃずどるー	
without	うぃざうと	
woman	うーまん	
won	わん	
wonder	わんだー	
wood	うっど	
words	わーず	
work	わーく	
world	わーるど	
worse	わーす	
worth	わーす	
would	うっど	
wouldn't	うっどんと	
wound	わうんど	
write	らいと	
written	りとぅん	
wrote	ろーと	ろうと
yard	やーど	
year	いやー	いあー
years	いやーず	
yesterday	いえすたでい	いえすたでー
yet	いぇっと	
you	ゆー	ゆう
you'll	ゆーる	
youngest	やんげすと	
your	ゆあ	
yours	ゆあーず	
yuka	ゆか	
yumi	ゆみ	
yuta	ゆうた	
zoo	ずー	
