en-engine	エンジン	えんじん	1
en-piston	ピストン	ぴすとん	1
en-cylinder	シリンダー	しりんだー	1
en-crankshaft	クランクシャフト	くらんくしゃふと	1
en-sparkplug	点火プラグ	てんかぷらぐ	1
en-gasoline	ガソリン	がそりん	1
en-engineoil	エンジンオイル	えんじんおいる	1
en-radiator	ラジエーター	らじえーたー	1
en-muffler	マフラー	まふらー	1
en-fueltank	燃料タンク	ねんりょうたんく	1
en-aircleaner	エアクリーナー	えあくりーなー	1
en-coolant	クーラント	くーらんと	1
en-turbo	ターボ	たーぼ	1
en-diesel	ディーゼルエンジン	でぃーぜるえんじん	1
en-valve	バルブ	ばるぶ	1
en-exhaustgas	排気ガス	はいきがす	1
en-overheat	オーバーヒート	おーばーひーと	1
en-injector	インジェクター	いんじぇくたー	1
en-fourstroke	4サイクル	よんさいくる	1
en-coolingfan	冷却ファン	れいきゃくふぁん	1
en-intakestroke	吸気行程	きゅうきこうてい	2
en-compressionstroke	圧縮行程	あっしゅくこうてい	2
en-combustionstroke	燃焼行程	ねんしょうこうてい	2
en-exhauststroke	排気行程	はいきこうてい	2
en-camshaft	カムシャフト	かむしゃふと	2
en-thermostat	サーモスタット	さーもすたっと	2
en-waterpump	ウォーターポンプ	うぉーたーぽんぷ	2
en-oilpump	オイルポンプ	おいるぽんぷ	2
en-oilfilter	オイルフィルター	おいるふぃるたー	2
en-fuelpump	燃料ポンプ	ねんりょうぽんぷ	2
en-ignitioncoil	イグニッションコイル	いぐにっしょんこいる	2
en-threewaycatalyst	三元触媒	さんげんしょくばい	2
en-pistonring	ピストンリング	ぴすとんりんぐ	2
en-conrod	コンロッド	こんろっど	2
en-cylinderhead	シリンダーヘッド	しりんだーへっど	2
en-throttle	スロットルバルブ	すろっとるばるぶ	2
en-intakemanifold	インテークマニホールド	いんてーくまにほーるど	2
en-exhaustmanifold	エキゾーストマニホールド	えきぞーすとまにほーるど	2
en-timingbelt	タイミングベルト	たいみんぐべると	2
en-glowplug	グロープラグ	ぐろーぷらぐ	2
en-compressionratio	圧縮比	あっしゅくひ	3
en-commonrail	コモンレール	こもんれーる	3
en-intercooler	インタークーラー	いんたーくーらー	3
en-wastegate	ウェイストゲートバルブ	うぇいすとげーとばるぶ	3
en-knocking	ノッキング	のっきんぐ	3
en-vvt	可変バルブタイミング	かへんばるぶたいみんぐ	3
en-valveclearance	バルブクリアランス	ばるぶくりあらんす	3
en-egr	EGR	いーじーあーる	3
en-dpf	DPF	でぃーぴーえふ	3
en-ureascr	尿素SCR	にょうそえすしーあーる	3
en-blowby	ブローバイガス	ぶろーばいがす	3
en-flywheel	フライホイール	ふらいほいーる	3
en-dohc	DOHC	でぃーおーえいちしー	3
en-valveoverlap	バルブオーバーラップ	ばるぶおーばーらっぷ	3
en-displacement	総排気量	そうはいきりょう	3
en-oilstrainer	オイルストレーナー	おいるすとれーなー	3
en-pressurecap	ラジエーターキャップ	らじえーたーきゃっぷ	3
en-ignitiontiming	点火時期	てんかじき	3
en-stoichiometric	理論空燃比	りろんくうねんひ	3
en-supercharger	スーパーチャージャー	すーぱーちゃーじゃー	3
ch-tire	タイヤ	たいや	1
ch-wheel	ホイール	ほいーる	1
ch-steeringwheel	ハンドル	はんどる	1
ch-suspension	サスペンション	さすぺんしょん	1
ch-coilspring	コイルスプリング	こいるすぷりんぐ	1
ch-shockabsorber	ショックアブソーバー	しょっくあぶそーばー	1
ch-transmission	トランスミッション	とらんすみっしょん	1
ch-mt	MT	えむてぃー	1
ch-at	AT	えーてぃー	1
ch-clutch	クラッチ	くらっち	1
ch-body	ボディ	ぼでぃ	1
ch-frame	フレーム	ふれーむ	1
ch-tiregroove	タイヤの溝	たいやのみぞ	1
ch-airpressure	空気圧	くうきあつ	1
ch-fourwd	四輪駆動	よんりんくどう	1
ch-ff	FF	えふえふ	1
ch-fr	FR	えふあーる	1
ch-shiftlever	シフトレバー	しふとればー	1
ch-sparetire	スペアタイヤ	すぺあたいや	1
ch-bumper	バンパー	ばんぱー	1
ch-cvt	CVT	しーぶいてぃー	2
ch-differential	ディファレンシャル	でぃふぁれんしゃる	2
ch-driveshaft	ドライブシャフト	どらいぶしゃふと	2
ch-propshaft	プロペラシャフト	ぷろぺらしゃふと	2
ch-powersteering	パワーステアリング	ぱわーすてありんぐ	2
ch-eps	電動パワーステアリング	でんどうぱわーすてありんぐ	2
ch-rackpinion	ラックアンドピニオン	らっくあんどぴにおん	2
ch-tierod	タイロッド	たいろっど	2
ch-alignment	ホイールアライメント	ほいーるあらいめんと	2
ch-toein	トーイン	とーいん	2
ch-camber	キャンバー	きゃんばー	2
ch-caster	キャスター	きゃすたー	2
ch-torqueconverter	トルクコンバーター	とるくこんばーたー	2
ch-stabilizer	スタビライザー	すたびらいざー	2
ch-leafspring	リーフスプリング	りーふすぷりんぐ	2
ch-cvjoint	等速ジョイント	とうそくじょいんと	2
ch-hubbearing	ハブベアリング	はぶべありんぐ	2
ch-tirerotation	タイヤローテーション	たいやろーてーしょん	2
ch-monocoque	モノコックボディ	ものこっくぼでぃ	2
ch-gearratio	変速比	へんそくひ	2
ch-kingpin	キングピン傾角	きんぐぴんけいかく	3
ch-planetary	遊星歯車	ゆうせいはぐるま	3
ch-synchromesh	シンクロメッシュ	しんくろめっしゅ	3
ch-lsd	LSD	えるえすでぃー	3
ch-centerdiff	センターデフ	せんたーでふ	3
ch-viscous	ビスカスカップリング	びすかすかっぷりんぐ	3
ch-finalreduction	最終減速比	さいしゅうげんそくひ	3
ch-strut	ストラット式	すとらっとしき	3
ch-doublewishbone	ダブルウィッシュボーン式	だぶるうぃっしゅぼーんしき	3
ch-torsionbeam	トーションビーム式	とーしょんびーむしき	3
ch-rigidaxle	車軸懸架式	しゃじくけんかしき	3
ch-independent	独立懸架式	どくりつけんかしき	3
ch-hypoid	ハイポイドギヤ	はいぽいどぎや	3
ch-ackermann	アッカーマン式	あっかーまんしき	3
ch-lockup	ロックアップクラッチ	ろっくあっぷくらっち	3
ch-dct	DCT	でぃーしーてぃー	3
ch-crushablezone	クラッシャブルゾーン	くらっしゃぶるぞーん	3
ch-balljoint	ボールジョイント	ぼーるじょいんと	3
ch-hydroplaning	ハイドロプレーニング現象	はいどろぷれーにんぐげんしょう	3
ch-standingwave	スタンディングウェーブ現象	すたんでぃんぐうぇーぶげんしょう	3
br-brake	ブレーキ	ぶれーき	1
br-pedal	ブレーキペダル	ぶれーきぺだる	1
br-disc	ディスクブレーキ	でぃすくぶれーき	1
br-pad	ブレーキパッド	ぶれーきぱっど	1
br-drum	ドラムブレーキ	どらむぶれーき	1
br-parking	パーキングブレーキ	ぱーきんぐぶれーき	1
br-fluid	ブレーキフルード	ぶれーきふるーど	1
br-abs	ABS	えーびーえす	1
br-rotor	ディスクローター	でぃすくろーたー	1
br-caliper	キャリパー	きゃりぱー	1
br-shoe	ブレーキシュー	ぶれーきしゅー	1
br-lamp	ブレーキランプ	ぶれーきらんぷ	1
br-enginebrake	エンジンブレーキ	えんじんぶれーき	1
br-hose	ブレーキホース	ぶれーきほーす	1
br-friction	摩擦	まさつ	1
br-footbrake	フットブレーキ	ふっとぶれーき	1
br-autobrake	自動ブレーキ	じどうぶれーき	1
br-squeal	ブレーキ鳴き	ぶれーきなき	1
br-stopdist	停止距離	ていしきょり	1
br-dust	ブレーキダスト	ぶれーきだすと	1
br-master	マスターシリンダー	ますたーしりんだー	2
br-booster	倍力装置	ばいりょくそうち	2
br-wheelcyl	ホイールシリンダー	ほいーるしりんだー	2
br-vapor	ベーパーロック	べーぱーろっく	2
br-fade	フェード現象	ふぇーどげんしょう	2
br-pascal	パスカルの原理	ぱすかるのげんり	2
br-reservoir	ブレーキリザーバー	ぶれーきりざーばー	2
br-pipe	ブレーキパイプ	ぶれーきぱいぷ	2
br-cpiston	キャリパーピストン	きゃりぱーぴすとん	2
br-wearind	パッドウェアインジケーター	ぱっどうぇあいんじけーたー	2
br-hygro	吸湿性	きゅうしつせい	2
br-seidou	制動距離	せいどうきょり	2
br-venti	ベンチレーテッドディスク	べんちれーてっどでぃすく	2
br-retspring	リターンスプリング	りたーんすぷりんぐ	2
br-pedalplay	ペダルの遊び	ぺだるのあそび	2
br-drag	ブレーキの引きずり	ぶれーきのひきずり	2
br-lining	ブレーキライニング	ぶれーきらいにんぐ	2
br-hydraulic	油圧式ブレーキ	ゆあつしきぶれーき	2
br-air	エアかみ	えあかみ	2
br-pcable	パーキングブレーキケーブル	ぱーきんぐぶれーきけーぶる	2
br-kuusou	空走距離	くうそうきょり	3
br-esc	横すべり防止装置	よこすべりぼうしそうち	3
br-wheelspeed	車輪速センサー	しゃりんそくせんさー	3
br-absact	ABSアクチュエーター	えーびーえすあくちゅえーたー	3
br-tandem	タンデムマスターシリンダー	たんでむますたーしりんだー	3
br-dual	2系統ブレーキ	にけいとうぶれーき	3
br-xpipe	X配管	えっくすはいかん	3
br-vacbooster	真空式倍力装置	しんくうしきばいりょくそうち	3
br-pvalve	プロポーショニングバルブ	ぷろぽーしょにんぐばるぶ	3
br-ebd	EBD	いーびーでぃー	3
br-slip	スリップ率	すりっぷりつ	3
br-selfservo	自己倍力作用	じこばいりょくさよう	3
br-leadtrail	リーディングトレーリング式	りーでぃんぐとれーりんぐしき	3
br-autoadj	オートアジャスター	おーとあじゃすたー	3
br-floating	フローティングキャリパー	ふろーてぃんぐきゃりぱー	3
br-opposed	対向ピストンキャリパー	たいこうぴすとんきゃりぱー	3
br-pistonseal	ピストンシール	ぴすとんしーる	3
br-dot	DOT規格	どっときかく	3
br-epb	電動パーキングブレーキ	でんどうぱーきんぐぶれーき	3
br-brakeassist	ブレーキアシスト	ぶれーきあしすと	3
el-battery	バッテリー	ばってりー	1
el-alternator	オルタネーター	おるたねーたー	1
el-starter	スターター	すたーたー	1
el-fuse	ヒューズ	ひゅーず	1
el-headlamp	ヘッドランプ	へっどらんぷ	1
el-turn	ウインカー	ういんかー	1
el-hybrid	ハイブリッド車	はいぶりっどしゃ	1
el-ev	電気自動車	でんきじどうしゃ	1
el-motor	モーター	もーたー	1
el-charge	充電	じゅうでん	1
el-ecu	ECU	いーしーゆー	1
el-wiring	配線	はいせん	1
el-horn	ホーン	ほーん	1
el-regen	回生ブレーキ	かいせいぶれーき	1
el-sensor	センサー	せんさー	1
el-camera	前方カメラ	ぜんぽうかめら	1
el-hv	高電圧	こうでんあつ	1
el-hazard	ハザードランプ	はざーどらんぷ	1
el-warning	警告灯	けいこくとう	1
el-tail	テールランプ	てーるらんぷ	1
el-relay	リレー	りれー	2
el-ground	アース	あーす	2
el-voltdrop	電圧降下	でんあつこうか	2
el-power	消費電力	しょうひでんりょく	2
el-resistance	抵抗	ていこう	2
el-short	ショート	しょーと	2
el-harness	ワイヤーハーネス	わいやーはーねす	2
el-connector	コネクター	こねくたー	2
el-o2	O2センサー	おーつーせんさー	2
el-knock	ノックセンサー	のっくせんさー	2
el-watertemp	水温センサー	すいおんせんさー	2
el-tps	スロットルポジションセンサー	すろっとるぽじしょんせんさー	2
el-crankangle	クランク角センサー	くらんくかくせんさー	2
el-afm	エアフローメーター	えあふろーめーたー	2
el-regulator	ICレギュレーター	あいしーれぎゅれーたー	2
el-diode	ダイオード	だいおーど	2
el-electrolyte	電解液	でんかいえき	2
el-gravity	比重	ひじゅう	2
el-obd	OBD	おーびーでぃー	2
el-dtc	故障コード	こしょうこーど	2
el-can	CAN通信	きゃんつうしん	3
el-inverter	インバーター	いんばーたー	3
el-dcdc	DC-DCコンバーター	でぃーしーでぃーしーこんばーたー	3
el-hvbattery	駆動用バッテリー	くどうようばってりー	3
el-hvcable	高電圧ケーブル	こうでんあつけーぶる	3
el-pmmotor	永久磁石式同期モーター	えいきゅうじしゃくしきどうきもーたー	3
el-radar	ミリ波レーダー	みりはれーだー	3
el-ultrasonic	超音波センサー	ちょうおんぱせんさー	3
el-darkcurrent	暗電流	あんでんりゅう	3
el-sulfation	サルフェーション	さるふぇーしょん	3
el-magswitch	マグネットスイッチ	まぐねっとすいっち	3
el-overrun	オーバーランニングクラッチ	おーばーらんにんぐくらっち	3
el-idlestop	アイドリングストップ	あいどりんぐすとっぷ	3
el-plugin	プラグインハイブリッド	ぷらぐいんはいぶりっど	3
el-quickcharge	急速充電	きゅうそくじゅうでん	3
el-soc	SOC	えすおーしー	3
el-stator	ステーターコイル	すてーたーこいる	3
el-freeze	フリーズフレームデータ	ふりーずふれーむでーた	3
el-afsensor	A/Fセンサー	えーえふせんさー	3
el-insulation	絶縁	ぜつえん	3
bk-frontfork	フロントフォーク	ふろんとふぉーく	1
bk-chain	ドライブチェーン	どらいぶちぇーん	1
bk-sprocket	スプロケット	すぷろけっと	1
bk-swingarm	スイングアーム	すいんぐあーむ	1
bk-clutchlever	クラッチレバー	くらっちればー	1
bk-shiftpedal	シフトペダル	しふとぺだる	1
bk-throttlegrip	スロットルグリップ	すろっとるぐりっぷ	1
bk-kickstarter	キックスターター	きっくすたーたー	1
bk-centerstand	センタースタンド	せんたーすたんど	1
bk-sidestand	サイドスタンド	さいどすたんど	1
bk-cowl	カウル	かうる	1
bk-step	ステップ	すてっぷ	1
bk-handlebar	ハンドルバー	はんどるばー	1
bk-brakelever	ブレーキレバー	ぶれーきればー	1
bk-rearbrakepedal	リヤブレーキペダル	りやぶれーきぺだる	1
bk-aircooled	空冷	くうれい	1
bk-twostroke	2ストローク	つーすとろーく	1
bk-scooter	スクーター	すくーたー	1
bk-rearsus	リヤサスペンション	りやさすぺんしょん	1
bk-spokewheel	スポークホイール	すぽーくほいーる	1
bk-carburetor	キャブレター	きゃぶれたー	2
bk-singlecyl	単気筒	たんきとう	2
bk-parallel	並列2気筒	へいれつにきとう	2
bk-vtwin	V型2気筒	ぶいがたにきとう	2
bk-topbridge	トップブリッジ	とっぷぶりっじ	2
bk-underbracket	アンダーブラケット	あんだーぶらけっと	2
bk-invertedfork	倒立フォーク	とうりつふぉーく	2
bk-forkoil	フォークオイル	ふぉーくおいる	2
bk-chainslack	チェーンのたるみ	ちぇーんのたるみ	2
bk-chainadjuster	チェーンアジャスター	ちぇーんあじゃすたー	2
bk-chamber	チャンバー	ちゃんばー	2
bk-twostrokeoil	2ストオイル	つーすとおいる	2
bk-choke	チョーク	ちょーく	2
bk-fuelcock	燃料コック	ねんりょうこっく	2
bk-neutrallamp	ニュートラルランプ	にゅーとらるらんぷ	2
bk-killswitch	キルスイッチ	きるすいっち	2
bk-wetclutch	湿式多板クラッチ	しっしきたばんくらっち	2
bk-returnshift	リターン式	りたーんしき	2
bk-centrifugal	遠心クラッチ	えんしんくらっち	2
bk-shaftdrive	シャフトドライブ	しゃふとどらいぶ	2
bk-steeringstem	ステアリングステム	すてありんぐすてむ	3
bk-trail	トレール	とれーる	3
bk-steeringdamper	ステアリングダンパー	すてありんぐだんぱー	3
bk-linksus	リンク式サスペンション	りんくしきさすぺんしょん	3
bk-pivot	ピボット	ぴぼっと	3
bk-hubdamper	ハブダンパー	はぶだんぱー	3
bk-sealchain	シールチェーン	しーるちぇーん	3
bk-primaryreduction	一次減速	いちじげんそく	3
bk-secondaryreduction	二次減速	にじげんそく	3
bk-reedvalve	リードバルブ	りーどばるぶ	3
bk-scavengingport	掃気ポート	そうきぽーと	3
bk-bunrikyuyu	分離給油	ぶんりきゅうゆ	3
bk-mainjet	メインジェット	めいんじぇっと	3
bk-float	フロート	ふろーと	3
bk-decomp	デコンプ	でこんぷ	3
bk-cdi	CDI	しーでぃーあい	3
bk-sidestandswitch	サイドスタンドスイッチ	さいどすたんどすいっち	3
bk-cbs	前後連動ブレーキ	ぜんごれんどうぶれーき	3
bk-vbelt	Vベルト	ぶいべると	3
bk-doublecradle	ダブルクレードルフレーム	だぶるくれーどるふれーむ	3
tl-spanner	スパナ	すぱな	1
tl-megane	メガネレンチ	めがねれんち	1
tl-socket	ソケットレンチ	そけっとれんち	1
tl-driver	ドライバー	どらいばー	1
tl-plier	プライヤー	ぷらいやー	1
tl-hammer	ハンマー	はんまー	1
tl-hexwrench	六角レンチ	ろっかくれんち	1
tl-jack	ジャッキ	じゃっき	1
tl-lift	リフト	りふと	1
tl-uma	ウマ	うま	1
tl-wheelstop	輪止め	わどめ	1
tl-tiregauge	タイヤゲージ	たいやげーじ	1
tl-dailyinspect	日常点検	にちじょうてんけん	1
tl-shaken	車検	しゃけん	1
tl-grease	グリス	ぐりす	1
tl-washerfluid	ウォッシャー液	うぉっしゃーえき	1
tl-safetyshoes	安全靴	あんぜんぐつ	1
tl-gloves	作業用手袋	さぎょうようてぶくろ	1
tl-mechanic	整備士	せいびし	1
tl-migineji	右ねじ	みぎねじ	1
tl-torquewrench	トルクレンチ	とるくれんち	2
tl-ratchet	ラチェットハンドル	らちぇっとはんどる	2
tl-impact	インパクトレンチ	いんぱくとれんち	2
tl-nogisu	ノギス	のぎす	2
tl-tester	サーキットテスター	さーきっとてすたー	2
tl-thickness	シックネスゲージ	しっくねすげーじ	2
tl-floorjack	フロアジャッキ	ふろあじゃっき	2
tl-teikitenken	定期点検	ていきてんけん	2
tl-hoankijun	保安基準	ほあんきじゅん	2
tl-dorounsou	道路運送車両法	どうろうんそうしゃりょうほう	2
tl-ninsho	認証工場	にんしょうこうじょう	2
tl-kirokubo	整備記録簿	せいびきろくぼ	2
tl-shakensho	車検証	しゃけんしょう	2
tl-jibaiseki	自賠責保険	じばいせきほけん	2
tl-newtonmeter	ニュートンメートル	にゅーとんめーとる	2
tl-kilopascal	キロパスカル	きろぱすかる	2
tl-haiyu	廃油	はいゆ	2
tl-fuseikaizo	不正改造	ふせいかいぞう	2
tl-partscleaner	パーツクリーナー	ぱーつくりーなー	2
tl-kanki	換気	かんき	2
tl-micrometer	マイクロメーター	まいくろめーたー	3
tl-dialgauge	ダイヤルゲージ	だいやるげーじ	3
tl-cylindergauge	シリンダーゲージ	しりんだーげーじ	3
tl-straightedge	ストレートエッジ	すとれーとえっじ	3
tl-compressiongauge	コンプレッションゲージ	こんぷれっしょんげーじ	3
tl-scantool	スキャンツール	すきゃんつーる	3
tl-sideslip	サイドスリップテスター	さいどすりっぷてすたー	3
tl-braketester	ブレーキテスター	ぶれーきてすたー	3
tl-headlighttester	ヘッドライトテスター	へっどらいとてすたー	3
tl-speedtester	スピードメーターテスター	すぴーどめーたーてすたー	3
tl-shitei	指定工場	していこうじょう	3
tl-kensain	自動車検査員	じどうしゃけんさいん	3
tl-hotekisho	保安基準適合証	ほあんきじゅんてきごうしょう	3
tl-keizoku	継続検査	けいぞくけんさ	3
tl-kensahyosho	検査標章	けんさひょうしょう	3
tl-tokuteiseibi	特定整備	とくていせいび	3
tl-seibimeirei	整備命令	せいびめいれい	3
tl-pitch	ピッチ	ぴっち	3
tl-shiyogendo	使用限度	しようげんど	3
tl-zetsuen	絶縁手袋	ぜつえんてぶくろ	3