# からだ。key	名前	分類	よみ	絵文字	解説	地図(front|head|cell)	x	y	Wikipedia題名	はじめのレベル(1か空)
bonskull	頭がい骨	骨	ずがいこつ	🦴	脳を守る頭の骨。ひとつの骨に見えるが、じつは20個以上の骨がぬい目のように組み合わさってできている。	front	0.50	0.04	頭蓋骨	1
bonjaw	下あごの骨	骨	したあごのほね	🦴	頭の骨の中でただひとつ動く骨。かむ・話すときに動き、下の歯がならぶ。医学では下顎骨(かがくこつ)という。	front	0.50	0.135	下顎骨	
boncervical	首の骨	骨	くびのほね	🦴	背骨のいちばん上の7個の骨(頸椎)。重い頭をささえ、首をまわせるようにしている。キリンの首の骨も同じ7個。	front	0.50	0.185	頸椎	
bonclavicle	さ骨	骨	さこつ	🦴	首のつけ根から肩へのびる細長い骨。胸骨とけんこう骨をつなぎ、うでを体の前後左右に動かせるようにささえている。	front	0.40	0.21	鎖骨	
bonscapula	けんこう骨	骨	けんこうこつ	🦴	背中の上の方にある三角形の平たい骨。上腕骨と肩関節をつくり、うでをぐるぐる大きく回せるのはこの骨のおかげ。	front	0.62	0.23	肩甲骨	
bonsternum	胸骨	骨	きょうこつ	🦴	胸のまん中にあるネクタイのような形の骨。左右のろっ骨とさ骨がつながり、心臓や肺を前から守っている。	front	0.50	0.245	胸骨	
bonribs	ろっ骨	骨	ろっこつ	🦴	胸をかごのように囲む左右12対、合わせて24本の骨。心臓と肺を守り、息をするときに広がったりちぢんだりする。	front	0.36	0.28	肋骨	1
bonspine	背骨	骨	せぼね	🦴	首から腰まで、小さな骨(椎骨)が約30個つみ重なってできた体の柱。中を通るせきずいを守り、S字にカーブしている。	front	0.50	0.325	脊椎	1
bonlumbar	腰の骨	骨	こしのほね	🦴	背骨の下の方にある5個の大きな骨(腰椎)。上半身の重さがいちばんかかる場所で、ぎっくり腰はここのけが。	front	0.50	0.52	腰椎	
bonpelvis	骨盤	骨	こつばん	🦴	おなかの下でおわんのような形をした骨。上半身をささえ、内臓を下から受けとめ、足の骨(大腿骨)とつながっている。	front	0.50	0.555	骨盤	
bonsacrum	仙骨	骨	せんこつ	🦴	骨盤のまん中うしろにある逆三角形の骨。5個の骨が大人になるとくっついて1つになり、背骨と骨盤をつないでいる。	front	0.53	0.585	仙骨	
boncoccyx	尾てい骨	骨	びていこつ	🦴	背骨のいちばん下のはし。しっぽのなごりといわれる小さな骨で、しりもちをつくと打ってしまう場所。	front	0.54	0.625	尾骨	
bonhumerus	上腕骨	骨	じょうわんこつ	🦴	肩からひじまでの二の腕の骨。1本の長い骨で、上は肩関節、下はひじ関節をつくる。うでの骨の中でいちばん太い。	front	0.25	0.32	上腕骨	
bonradius	とう骨	骨	とうこつ	🦴	ひじから手首までの前腕にある2本の骨のうち、親指側の骨。手のひらを上下に返すとき、尺骨のまわりを回る。	front	0.175	0.44	橈骨	
bonulna	尺骨	骨	しゃっこつ	🦴	前腕の2本の骨のうち、小指側の骨。ひじを曲げるとひじの先にとび出す「ひじがしら」はこの骨の一部。	front	0.21	0.465	尺骨	
boncarpal	手根骨	骨	しゅこんこつ	🦴	手首にある小さな8個の骨のあつまり。手首をやわらかく曲げたりひねったりできるのは、この骨の組み合わせのおかげ。	front	0.175	0.49	手	
bonmetacarpal	中手骨	骨	ちゅうしゅこつ	🦴	手のひらの中にある5本の骨。手首の手根骨と指の骨をつなぎ、にぎるときに手のひらの形をつくる。	front	0.16	0.525	中手骨	
bonphalanx	指の骨	骨	ゆびのほね	🦴	指をつくる小さな骨(指骨)。親指は2個、ほかの指は3個ずつで、片手で14個。指先の細かい動きはこの骨と筋肉のおかげ。	front	0.15	0.555	指骨	
bonfemur	大腿骨	骨	だいたいこつ	🦴	太ももにある、体の中でいちばん長くて太い骨。身長の約4分の1の長さがあり、上は骨盤、下はひざにつながる。	front	0.42	0.65	大腿骨	
bonpatella	ひざの皿	骨	ひざのさら	🦴	ひざの前にある丸い骨(しつがい骨)。太ももの筋肉のけんの中にうまっていて、ひざを守りながら足をのばす力を強くする。	front	0.42	0.74	膝蓋骨	
bontibia	けい骨	骨	けいこつ	🦴	すねの内側にある太い骨。体重をささえる大切な骨で、ぶつけると「弁慶の泣きどころ」と言われるほどいたい。	front	0.43	0.83	脛骨	
bonfibula	ひ骨	骨	ひこつ	🦴	すねの外側にあるけい骨より細い骨。体重はあまりささえず、足首の外くるぶしをつくり、筋肉のつけ根になる。	front	0.39	0.85	腓骨	
bontarsal	足根骨	骨	そっこんこつ	🦴	足首からかかとにかけての7個の骨。体重を受けとめ、足のアーチ(土ふまず)のうしろ半分をつくる。	front	0.42	0.94	足	
bonmetatarsal	中足骨	骨	ちゅうそくこつ	🦴	足のこうにある5本の長い骨。土ふまずのアーチをつくり、走るときやジャンプするときに地面をける力をつたえる。	front	0.45	0.95	中足骨	
boncalcaneus	かかとの骨	骨	かかとのほね	🦴	足の骨の中でいちばん大きい骨(しょう骨)。歩くとき最初に地面につき、うしろにはアキレスけんがついている。	front	0.39	0.955	踵骨	
bonbone	骨	骨	ほね	🦴	体をささえ、脳や心臓を守り、筋肉といっしょに体を動かす。大人の体には約206個。中の骨ずいでは血液もつくられる。	front	0.63	0.665	骨	1
bonjoint	関節	関節	かんせつ	🦴	骨と骨のつなぎ目。ひじやひざのように曲がる場所で、骨のはしは軟骨でおおわれ、関節液でなめらかに動く。	front	0.58	0.74	関節	1
boncartilage	軟骨	関節	なんこつ	🦴	関節の骨のはしや、耳・鼻をつくるやわらかい骨。クッションのように骨どうしのぶつかりをやわらげている。	front	0.58	0.79	軟骨	
bonligament	じん帯	関節	じんたい	🦴	関節で骨と骨をつなぐじょうぶなひも。関節がぬけたり曲がりすぎたりしないよう守る。ねんざはこのじん帯のけが。	front	0.58	0.70	靭帯	
bonmarrow	骨ずい	骨	こつずい	🩸	骨の中心にあるやわらかい組織。赤血球・白血球・血小板はここでつくられ、1日に約2000億個の赤血球が生まれる。	front	0.40	0.60	骨髄	
bonperiosteum	骨膜	骨	こつまく	🦴	骨の表面をおおう、うすくてじょうぶな膜。血管と神経が通っていて、骨に栄養を送り、骨折した骨を直す。	front	0.40	0.79	骨膜	
bonshoulder	肩関節	関節	かたかんせつ	🦴	上腕骨とけんこう骨でできた関節。体の中でいちばん大きく動く関節で、うでをぐるりと一回転させられる。	front	0.68	0.22	肩関節	
bonelbow	ひじ関節	関節	ひじかんせつ	🦴	上腕骨ととう骨・尺骨でできた関節。ドアのちょうつがいのように一方向に曲げのばしし、うでを回す動きもここで起こる。	front	0.79	0.38	肘関節	
bonwrist	手首の関節	関節	てくびのかんせつ	🦴	前腕の骨と手根骨のあいだの関節。前後左右に曲げられ、手を回す動きと合わせて手を自由に動かせる。	front	0.82	0.50	手関節	
bonhip	股関節	関節	こかんせつ	🦴	骨盤と大腿骨のあいだの関節。ボールが受け皿にはまった形で、体重をささえながら足を前後左右に動かせる。	front	0.58	0.55	股関節	1
bonankle	足首の関節	関節	あしくびのかんせつ	🦴	すねの骨と足根骨のあいだの関節。つま先を上げ下げする動きをし、走る・ジャンプするときに大きな力を受ける。	front	0.56	0.93	足関節	
bondisc	ついかん板	骨	ついかんばん	🦴	背骨の骨と骨のあいだにはさまったクッション。ジャンプの衝撃をやわらげる。これがとび出すとヘルニアという。	front	0.55	0.29	椎間板	
bonskeleton	骨格	骨	こっかく	🦴	体の骨をぜんぶ合わせた体のわく組み。人の骨格は約206個の骨でできていて、体をささえ形をつくる。	front	0.30	0.66	骨格	
boncapsule	関節包	関節	かんせつほう	🦴	関節をふくろのように包む膜。中に関節液が入っていて、油のように骨のすべりをよくしている。	front	0.62	0.75	関節包	
bonthorax	胸郭	骨	きょうかく	🦴	ろっ骨・胸骨・背骨でできた胸のかご。心臓と肺を守り、呼吸のときに広がったりちぢんだりする。	front	0.64	0.27	胸郭	
bongrowthplate	骨端線	骨	こったんせん	🦴	子どもの長い骨の両はしにある軟骨の層。ここで骨がのびて身長が高くなり、大人になると固まって消える。	front	0.39	0.71	骨端軟骨	
boncheek	ほお骨	骨	ほおぼね	🦴	目の下のほおにある骨。顔の横はばをつくり、目を下から守る。笑うと表情筋がこの骨の上を動く。	head	0.25	0.50	頬骨	
bonnasal	鼻骨	骨	びこつ	🦴	鼻のつけ根にある小さな左右一対の骨。鼻の上半分は骨、下半分は軟骨でできていて、ぶつけると折れやすい骨のひとつ。	head	0.50	0.50	鼻骨	
bonhyoid	舌骨	骨	ぜっこつ	🦴	のどにあるU字形の小さな骨。ほかの骨とつながらず筋肉でぶら下がっていて、舌の動きや飲みこみをささえる。	head	0.50	0.86	舌骨	
bonossicle	耳小骨	骨	じしょうこつ	👂	耳のおくにある体でいちばん小さな3つの骨(つち骨・きぬた骨・あぶみ骨)。鼓膜のふるえを大きくして内耳に伝える。	head	0.82	0.42	耳小骨	
musmuscle	筋肉	筋肉	きんにく	💪	ちぢんで骨を動かす体の動力。体には約600個あり、体重の約40%をしめる。関節をはさんで一対で働く。	front	0.75	0.33	筋肉	1
musskeletal	骨格筋	筋肉	こっかくきん	💪	骨についていて体を動かす筋肉。自分の意思で動かせる随意筋で、けんで骨につながる。うでや足の筋肉はみなこれ。	front	0.72	0.27	骨格筋	
mussmooth	平滑筋	筋肉	へいかつきん	💪	胃や腸、血管のかべにある筋肉。自分の意思では動かせず、食べ物を送ったり血管の太さを変えたりする。	front	0.60	0.43	平滑筋	
muscardiac	心筋	筋肉	しんきん	❤️	心臓のかべをつくる筋肉。自分の意思とは関係なく、生まれてから死ぬまで休まずに動きつづける。	front	0.44	0.27	心筋	
musbiceps	上腕二頭筋	筋肉	じょうわんにとうきん	💪	二の腕の前側にある筋肉。ひじを曲げると「力こぶ」になる。上腕三頭筋と反対に働く。	front	0.80	0.29	上腕二頭筋	
mustriceps	上腕三頭筋	筋肉	じょうわんさんとうきん	💪	二の腕のうしろ側にある筋肉。ひじをのばすときに働き、上腕二頭筋と反対の動きをする。	front	0.805	0.335	上腕三頭筋	
musdeltoid	三角筋	筋肉	さんかくきん	💪	肩をおおう三角形の筋肉。うでを横に上げるときに働き、肩の丸い形をつくっている。注射をよくうつ場所でもある。	front	0.71	0.24	三角筋	
muspectoral	大胸筋	筋肉	だいきょうきん	💪	胸をおおう大きな筋肉。うでを前におし出すときに働き、うで立てふせでよくきたえられる。	front	0.58	0.26	大胸筋	
musabs	腹筋	筋肉	ふっきん	💪	おなかの前にある筋肉。上体を起こすときに働き、内臓を守り、せきをするときやおなかに力を入れるときにも使う。	front	0.47	0.40	腹直筋	
musoblique	腹斜筋	筋肉	ふくしゃきん	💪	わき腹をななめに走る筋肉。体をひねったり横に曲げたりするときに働き、腹筋といっしょにおなかを守る。	front	0.60	0.47	外腹斜筋	
musback	背筋	筋肉	はいきん	💪	背中にある筋肉。背骨にそって走り、体を起こしたり、良いしせいをたもったりする。腹筋と反対に働く。	front	0.34	0.36	脊柱起立筋	
mustrapezius	僧帽筋	筋肉	そうぼうきん	💪	首から肩、背中の上をおおうひし形の筋肉。肩をすくめたり、けんこう骨を動かしたりする。肩こりはここの筋肉。	front	0.355	0.215	僧帽筋	
musgluteus	大殿筋	筋肉	だいでんきん	💪	おしりにある体の中でいちばん大きな筋肉。足をうしろにふるときに働き、立つ・走る・階段をのぼる力のもと。	front	0.62	0.54	大殿筋	
musquad	大腿四頭筋	筋肉	だいたいしとうきん	💪	太ももの前側にある4つの筋肉の集まり。ひざをのばすときに働き、キックやジャンプの力を生む。	front	0.60	0.63	大腿四頭筋	
mushamstring	ハムストリング	筋肉	はむすとりんぐ	💪	太もものうしろ側にある筋肉のグループ。ひざを曲げるときに働く。ダッシュで肉ばなれしやすい場所。	front	0.615	0.71	ハムストリング	
muscalf	ふくらはぎの筋肉	筋肉	ふくらはぎのきんにく	💪	すねのうしろのふくらんだ筋肉(ひふく筋)。つま先立ちするときに働き、足の血液を心臓に送りかえすポンプの役目もする。	front	0.61	0.83	腓腹筋	
mustibialis	前けい骨筋	筋肉	ぜんけいこつきん	💪	すねの前側にある筋肉。つま先を上に持ち上げるときに働き、歩くときにつまずかないようにしている。	front	0.56	0.85	前脛骨筋	
musachilles	アキレスけん	筋肉	あきれすけん	🦶	ふくらはぎの筋肉とかかとの骨をつなぐ、体でいちばん太くて強いけん。切れると歩けなくなる。	front	0.62	0.905	アキレス腱	
musdiaphragm	横かくまく	筋肉	おうかくまく	🫁	胸とおなかを分ける、ドームのような形の筋肉。下がると肺がふくらんで息を吸い、上がると息をはく。	front	0.47	0.36	横隔膜	1
mustendon	けん	筋肉	けん	💪	筋肉と骨をつなぐ白くてじょうぶなひも。筋肉がちぢむ力をけんが骨に伝えて、体が動く。	front	0.835	0.415	腱	
musmasseter	咬筋	筋肉	こうきん	🦷	ほおにある、ものをかむための筋肉。体重ほどの強い力でかむことができる、体の中でいちばん力の強い筋肉のひとつ。	head	0.22	0.68	咬筋	
musface	表情筋	筋肉	ひょうじょうきん	😊	顔の皮ふについていて、笑ったりおこったりする表情をつくる筋肉。顔には30種類以上ある。	head	0.30	0.62	表情筋	
musflexor	屈筋	筋肉	くっきん	💪	関節を曲げるときに働く筋肉。うでを曲げる上腕二頭筋がその代表。のばす筋肉(伸筋)と対になって働く。	front	0.795	0.445	屈筋	
musextensor	伸筋	筋肉	しんきん	💪	関節をのばすときに働く筋肉。うでをのばす上腕三頭筋がその代表。屈筋と反対の動きをする。	front	0.825	0.465	伸筋	
mussphincter	括約筋	筋肉	かつやくきん	💪	管や出口をしめる輪の形の筋肉。胃の出口、こう門、ぼうこうの出口などにあり、中身が勝手に出ないようにしている。	front	0.46	0.60	括約筋	
musvoluntary	随意筋	筋肉	ずいいきん	💪	自分の意思で動かせる筋肉。うでや足の骨格筋がこれで、脳からの命令が運動神経を通って伝わると動く。	front	0.25	0.26	随意筋	
musinvoluntary	不随意筋	筋肉	ふずいいきん	💪	自分の意思では動かせない筋肉。心筋や、胃・腸・血管の平滑筋がこれで、自律神経が動かしている。	front	0.20	0.28	不随意筋	
musfiber	筋繊維	筋肉	きんせんい	🔬	筋肉をつくる細長い細胞。1本の太さは髪の毛くらいで、たばになって筋肉をつくる。運動でこれが太くなる。	front	0.28	0.52	筋細胞	
muslat	広背筋	筋肉	こうはいきん	💪	背中の下の方を広くおおう筋肉。うでをうしろや下に引くときに働き、けんすいや水泳で使う。	front	0.34	0.45	広背筋	
musadductor	内転筋	筋肉	ないてんきん	💪	太ももの内側にある筋肉。開いた足を閉じるときに働き、サッカーのインサイドキックで使う。	front	0.535	0.69	大内転筋	
orgmouth	口	臓器(消化)	くち	👄	食べ物の入り口。歯でかみくだき、舌でまぜ、だ液と合わせて飲みこみやすくする。消化はここから始まる。	head	0.50	0.72	口	1
orgteeth	歯	臓器(消化)	は	🦷	食べ物をかみくだく。子どもの乳歯は20本、大人の永久歯は親知らずを入れて32本。体でいちばんかたい。	head	0.50	0.68	歯	1
orgtongue	舌	感覚器	した	👅	口の中にある筋肉のかたまり。食べ物をまぜて飲みこみ、味を感じ、言葉を話すときにも大切な働きをする。	head	0.50	0.78	舌	1
orgsalivary	だ液せん	臓器(消化)	だえきせん	👄	だ液をつくって口の中に出す器官。耳の下、あごの下、舌の下の3つがあり、1日に約1リットルのだ液を出す。	head	0.30	0.70	唾液腺	
orgesophagus	食道	臓器(消化)	しょくどう	🍚	口と胃をつなぐ約25センチの管。筋肉が波のように動く(ぜん動運動)ので、さかさまになっても食べ物は胃へ進む。	front	0.53	0.22	食道	1
orgstomach	胃	臓器(消化)	い	🍚	食べ物を胃液でどろどろにして消化する、ふくろの形をした臓器。強い酸(塩酸)を出し、おもにタンパク質を消化する。	front	0.55	0.40	胃	1
orgsmallint	小腸	臓器(消化)	しょうちょう	🍚	胃につづく長さ約6〜7メートルの管。消化の仕上げをして、栄養分を吸収する。内側はひだとじゅう毛で表面積がとても広い。	front	0.50	0.485	小腸	1
orglargeint	大腸	臓器(消化)	だいちょう	🍚	小腸につづく約1.5メートルの管。おもに水分を吸収して便をつくる。中には多くの腸内細菌がすんでいる。	front	0.375	0.465	大腸	1
orgduodenum	十二指腸	臓器(消化)	じゅうにしちょう	🍚	胃のすぐ下にある小腸の始まりの部分。指12本分の長さから名前がついた。ここに胆汁とすい液が流れこむ。	front	0.46	0.43	十二指腸	
orgliver	かん臓	臓器(消化)	かんぞう	🥩	体の中でいちばん大きな臓器。胆汁をつくり、栄養をたくわえ、アルコールなどの毒を分解する。500以上の仕事をする化学工場。	front	0.42	0.38	肝臓	1
orggallbladder	胆のう	臓器(消化)	たんのう	🍚	かん臓の下にある小さなふくろ。かん臓でつくられた胆汁をためて、こくして、食事のときに十二指腸へ出す。	front	0.39	0.40	胆嚢	
orgpancreas	すい臓	臓器(消化)	すいぞう	🍚	胃のうしろにある細長い臓器。3大栄養素すべてを消化するすい液と、血糖値を下げるインスリンをつくる。	front	0.53	0.45	膵臓	1
orgrectum	直腸	臓器(消化)	ちょくちょう	🍚	大腸の最後の部分でこう門につながる。便がここにたまると、脳に「トイレに行きたい」という信号が送られる。	front	0.55	0.53	直腸	
organus	こう門	臓器(消化)	こうもん	🍚	消化管の出口。便を体の外へ出す。まわりを括約筋がとりまき、ふだんはしっかり閉じている。	front	0.46	0.64	肛門	
orgappendix	虫垂	臓器(消化)	ちゅうすい	🍚	大腸の始まり(盲腸)からたれ下がる細い管。ここが炎症を起こすのが「もうちょう」の病気で、正しくは虫垂炎という。	front	0.37	0.50	虫垂	
orgpharynx	のど	臓器(消化)	のど	👄	口と鼻のおくにある、食べ物と空気の通り道(いんとう)。飲みこむときは、ふたが気管をふさいで食べ物を食道へ送る。	head	0.50	0.92	咽頭	1
orgnose	鼻	臓器(呼吸)	はな	👃	空気の入り口。においを感じ、吸った空気をあたためてしめらせ、ほこりを鼻毛でとる。	head	0.50	0.58	鼻	1
orgnasal	鼻こう	臓器(呼吸)	びこう	👃	鼻の中の空間。ねばねばした粘膜とせん毛が、空気の中のほこりや細菌をつかまえて肺に入れないようにしている。	head	0.40	0.56	鼻腔	
orgtrachea	気管	臓器(呼吸)	きかん	🫁	のどから肺へ空気を送る管。つぶれないよう軟骨の輪でできていて、内側のせん毛がほこりを外へおし出す。	front	0.47	0.20	気管	1
orgbronchus	気管支	臓器(呼吸)	きかんし	🫁	気管が左右に分かれて肺に入った管。木の枝のように細かく分かれていき、先は肺胞につながる。	front	0.43	0.235	気管支	
orglung	肺	臓器(呼吸)	はい	🫁	胸の左右にある呼吸の臓器。空気から酸素をとり入れ、二酸化炭素を出す。自分ではふくらめず、横かくまくとろっ骨が動かす。	front	0.40	0.32	肺	1
orgalveolus	肺胞	臓器(呼吸)	はいほう	🫁	気管支の先にある小さなふくろ。まわりを毛細血管がとり囲み、ここで酸素と二酸化炭素の交換をする。肺全体で約3億個。	front	0.62	0.32	肺胞	
orglarynx	こうとう	臓器(呼吸)	こうとう	👄	のどの中の、気管の入り口。中に声帯があり、声を出す。男子は成長すると大きくなり「のどぼとけ」になる。	head	0.50	0.96	喉頭	
orgheart	心臓	臓器(循環)	しんぞう	❤️	血液を全身に送るポンプ。にぎりこぶしくらいの大きさで、1分に約70回、1日に約10万回もはく動している。	front	0.46	0.31	心臓	1
orgartery	動脈	臓器(循環)	どうみゃく	🩸	心臓から出ていく血液が流れる血管。かべが厚くて弾力があり、心臓のはく動が脈はくとして伝わる。	front	0.78	0.52	動脈	1
orgvein	静脈	臓器(循環)	じょうみゃく	🩸	心臓へもどる血液が流れる血管。かべがうすく、血液が逆流しないように弁がついている。	front	0.80	0.57	静脈	1
orgcapillary	毛細血管	臓器(循環)	もうさいけっかん	🩸	全身にはりめぐらされたとても細い血管。かべは細胞1個分のうすさで、ここで酸素や栄養が細胞にわたされる。	front	0.86	0.62	毛細血管	1
orgvessel	血管	臓器(循環)	けっかん	🩸	血液が流れる管。動脈・静脈・毛細血管があり、全部つなぐと約10万キロメートル、地球を2周半する長さ。	front	0.74	0.56	血管	1
orgaorta	大動脈	臓器(循環)	だいどうみゃく	🩸	心臓の左心室から出る体でいちばん太い動脈。親指ほどの太さで、全身へ血液を送り出す本線になる。	front	0.50	0.29	大動脈	
orgatrium	心房	臓器(循環)	しんぼう	❤️	心臓の上半分にある2つの部屋。全身や肺からもどってきた血液を受けとり、下の心室へ送る。	front	0.43	0.30	心房	
orgventricle	心室	臓器(循環)	しんしつ	❤️	心臓の下半分にある2つの部屋。強い筋肉で血液をおし出す。右心室は肺へ、左心室は全身へ送る。	front	0.44	0.345	心室	
orglymphvessel	リンパ管	臓器(循環)	りんぱかん	🩸	全身にはりめぐらされ、リンパ液を流す管。細胞のまわりの余分な液を集め、最後は静脈に流しこむ。	front	0.72	0.62	リンパ管	
orglymphnode	リンパ節	臓器(循環)	りんぱせつ	🩸	リンパ管のとちゅうにある豆のようなふくらみ。白血球が集まり、細菌やウイルスをくいとめる。かぜで首がはれるのはここ。	front	0.30	0.24	リンパ節	
orgspleen	ひ臓	臓器(循環)	ひぞう	🩸	胃の左どなりにあるこぶし大の臓器。古くなった赤血球をこわし、血液をたくわえ、免疫の働きもする。	front	0.60	0.37	脾臓	
orgkidney	じん臓	臓器(排出)	じんぞう	🫘	背中側の腰の上に左右1つずつある、そら豆の形の臓器。血液をろ過して尿をつくる。こしとる液(原尿)は1日に約180リットル。	front	0.435	0.458	腎臓	1
orgbladder	ぼうこう	臓器(排出)	ぼうこう	💧	じん臓でつくられた尿をためるふくろ。大人で約500ミリリットルたまり、200ミリリットルくらいでトイレに行きたくなる。	front	0.50	0.59	膀胱	1
orgureter	尿管	臓器(排出)	にょうかん	💧	じん臓とぼうこうをつなぐ細い管。左右に1本ずつあり、できた尿をぜん動運動でぼうこうへ送る。長さは約25センチ。	front	0.44	0.56	尿管	
orgurethra	尿道	臓器(排出)	にょうどう	💧	ぼうこうにたまった尿を体の外へ出す管。出口は括約筋でしめられていて、自分の意思でひらく。	front	0.50	0.645	尿道	
orgnephron	ネフロン	臓器(排出)	ねふろん	🔬	じん臓で尿をつくる最小の単位。糸球体とボーマンのう、細尿管からなり、1つのじん臓に約100万個ある。	front	0.33	0.48	ネフロン	
orgskin	皮ふ	感覚器	ひふ	✋	体の表面をおおう、体でいちばん大きな器官。細菌や紫外線から体を守り、体温を調節し、さわった感じを伝える。	front	0.86	0.70	皮膚	1
orgsweatgland	汗せん	臓器(排出)	かんせん	💦	皮ふの中にあって汗をつくる器官。全身に約200万〜500万個あり、汗が蒸発するときに体温を下げる。	front	0.84	0.76	汗腺	
orguterus	子宮	臓器(生殖)	しきゅう	🤰	女性の下腹部にある、赤ちゃんが育つ部屋。受精卵がここにくっつき、約38週かけて育つ。	front	0.56	0.585	子宮	
orgovary	卵巣	臓器(生殖)	らんそう	🥚	女性の体で卵(卵子)をつくる器官。子宮の左右に1つずつあり、約1か月に1回、卵を送り出す。	front	0.62	0.575	卵巣	
orgtestis	精巣	臓器(生殖)	せいそう	🔬	男性の体で精子をつくる器官。左右に1つずつあり、男性ホルモンもつくる。思春期に働きが活発になる。	front	0.50	0.68	精巣	
orgeye	目	感覚器	め	👁️	光を感じて物を見る器官。カメラのように水晶体で光を集め、網膜に像をうつす。左右2つで遠近がわかる。	head	0.35	0.45	眼	1
orgear	耳	感覚器	みみ	👂	音を聞く器官。音のふるえが鼓膜から耳小骨を通り、うずまき管で神経の信号に変わる。体のかたむきも感じる。	head	0.88	0.50	耳	1
orgretina	網膜	感覚器	もうまく	👁️	目のおくにある光を感じる膜。カメラのフィルムにあたり、ここにうつった像が視神経で脳に送られる。	head	0.65	0.45	網膜	
orglens	水晶体	感覚器	すいしょうたい	👁️	目の中にあるレンズ。厚さを変えてピントを合わせる。年をとってにごると白内障という。	head	0.65	0.40	水晶体	
orgcornea	角膜	感覚器	かくまく	👁️	目のいちばん前にある透明な膜。光を最初に集め、目を守る。血管がないので移植ができる。	head	0.65	0.50	角膜	
orgiris	こう彩	感覚器	こうさい	👁️	ひとみのまわりの色のついた部分。ひとみの大きさを変えて目に入る光の量を調節する。カメラのしぼりにあたる。	head	0.70	0.44	虹彩	
orgpupil	ひとみ	感覚器	ひとみ	👁️	目のまん中の黒い部分(どうこう)。光が入る穴で、明るい所では小さく、暗い所では大きくなる。	head	0.60	0.42	瞳孔	
orgopticnerve	視神経	脳・神経	ししんけい	👁️	網膜が受けとった光の信号を脳へ送る神経。左右の目から出て脳のうしろの部分へつながる。	head	0.70	0.36	視神経	
orgeardrum	鼓膜	感覚器	こまく	👂	耳のおくにあるうすい膜。音が当たるとふるえ、そのふるえを耳小骨に伝える。大きな音や耳かきで破れることがある。	head	0.82	0.53	鼓膜	
orgcochlea	うずまき管	感覚器	うずまきかん	👂	内耳にあるカタツムリのような形の管。中は液体で満たされ、音のふるえを神経の信号に変えて脳へ送る。	head	0.78	0.48	蝸牛	
orgsemicircular	三半規管	感覚器	さんはんきかん	👂	内耳にある3つの輪の形の管。頭や体の回転を感じ、バランスをとる。ぐるぐる回って目が回るのはここのせい。	head	0.76	0.42	三半規管	
orgtastebud	味らい	感覚器	みらい	👅	舌の表面にある味を感じる小さな器官。あまい・しょっぱい・すっぱい・にがい・うまみの5つの味を感じる。	head	0.44	0.80	味蕾	
orgeyelid	まぶた	感覚器	まぶた	👁️	目をおおう皮ふ。まばたきで目の表面をなみだでうるおし、ほこりや光から目を守る。1分間に約20回まばたきする。	head	0.35	0.38	眼瞼	
orgolfactory	きゅう上皮	感覚器	きゅうじょうひ	👃	鼻のいちばんおくにある、においを感じる細胞が集まった場所。空気中のにおいの分子をとらえ、脳に信号を送る。	head	0.56	0.53	嗅覚	
orgbrain	脳	脳・神経	のう	🧠	頭がい骨の中にある体の司令塔。考える・おぼえる・体を動かす命令を出す。重さは約1.3キログラムで、体のエネルギーの約20%を使う。	head	0.50	0.15	脳	1
orgcerebrum	大脳	脳・神経	だいのう	🧠	脳のいちばん大きな部分。考える、おぼえる、感じる、体を動かす命令を出す。表面のしわを広げると新聞紙1枚分。	head	0.40	0.13	大脳	
orgcerebellum	小脳	脳・神経	しょうのう	🧠	大脳のうしろ下にある小さな脳。体のバランスをとり、運動をなめらかにする。自転車の乗り方をおぼえているのはここ。	head	0.72	0.28	小脳	
orgbrainstem	脳幹	脳・神経	のうかん	🧠	大脳とせきずいをつなぐ部分。呼吸や心臓の動きなど、生きるために欠かせない働きを自動でコントロールする。	head	0.50	0.30	脳幹	
orgdiencephalon	間脳	脳・神経	かんのう	🧠	大脳と脳幹のあいだにある部分。視床と視床下部からなり、体温や自律神経、ホルモンの中心になる。	head	0.50	0.22	間脳	
orghypothalamus	視床下部	脳・神経	ししょうかぶ	🌡️	間脳の下の部分。体温・空腹・のどのかわき・ねむけを感じ、自律神経とホルモンの司令塔になる。	head	0.58	0.26	視床下部	
orgpituitary	脳下垂体	ホルモン	のうかすいたい	🧠	脳の下にぶら下がる小指の先ほどの器官。成長ホルモンなどを出し、ほかのホルモンの器官に命令を出す。	head	0.42	0.28	下垂体	
orgmedulla	延髄	脳・神経	えんずい	🧠	脳幹のいちばん下でせきずいにつながる。呼吸・心臓のはく動・飲みこみ・せきなど生命の中心を守る。	head	0.50	0.36	延髄	
orgspinalcord	せきずい	脳・神経	せきずい	🧠	背骨の中を通る太い神経のたば。脳と体をつなぎ、熱いものにさわったとき手を引く反射の中心にもなる。	front	0.53	0.255	脊髄	1
orgnerve	神経	脳・神経	しんけい	⚡	体中に電気の信号を伝えるひも。感じたことを脳に送り、脳の命令を筋肉に伝える。信号の速さは秒速100メートルにもなる。	front	0.76	0.44	神経	1
orgperipheral	末しょう神経	脳・神経	まっしょうしんけい	⚡	脳とせきずいから体のすみずみへのびる神経。感覚神経と運動神経、自律神経からなる。	front	0.28	0.58	末梢神経系	
orgmotornerve	運動神経	脳・神経	うんどうしんけい	⚡	脳やせきずいからの命令を筋肉に伝える神経。これがはたらいて筋肉がちぢみ、体が動く。	front	0.22	0.62	運動神経	
orgsensorynerve	感覚神経	脳・神経	かんかくしんけい	⚡	目・耳・皮ふなどの感覚器が受けとった刺激を、脳やせきずいへ伝える神経。熱い・いたいなどの信号もこの神経が運ぶ。	front	0.20	0.36	感覚神経	
orgautonomic	自律神経	脳・神経	じりつしんけい	⚡	自分の意思と関係なく、心臓・胃腸・血管などを動かす神経。活動のときの交感神経と、休むときの副交感神経がある。	front	0.32	0.30	自律神経	
orgthyroid	甲状腺	ホルモン	こうじょうせん	🦋	のどぼとけの下にあるチョウの形の器官。体の代謝を活発にする甲状腺ホルモン(チロキシン)を出す。	front	0.47	0.165	甲状腺	
orgadrenal	副じん	ホルモン	ふくじん	⚡	左右のじん臓の上にのった小さな器官。びっくりしたときに出るアドレナリンなど、いくつものホルモンをつくる。	front	0.415	0.428	副腎	
sysbreathing	呼吸	しくみ	こきゅう	🫁	空気を吸って酸素をとり入れ、二酸化炭素をはき出すこと。人は1分間に約15〜20回、1日に約2万回呼吸している。	front	0.36	0.33	呼吸	1
sysoxygen	酸素	しくみ	さんそ	🫁	生きるために欠かせない気体。肺から血液にとりこまれ、赤血球が全身の細胞へ運ぶ。空気の約21%をしめる。	front	0.66	0.31	酸素	1
sysco2	二酸化炭素	しくみ	にさんかたんそ	🫁	細胞が栄養を燃やしてエネルギーを出したあとに出るガス。血液で肺へ運ばれ、はく息の中に約4%ふくまれる。	front	0.68	0.35	二酸化炭素	1
sysgasexchange	ガス交換	しくみ	がすこうかん	🫁	肺胞で酸素が血液に入り、二酸化炭素が血液から出ること。全身の細胞と血液のあいだでも同じことが起こる。	front	0.64	0.40	ガス交換	
syscilia	せん毛	しくみ	せんもう	👃	鼻や気管の内側にある細かい毛。ほこりや細菌をねばねばした液でつかまえ、波のように動いて外へおし出す。	head	0.44	0.60	繊毛	
syscough	せき	しくみ	せき	😷	気管に入ったほこりやたんを勢いよくふき飛ばして体を守る反射。せきの速さは時速100キロをこえることもある。	head	0.60	0.90	咳	
syssneeze	くしゃみ	しくみ	くしゃみ	🤧	鼻に入ったほこりや花粉を勢いよく追い出す反射。鼻の粘膜が刺激されると、脳の命令で自動的に起こる。	head	0.38	0.64	くしゃみ	
sysvocalcord	声帯	しくみ	せいたい	🎤	こうとうにある2まいのひだ。はく息でふるえて声になる。1秒に100〜300回ふるえ、女性の方が回数が多い。	head	0.58	0.95	声帯	
sysdigestion	消化	しくみ	しょうか	🍚	食べ物を体にとりこめる小さな栄養分に分解すること。口から始まり、胃、小腸へと消化液で少しずつ分解される。	front	0.44	0.50	消化	1
sysabsorption	吸収	しくみ	きゅうしゅう	🍚	消化された栄養分が、小腸のかべから血液やリンパ液の中にとりこまれること。おもに小腸のじゅう毛で行われる。	front	0.53	0.50	消化	
sysjuice	消化液	しくみ	しょうかえき	💧	食べ物を分解する液。だ液・胃液・胆汁・すい液・腸液があり、それぞれちがう消化酵素をふくむ。	front	0.38	0.37	消化液	
syssaliva	だ液	しくみ	だえき	👄	口の中に出る液。アミラーゼという酵素がデンプンを糖に変える。ごはんをかんでいると甘くなるのはこのため。	head	0.36	0.74	唾液	1
sysgastric	胃液	しくみ	いえき	🍚	胃から出る強い酸性の液。塩酸で細菌を殺し、ペプシンという酵素でタンパク質を分解する。1日に約2リットル出る。	front	0.58	0.395	胃液	
sysbile	胆汁	しくみ	たんじゅう	💧	かん臓でつくられ、胆のうにたまる黄色い液。消化酵素はないが、脂肪を細かいつぶにして消化しやすくする。	front	0.36	0.42	胆汁	
syspancjuice	すい液	しくみ	すいえき	💧	すい臓から十二指腸に出る消化液。デンプン・タンパク質・脂肪の3つすべてを分解する酵素をふくむ。	front	0.50	0.45	膵液	
sysenzyme	消化酵素	しくみ	しょうかこうそ	🔬	食べ物を分解するタンパク質のはたらき手。アミラーゼ・ペプシン・リパーゼなどがあり、決まった相手だけを分解する。	front	0.44	0.405	消化酵素	
sysamylase	アミラーゼ	しくみ	あみらーぜ	👄	だ液とすい液にふくまれる消化酵素。デンプンを麦芽糖に分解する。中学理科のヨウ素液の実験で調べる。	head	0.62	0.76	アミラーゼ	
syspepsin	ペプシン	しくみ	ぺぷしん	🍚	胃液にふくまれる消化酵素。強い酸性の中で働き、タンパク質を細かく切る。すい液のトリプシンが続きを分解する。	front	0.56	0.335	ペプシン	
syslipase	リパーゼ	しくみ	りぱーぜ	🍚	すい液にふくまれる消化酵素。脂肪を脂肪酸とモノグリセリドに分解する。胆汁が手伝うと働きやすくなる。	front	0.52	0.41	リパーゼ	
sysvilli	じゅう毛	しくみ	じゅうもう	🔬	小腸の内側のかべにある細かい突起。表面積を広げて栄養をすばやく吸収する。中に毛細血管とリンパ管が通っている。	front	0.47	0.515	腸絨毛	
sysperistalsis	ぜん動運動	しくみ	ぜんどううんどう	🍚	食道や腸のかべの筋肉が波のようにちぢんで、食べ物を先へ送る動き。この動きがあるので、ねころんでも消化は進む。	front	0.60	0.51	蠕動	
sysexcretion	排せつ	しくみ	はいせつ	💧	体の中でいらなくなったものを外へ出すこと。尿・汗・はく息などがあり、じん臓と皮ふと肺が中心になる。	front	0.40	0.55	排泄	1
sysurine	尿	しくみ	にょう	💧	じん臓が血液から不要なものをこしとった液。おもに水と尿素からできていて、大人は1日に約1.5リットル出す。	front	0.47	0.55	尿	
sysurea	尿素	しくみ	にょうそ	🔬	タンパク質を使ったあとにできる有害なアンモニアを、かん臓が害の少ない形に変えたもの。じん臓で尿として出される。	front	0.25	0.395	尿素	
sysammonia	アンモニア	しくみ	あんもにあ	🔬	タンパク質が分解されるときに細胞でできる有害な物質。すぐにかん臓へ運ばれ、尿素につくり変えられる。	front	0.23	0.50	アンモニア	
sysblood	血液	血液	けつえき	🩸	体中をめぐる赤い液体。酸素や栄養を運び、いらないものを回収し、体を守る。大人の体には約4〜5リットルある。	front	0.82	0.66	血液	1
syscirculation	血液循環	血液	けつえきじゅんかん	❤️	心臓のポンプで血液が体をめぐること。心臓→全身→心臓の体循環と、心臓→肺→心臓の肺循環の2つの道がある。	front	0.70	0.58	循環器	1
syspulmonary	肺循環	血液	はいじゅんかん	🫁	右心室から肺へ行き、酸素をもらって左心房にもどる血液の道。ここだけは動脈に酸素の少ない血液が流れる。	front	0.53	0.315	肺循環	
syssystemic	体循環	血液	たいじゅんかん	❤️	左心室から大動脈を通って全身をめぐり、右心房にもどる血液の道。約1分で体を一周する。	front	0.79	0.62	体循環	
sysredcell	赤血球	血液	せっけっきゅう	🩸	血液の赤い色のもと。ヘモグロビンで酸素を運ぶ。まん中がへこんだ円ばんの形で、血液1立方ミリに約500万個。	front	0.90	0.56	赤血球	1
syswhitecell	白血球	血液	はっけっきゅう	🩸	体に入った細菌やウイルスをやっつける血液の細胞。いくつも種類があり、赤血球より大きいが数は少ない。	front	0.92	0.62	白血球	1
sysplatelet	血小板	血液	けっしょうばん	🩸	血液の中の小さなかけら。けがをして血が出ると集まって固まり、血を止める。かさぶたのもとになる。	front	0.92	0.68	血小板	1
sysplasma	血しょう	血液	けっしょう	🩸	血液の液体の部分。約90%が水で、栄養分・二酸化炭素・いらないもの・ホルモンをとかして運ぶ。	front	0.94	0.50	血漿	
syshemoglobin	ヘモグロビン	血液	へもぐろびん	🩸	赤血球にふくまれる鉄を持った赤い色素。酸素が多い所で酸素とくっつき、少ない所ではなす性質がある。	front	0.96	0.58	ヘモグロビン	
syspulse	脈はく	血液	みゃくはく	❤️	心臓のはく動が動脈に伝わってできる波。手首や首で数えられ、1分間の回数は心臓のはく動と同じになる。	front	0.87	0.47	脈拍	
sysbloodpressure	血圧	血液	けつあつ	🩺	血液が血管のかべをおす力。心臓がちぢんだときが最高血圧、ゆるんだときが最低血圧。高すぎると血管がいたむ。	front	0.90	0.42	血圧	
sysheartbeat	はく動	血液	はくどう	❤️	心臓が規則正しくちぢんだりゆるんだりする動き。子どもは1分に約80〜90回、運動すると速くなる。	front	0.41	0.275	心拍	1
systissuefluid	組織液	血液	そしきえき	💧	毛細血管からしみ出て細胞のまわりを満たす液。細胞に酸素と栄養をわたし、いらないものを受けとる。	front	0.76	0.66	組織液	
syslymph	リンパ液	血液	りんぱえき	💧	組織液がリンパ管に入ったもの。脂肪の運搬と免疫にかかわり、リンパ節を通って最後は静脈にもどる。	front	0.73	0.69	リンパ	
sysimmunity	免疫	しくみ	めんえき	🛡️	体に入った細菌やウイルスをやっつけ、病気から体を守るしくみ。一度かかった病気にかかりにくくなるのもこの働き。	front	0.20	0.72	免疫	
sysantibody	抗体	しくみ	こうたい	🛡️	体に入った敵(抗原)にぴったりくっついて無力にするタンパク質。リンパ球のB細胞がつくり、敵ごとに形がちがう。	front	0.24	0.78	抗体	
sysantigen	抗原	しくみ	こうげん	🦠	免疫が「敵」と見分けて攻撃する目じるし。細菌やウイルスの表面の物質などで、抗体はこれに合わせてつくられる。	front	0.18	0.80	抗原	
syslymphocyte	リンパ球	血液	りんぱきゅう	🔬	白血球の一種。抗体をつくるB細胞と、感染した細胞をこわしたり指令を出したりするT細胞がある。	front	0.26	0.86	リンパ球	
sysmacrophage	マクロファージ	血液	まくろふぁーじ	🔬	白血球の一種で、細菌や死んだ細胞を丸ごと食べてしまう大食細胞。食べた敵の特徴をリンパ球に知らせる。	front	0.20	0.88	マクロファージ	
sysvaccine	ワクチン	しくみ	わくちん	💉	弱くしたり、こわしたりした病原体などからつくる薬。先に体におぼえさせて、本物にかかりにくくする。	front	0.30	0.80	ワクチン	
sysvaccination	予防接種	しくみ	よぼうせっしゅ	💉	病気にかかる前にワクチンを注射して免疫をつけること。はしか・おたふくかぜ・インフルエンザなどを防ぐ。	front	0.32	0.88	予防接種	
sysvirus	ウイルス	しくみ	ういるす	🦠	細菌よりずっと小さく、自分だけではふえられない病原体。人の細胞に入りこんでふえる。かぜやインフルエンザの原因。	front	0.12	0.74	ウイルス	1
sysbacteria	細菌	しくみ	さいきん	🦠	1つの細胞でできた小さな生き物。食中毒や虫歯を起こすものもあれば、ヨーグルトの乳酸菌のように役に立つものもいる。	front	0.12	0.68	細菌	1
syscold	かぜ	しくみ	かぜ	🤒	鼻やのどにウイルスが入って起こる病気。せき・鼻水・熱が出る。手洗い・うがい・十分なすいみんで予防する。	head	0.34	0.92	風邪	1
sysflu	インフルエンザ	しくみ	いんふるえんざ	🤒	インフルエンザウイルスによる病気。急に高い熱が出て、体のふしぶしがいたむ。冬に流行し、予防接種がある。	head	0.24	0.86	インフルエンザ	
sysallergy	アレルギー	しくみ	あれるぎー	🤧	本当は害のない花粉や食べ物に、免疫がはげしく反応してしまうこと。くしゃみ・かゆみ・ぜんそくなどが起こる。	front	0.12	0.86	アレルギー	
syshayfever	花粉症	しくみ	かふんしょう	🤧	スギやヒノキなどの花粉に対するアレルギー。くしゃみ・鼻水・目のかゆみが出る。日本人の約4割がかかっている。	head	0.26	0.60	花粉症	
systemperature	体温	しくみ	たいおん	🌡️	体の温度。人はいつも約36〜37度にたもたれていて、朝は低く夕方は高い。これを体温調節という。	front	0.66	0.17	体温	1
sysfever	発熱	しくみ	はつねつ	🤒	病気のときに体温が上がること。ウイルスや細菌がふえにくくし、免疫を働かせるための体の作戦でもある。	front	0.72	0.16	発熱	
syssweat	汗	しくみ	あせ	💦	皮ふの汗せんから出る液。蒸発するときに体から熱をうばって体温を下げる。暑い日や運動のとき、1時間に1リットル出ることも。	front	0.80	0.80	汗	1
syshomeostasis	恒常性	しくみ	こうじょうせい	⚖️	体温・血糖値・水分などを、まわりが変わってもいつも同じにたもつ働き。ホメオスタシスともいい、神経とホルモンが行う。	front	0.78	0.72	恒常性	
systhermo	体温調節	しくみ	たいおんちょうせつ	🌡️	暑いときは汗をかき血管を広げて熱をにがし、寒いときはふるえて熱を出し体温を一定に保つしくみ。司令塔は視床下部。	front	0.74	0.78	体温調節	
syshormone	ホルモン	ホルモン	ほるもん	💊	体の中の特定の器官でつくられ、血液で運ばれて体の働きを調節する物質。ごく少ない量でも大きく働く。	front	0.28	0.18	ホルモン	
sysendocrine	内分泌	ホルモン	ないぶんぴつ	💊	ホルモンを血液の中に直接出すこと。脳下垂体・甲状腺・副じん・すい臓などが内分泌の器官。	front	0.22	0.20	内分泌器	
sysinsulin	インスリン	ホルモン	いんすりん	💊	すい臓のランゲルハンス島から出る、血糖値を下げるただひとつのホルモン。足りなくなる病気が糖尿病。	front	0.56	0.475	インスリン	
syslangerhans	ランゲルハンス島	ホルモン	らんげるはんすとう	🔬	すい臓の中に島のように散らばる細胞の集まり。インスリンやグルカゴンをつくる。発見者の名前がついている。	front	0.57	0.44	ランゲルハンス島	
sysadrenaline	アドレナリン	ホルモン	あどれなりん	⚡	副じんから出るホルモン。びっくりしたり、きんちょうしたりすると出て、心臓を速く動かし血糖値を上げ、体を戦う状態にする。	front	0.30	0.485	アドレナリン	
systhyroxine	チロキシン	ホルモン	ちろきしん	🦋	甲状腺から出るホルモン。細胞の代謝を活発にし、体温や成長にかかわる。ヨウ素からつくられる。	front	0.40	0.165	チロキシン	
sysgrowthhormone	成長ホルモン	ホルモン	せいちょうほるもん	📏	脳下垂体から出て、骨や筋肉の成長をうながすホルモン。ねむっているあいだに多く出るので、すいみんは大切。	head	0.36	0.30	成長ホルモン	
sysglucagon	グルカゴン	ホルモン	ぐるかごん	💊	すい臓から出る、血糖値を上げるホルモン。かん臓にたくわえたグリコーゲンを分解してブドウ糖にする。インスリンと反対の働き。	front	0.52	0.375	グルカゴン	
sysbloodsugar	血糖値	ホルモン	けっとうち	🩸	血液の中のブドウ糖の量。食後に上がり、インスリンで下がる。ずっと高いままになる病気が糖尿病。	front	0.64	0.49	血糖値	
syssexhormone	性ホルモン	ホルモン	せいほるもん	💊	卵巣や精巣から出るホルモン。思春期になると多くなり、体つきを大人に変えていく。女性ホルモンと男性ホルモンがある。	front	0.66	0.62	性ホルモン	
syspuberty	思春期	しくみ	ししゅんき	🌱	10歳ごろから始まる、体が子どもから大人に変わる時期。性ホルモンの働きで、体つきや声が変わり、心も大きく成長する。	front	0.58	0.665	思春期	
syscns	中枢神経	脳・神経	ちゅうすうしんけい	🧠	脳とせきずいのこと。全身から集まる情報を判断し、命令を出す中心。ここから出る末しょう神経と対になる。	head	0.28	0.28	中枢神経系	
sysreflex	反射	脳・神経	はんしゃ	⚡	刺激に対して、意思とは関係なく自動的に起こる反応。熱いものにふれて手を引く反応は、脳を通らずせきずいで起こる。	front	0.12	0.46	反射	1
syskneejerk	しつがいけん反射	脳・神経	しつがいけんはんしゃ	🦵	ひざの皿の下を軽くたたくと、足が勝手にはね上がる反射。せきずいが中心で、神経の検査に使われる。	front	0.46	0.755	膝蓋腱反射	
sysconditioned	条件反射	脳・神経	じょうけんはんしゃ	🔔	経験で身につく反射。パブロフの犬のように、ベルの音だけでだ液が出るようになる。梅干しを見てつばが出るのも同じ。	front	0.14	0.40	条件反射	
sysstimulus	刺激	脳・神経	しげき	⚡	光・音・におい・温度・いたみなど、体が感じるもの。目や耳などの感覚器が受けとり、神経で脳に伝わる。	front	0.10	0.50	刺激	
syssensation	感覚	脳・神経	かんかく	👁️	視覚・聴覚・きゅう覚・味覚・触覚の五感など、刺激を感じること。感覚器が受けとり、脳が「見えた」「聞こえた」と感じる。	head	0.20	0.44	感覚	
syssynapse	シナプス	脳・神経	しなぷす	⚡	神経細胞と神経細胞のつなぎ目。わずかなすき間があり、神経伝達物質という化学物質で信号を次に伝える。	head	0.60	0.20	シナプス	
syssleep	すいみん	しくみ	すいみん	😴	脳と体を休ませる時間。ねむっている間に成長ホルモンが出て、記憶が整理される。小学生は9〜11時間がめやす。	head	0.14	0.30	睡眠	1
syscircadian	体内時計	しくみ	たいないどけい	⏰	約24時間のリズムを体に刻むしくみ。朝の光でリセットされ、夜になるとねむくなる。時差ぼけはこれがずれること。	head	0.86	0.28	概日リズム	
sysnutrient	栄養素	栄養	えいようそ	🍱	食べ物にふくまれ、体をつくり、動かすもとになる成分。炭水化物・脂質・タンパク質・ビタミン・無機質の5大栄養素。	front	0.08	0.22	栄養素	1
syscarb	炭水化物	栄養	たんすいかぶつ	🍚	ごはん・パン・めんなどに多く、体を動かすエネルギーのもと。デンプンは消化されてブドウ糖になる。1グラムで4キロカロリー。	front	0.06	0.28	炭水化物	1
sysprotein	たんぱく質	栄養	たんぱくしつ	🥩	肉・魚・卵・大豆に多く、筋肉・血液・皮ふなど体をつくるもとになる栄養素。消化されてアミノ酸になる。	front	0.12	0.30	タンパク質	1
sysfat	脂質	栄養	ししつ	🧈	バターや油に多く、体を動かすエネルギーのもと。1グラムで9キロカロリーと、いちばんエネルギーが大きい。	front	0.06	0.34	脂質	1
sysvitamin	ビタミン	栄養	びたみん	🥦	体の調子をととのえる栄養素。体の中でほとんどつくれないので、野菜やくだものからとる。13種類ある。	front	0.12	0.36	ビタミン	1
sysmineral	無機質	栄養	むきしつ	🧂	カルシウムや鉄などの栄養素。ミネラルともいい、骨や血液をつくり、体の調子をととのえる。	front	0.06	0.40	ミネラル	1
sysfiber	食物せんい	栄養	しょくもつせんい	🥬	野菜・海そう・きのこに多い、人が消化できない成分。腸のそうじをして便通をよくし、第6の栄養素ともよばれる。	front	0.05	0.46	食物繊維	
syscalcium	カルシウム	栄養	かるしうむ	🥛	骨と歯をつくる無機質。牛乳・小魚・小松菜に多い。体の中のカルシウムの99%は骨と歯にある。	front	0.05	0.52	カルシウム	1
sysiron	鉄分	栄養	てつぶん	🍖	赤血球のヘモグロビンをつくる無機質。レバーやほうれん草に多く、足りないと貧血になる。	front	0.06	0.58	鉄	
sysglucose	ブドウ糖	栄養	ぶどうとう	🍬	デンプンが消化されてできる、いちばん基本の糖。血液で全身に運ばれ、細胞のエネルギーになる。脳のおもな燃料。	front	0.10	0.56	グルコース	
sysvitc	ビタミンC	栄養	びたみんしー	🍋	くだものや野菜に多く、皮ふや血管をじょうぶにして、かぜをひきにくくする。昔の船乗りが足りずに病気になった。	front	0.05	0.64	ビタミンC	
sysvitd	ビタミンD	栄養	びたみんでぃー	☀️	カルシウムの吸収を助けて骨をじょうぶにする。魚やきのこに多く、日光に当たると皮ふでもつくられる。	front	0.05	0.70	ビタミンD	
syswater	水分	栄養	すいぶん	💧	体の約60%は水。栄養を運び、体温を調節し、いらないものを出すのに欠かせない。1日に約2.5リットル出入りする。	front	0.04	0.76	水	1
sysenergy	エネルギー	栄養	えねるぎー	🔥	体を動かし、体温をたもつ力。栄養素から細胞がとり出す。単位はキロカロリーで、小学生は1日約2000キロカロリー。	front	0.12	0.18	エネルギー	
sysmetabolism	代謝	しくみ	たいしゃ	🔥	体の中で栄養を分解してエネルギーをとり出したり、体をつくる物質を合成したりする化学反応のすべて。	front	0.16	0.24	代謝	
sysgrowth	成長	しくみ	せいちょう	🌱	体が大きくなり、できることがふえていくこと。骨がのびて身長が高くなり、脳も発達する。栄養・運動・すいみんが大切。	front	0.30	0.74	成長	1
sysfracture	骨折	しくみ	こっせつ	🩹	骨が折れたりひびが入ったりするけが。骨膜のはたらきで新しい骨ができて、子どもなら数週間でくっつく。	front	0.44	0.885	骨折	1
syssprain	ねんざ	しくみ	ねんざ	🩹	関節をひねって、じん帯がのびたり切れたりするけが。足首に多い。冷やして、安静にすることが大切。	front	0.50	0.905	捻挫	1
sysstrain	肉ばなれ	しくみ	にくばなれ	🩹	急な動きで筋肉の一部が切れるけが。ダッシュやジャンプのとき、太もものうしろやふくらはぎに起こりやすい。	front	0.70	0.86	肉離れ	
syscavity	虫歯	しくみ	むしば	🦷	口の中の細菌が糖から酸をつくり、歯をとかす病気。かたい歯も酸には弱い。歯みがきで細菌のかたまり(歯こう)をとる。	head	0.58	0.66	う蝕	1
sysheatstroke	熱中症	しくみ	ねっちゅうしょう	🥵	暑さで体温調節がうまくいかなくなり、体に熱がこもる病気。めまい・頭痛・けいれんが起こる。水分と塩分、休けいで防ぐ。	front	0.78	0.10	熱中症	1
sysdehydration	脱水	しくみ	だっすい	💧	体の水分が足りなくなること。体重の2%の水分が減るとのどがかわき、運動能力も落ちる。のどがかわく前に飲む。	front	0.84	0.16	脱水症	
sysscab	かさぶた	しくみ	かさぶた	🩹	けがをしたとき、血小板と血液の成分が固まってできるふた。下で新しい皮ふができるまで傷を守る。はがさないこと。	front	0.90	0.76	痂皮	1
celcell	細胞	細胞	さいぼう	🔬	生き物の体をつくる最小の単位。人の体は約37兆個の細胞でできている。核・細胞質・細胞膜からなる。	cell	0.50	0.10	細胞	1
celnucleus	核	細胞	かく	🔬	細胞のまん中にある丸い部分。中に遺伝子(DNA)が入っていて、細胞の設計図として働く。酢酸カーミンで赤く染まる。	cell	0.50	0.50	細胞核	1
celmembrane	細胞膜	細胞	さいぼうまく	🔬	細胞の外側をつつむうすい膜。必要なものだけを通し、いらないものを外に出す。細胞の中と外を分ける。	cell	0.90	0.50	細胞膜	1
celcytoplasm	細胞質	細胞	さいぼうしつ	🔬	細胞の中の核以外の部分。ミトコンドリアなどの小さな器官がういていて、生きるための化学反応が起こる。	cell	0.62	0.42	細胞質	
celmitochondria	ミトコンドリア	細胞	みとこんどりあ	🔋	細胞の発電所。酸素を使ってブドウ糖を分解し、ATPというエネルギーをつくる。1つの細胞に数百〜数千個。	cell	0.30	0.30	ミトコンドリア	
celvacuole	液胞	細胞	えきほう	🔬	細胞の中の液体がたまったふくろ。植物の細胞で大きく発達し、水分や不要物をためる。動物の細胞では小さい。	cell	0.70	0.70	液胞	
celchloroplast	葉緑体	細胞	ようりょくたい	🌿	植物の細胞にあって光合成をする緑色のつぶ。動物の細胞にはない。「動物の細胞にないもの」としてよく問われる。	cell	0.22	0.60	葉緑体	
celcellwall	細胞壁	細胞	さいぼうへき	🌿	植物の細胞膜の外側にあるかたいかべ。植物の体をささえる。動物の細胞にはなく、細胞膜だけでできている。	cell	0.92	0.36	細胞壁	
celribosome	リボソーム	細胞	りぼそーむ	🔬	細胞の中でタンパク質をつくる小さなつぶ。DNAの情報を写したRNAを読みとり、アミノ酸をつなげる。	cell	0.40	0.68	リボソーム	
celer	小胞体	細胞	しょうほうたい	🔬	核のまわりにある膜がひだになった器官。つくられたタンパク質を運んだり、脂質をつくったりする。	cell	0.34	0.44	小胞体	
celgolgi	ゴルジ体	細胞	ごるじたい	🔬	平たいふくろが重なった器官。タンパク質を仕上げて、細胞の外へ送り出す。発見者ゴルジの名前がついている。	cell	0.66	0.58	ゴルジ体	
celcentrosome	中心体	細胞	ちゅうしんたい	🔬	動物の細胞の核のそばにある小さな器官。細胞分裂のとき、染色体を両側に引っぱる糸の出発点になる。	cell	0.66	0.30	中心体	
celnuclearmembrane	核膜	細胞	かくまく	🔬	核をつつむ二重の膜。小さな穴があいていて、RNAなどが出入りする。細胞分裂のときは一度消える。	cell	0.56	0.44	核膜	
celnucleolus	核小体	細胞	かくしょうたい	🔬	核の中にあるさらに小さな丸い部分。リボソームの部品をつくっている。顕微鏡では核の中のこい点に見える。	cell	0.46	0.56	核小体	
celchromosome	染色体	遺伝	せんしょくたい	🧬	細胞分裂のときに核の中に現れるひものようなもの。DNAが折りたたまれてできていて、人は46本(23対)持つ。	cell	0.42	0.48	染色体	
celdna	DNA	遺伝	でぃーえぬえー	🧬	遺伝子の本体で、生き物の設計図。4種類の塩基の並びで情報を記録し、二重らせんの形をしている。人の全長は約2メートル。	cell	0.50	0.62	デオキシリボ核酸	1
celgene	遺伝子	遺伝	いでんし	🧬	DNAの中で、目の色や血液型など一つひとつの特徴を決めている部分。人にはおよそ2万個ある。	cell	0.56	0.68	遺伝子	
celheredity	遺伝	遺伝	いでん	👨‍👩‍👧	親の特徴が子に伝わること。染色体にのった遺伝子が、卵と精子を通して半分ずつ子に受けつがれる。	cell	0.50	0.90	遺伝	1
celbase	塩基	遺伝	えんき	🧬	DNAの情報を記録する4種類の部品。アデニン・チミン・グアニン・シトシンで、AとT、GとCがペアになる。	cell	0.40	0.78	核酸塩基	
celhelix	二重らせん	遺伝	にじゅうらせん	🧬	DNAの形。2本のひもがねじれたはしごのようになっている。1953年にワトソンとクリックが発見した。	cell	0.60	0.80	二重らせん	
celbasepair	塩基対	遺伝	えんきつい	🧬	DNAの2本のひもをつなぐ塩基のペア。AはTと、GはCと決まった相手だけと結びつく。人のDNAは約30億対。	cell	0.30	0.84	塩基対	
celrna	RNA	遺伝	あーるえぬえー	🧬	DNAの情報を写しとって、タンパク質づくりの現場へ運ぶ物質。DNAとちがい1本のひもで、TのかわりにUを使う。	cell	0.72	0.84	リボ核酸	
celmitosis	体細胞分裂	細胞	たいさいぼうぶんれつ	🔬	体の細胞が2つに分かれてふえること。染色体を2倍にしてから分けるので、できた細胞は元とまったく同じ数の染色体を持つ。	cell	0.18	0.20	体細胞分裂	
celmeiosis	減数分裂	細胞	げんすうぶんれつ	🔬	卵や精子をつくる特別な分裂。染色体の数が半分(人は23本)になる。受精でもとの46本にもどる。	cell	0.18	0.36	減数分裂	
celgamete	生殖細胞	細胞	せいしょくさいぼう	🔬	子をつくるための細胞で、卵と精子のこと。減数分裂でできるので、染色体は体の細胞の半分。	cell	0.16	0.50	配偶子	
celfertilization	受精	遺伝	じゅせい	🥚	卵と精子が合体すること。染色体が23本ずつ持ちよられ、46本の受精卵になる。人では卵管で起こる。	cell	0.16	0.72	受精	
celzygote	受精卵	遺伝	じゅせいらん	🥚	受精してできた最初の1個の細胞。分裂をくり返して細胞がふえ、約38週で赤ちゃんになる。	cell	0.24	0.74	受精卵	
celovum	卵	細胞	らん	🥚	女性の卵巣でつくられる生殖細胞(卵子)。人の細胞でいちばん大きく、直径約0.1ミリで目でぎりぎり見える。	cell	0.14	0.86	卵子	
celsperm	精子	細胞	せいし	🔬	男性の精巣でつくられる生殖細胞。長いしっぽで泳ぎ、卵にたどりつく。長さは約0.06ミリ。	cell	0.22	0.92	精子	
celsexual	有性生殖	遺伝	ゆうせいせいしょく	👨‍👩‍👧	卵と精子のような2つの生殖細胞が受精して子ができるふえ方。親と少しちがう子が生まれ、多様性が生まれる。	cell	0.82	0.14	有性生殖	
celasexual	無性生殖	遺伝	むせいせいしょく	🌱	受精をせず、体の一部が分かれたり分裂したりしてふえること。親とまったく同じ遺伝子の子(クローン)ができる。	cell	0.82	0.22	無性生殖	
celclone	クローン	遺伝	くろーん	🐑	まったく同じ遺伝子を持つ生き物。さし木の植物や一卵性のふたごも自然のクローン。1996年に羊のドリーが生まれた。	cell	0.70	0.12	クローン	
celallele	対立形質	遺伝	たいりつけいしつ	🌱	エンドウの種の「丸」と「しわ」のように、同時には現れない対になった形質。片方だけが現れる。	cell	0.84	0.62	対立遺伝子	
celdominant	顕性	遺伝	けんせい	🌱	対立形質のうち、両方の遺伝子を持つときに現れる方の形質。以前は優性とよばれた。エンドウの丸い種がこれ。	cell	0.84	0.72	優性	
celrecessive	潜性	遺伝	せんせい	🌱	対立形質のうち、両方の遺伝子を持つときにかくれる方の形質。以前は劣性とよばれた。エンドウのしわの種がこれ。	cell	0.84	0.80	劣性	
celmendel	メンデル	遺伝	めんでる	🌱	エンドウを使って遺伝の法則を発見した修道士。1865年に発表したが、認められたのは死後の1900年だった。	cell	0.84	0.90	グレゴール・ヨハン・メンデル	
celsegregation	分離の法則	遺伝	ぶんりのほうそく	🌱	対になった遺伝子が、生殖細胞をつくるときに分かれて別々に入るという法則。メンデルが見つけた遺伝の基本。	cell	0.76	0.94	メンデルの法則	
celbloodtype	血液型	遺伝	けつえきがた	🩸	赤血球の表面の目じるしで分けた型。ABO式はA・B・O・ABの4つで、親から遺伝子を1つずつ受けついで決まる。	cell	0.60	0.94	ABO式血液型	1
celatp	ATP	細胞	えーてぃーぴー	🔋	細胞が使うエネルギーの通貨。ミトコンドリアでつくられ、分解されるときにエネルギーを出して筋肉などを動かす。	cell	0.24	0.24	アデノシン三リン酸	
celrespiration	細胞呼吸	細胞	さいぼうこきゅう	🔋	細胞が酸素を使ってブドウ糖を分解し、ATPをつくること。二酸化炭素と水が出る。内呼吸ともいう。	cell	0.36	0.22	細胞呼吸	
celenzyme	酵素	細胞	こうそ	🔬	体の中の化学反応を速めるタンパク質。決まった相手だけに働き、体温くらいでいちばんよく働く。消化酵素もその一つ。	cell	0.46	0.30	酵素	
celaminoacid	アミノ酸	細胞	あみのさん	🔬	タンパク質をつくる部品。20種類あり、つながる順番でちがうタンパク質になる。うまみ成分のグルタミン酸もその一つ。	cell	0.56	0.24	アミノ酸	
celcatalyst	触媒	細胞	しょくばい	🔬	自分は変わらずに化学反応を速める物質。酵素は生き物の体の中の触媒で、過酸化水素を分解するカタラーゼが有名。	cell	0.44	0.38	触媒	
celips	iPS細胞	細胞	あいぴーえすさいぼう	🧫	皮ふなどの細胞に遺伝子を入れて、どんな細胞にもなれるようにした細胞。2006年に山中伸弥が作り、ノーベル賞を受けた。	cell	0.30	0.94	人工多能性幹細胞	
celes	ES細胞	細胞	いーえすさいぼう	🧫	受精卵が少し育った胚からつくる、どんな細胞にもなれる細胞。再生医療に期待されるが、受精卵を使う問題がある。	cell	0.40	0.94	胚性幹細胞	
celstemcell	幹細胞	細胞	かんさいぼう	🧫	分裂して自分と同じ細胞をつくりながら、いろいろな細胞に変われる細胞。骨ずいの幹細胞は血液の細胞をつくる。	cell	0.36	0.86	幹細胞	
celunicellular	単細胞生物	細胞	たんさいぼうせいぶつ	🦠	体が1つの細胞だけでできている生き物。ゾウリムシ・アメーバ・ミドリムシなど。1つの細胞で食べ、動き、ふえる。	cell	0.14	0.10	単細胞生物	
celmulticellular	多細胞生物	細胞	たさいぼうせいぶつ	🔬	たくさんの細胞でできている生き物。人も植物もこれで、細胞が組織・器官をつくり、役割を分担している。	cell	0.28	0.08	多細胞生物	
celtissue	組織	細胞	そしき	🔬	同じ形と働きをもつ細胞の集まり。筋肉の組織、神経の組織など。組織が集まって器官になる。	cell	0.64	0.06	組織 (生物学)	
celorgan	器官	細胞	きかん	🫀	いくつかの組織が集まって決まった働きをするもの。心臓・胃・目など。器官が集まって体(個体)になる。	cell	0.76	0.06	器官	
celneuron	神経細胞	細胞	しんけいさいぼう	⚡	ニューロンともいう、電気の信号を伝える細胞。長い突起をのばし、シナプスで次の細胞につながる。脳には約1000億個。	cell	0.72	0.44	神経細胞	
celdiffusion	拡散	細胞	かくさん	🔬	物質がこい方からうすい方へ自然に広がること。肺胞での酸素の受けわたしや、細胞への栄養の出入りはこれで起こる。	cell	0.78	0.36	拡散	
celosmosis	浸透	細胞	しんとう	💧	水が膜を通って、こい液の方へ移動すること。野菜に塩をふると水が出るのも、赤血球が水でふくらむのも浸透。	cell	0.78	0.54	浸透	
celmutation	突然変異	遺伝	とつぜんへんい	🧬	DNAの塩基の並びが変わること。紫外線や放射線で起こり、多くは害がないが、病気の原因や進化のもとにもなる。	cell	0.64	0.86	突然変異	
celgenome	ゲノム	遺伝	げのむ	🧬	生き物が持つ遺伝情報のすべて。人のゲノムは約30億の塩基対で、2003年に全部が読みとられた。	cell	0.50	0.74	ゲノム	
