# 地学。key	名前	分類	よみ	絵文字	解説	図	区画	学年	Wikipedia題名
geoflowwater	流れる水のはたらき	流れる水	ながれるみずのはたらき	💧	流れる水には、土地をけずる・土や石を運ぶ・積もらせる、の3つのはたらきがある。流れが速いほど、けずる力と運ぶ力が大きい。	geo	river	e	侵食
geoerosion	しん食	流れる水	しんしょく	🌊	流れる水が地面や岩をけずるはたらき。流れが速い上流や、曲がって流れる川の外側で大きくはたらく。	geo	river	e	侵食
geotransport	運ぱん	流れる水	うんぱん	🚚	流れる水が土や石を運ぶはたらき。大雨で水の量がふえ流れが速くなると、大きな石まで運ばれるようになる。	geo	river	e	侵食
geodeposition	たい積	流れる水	たいせき	🏖️	流れる水が運んできた土や石を積もらせるはたらき。流れがゆるやかな下流や、曲がって流れる川の内側で起こりやすい。	geo	river	e	堆積
geoouterbend	流れの外側	川のようす	ながれのそとがわ	↪️	曲がって流れる川の外側。流れが速いのでしん食のはたらきが大きく、岸がけずられてがけになり、川底も深くなる。	geo	river	e	侵食
geomidstream	中流	川のようす	ちゅうりゅう	🏞️	上流と下流のあいだ。川が曲がって流れることが多く、外側はけずられてがけになり、内側には川原ができやすい。	geo	river	e	河川
geodownstream	下流	川のようす	かりゅう	🌾	川の海に近い部分。流れがゆるやかで川はばが広い。石は小さく丸みをおび、砂やどろが多く積もっている。	geo	river	e	河川
georiverbed	川原	川のようす	かわら	🪨	川の流れにそって石や砂がたまった所。下流へ運ばれるうちに石どうしがぶつかり合い、角がとれて小さく丸くなる。	geo	river	e	河原
geoflood	洪水	災害	こうずい	🌧️	大雨で川の水がふえ、あふれ出ること。水の量がふえると流れが速くなり、しん食や運ぱんのはたらきが一気に大きくなる。	geo	river	e	洪水
geosabo	砂防ダム	災害を防ぐ	さぼうだむ	🧱	山の谷につくり、大雨のときに流れてくる土砂や石をせき止める設備。土石流による災害をへらすための工夫の一つ。	geo	river	e	砂防ダム
geolevee	堤防	災害を防ぐ	ていぼう	🛡️	川の岸に土を高く盛ってつくり、大雨で水があふれるのを防ぐもの。流れる水による災害を防ぐ工夫の一つ。	geo	river	e	堤防
geostratum	地層	地層	ちそう	🥞	れき・砂・どろ・火山灰などが層になって積み重なったもの。ふつうは下の層ほど古い。水のはたらきでできた層の粒は丸い。	geo	strata	e	地層
geofossil	化石	化石	かせき	🦴	大昔の生物の体や、足あと・すみかのあとが地層の中に残ったもの。地層ができた時代や当時の環境を知る手がかりになる。	geo	strata	e	化石
geogravel	れき	つぶ	れき	🪨	直径2mm以上の粒。砂やどろより重くしずみやすいので、川が海に流れこむと、岸にいちばん近い所に積もる。	geo	strata	e	礫
geosand	砂	つぶ	すな	⏳	直径が約0.06mmから2mmまでの粒。れきとどろの間の大きさで、河口から少しはなれた所に積もりやすい。	geo	strata	e	砂
geomud	どろ	つぶ	どろ	🟤	直径が約0.06mmより小さい細かい粒。軽くてしずみにくいため、岸から遠くはなれた深い海の底まで運ばれて積もる。	geo	strata	e	泥
geoconglomerate	れき岩	堆積岩	れきがん	🪨	おもにれきが、砂などといっしょに固まってできた岩石。粒の大きさによって、れき岩・砂岩・でい岩に分けられる。	geo	strata	e	礫岩
geosandstone	砂岩	堆積岩	さがん	🧱	おもに砂の粒が固まってできた岩石。粒は水に運ばれるうちに角がとれ、丸みをおびている。	geo	strata	e	砂岩
geomudstone	でい岩	堆積岩	でいがん	⬛	どろの細かい粒が固まってできた岩石。粒が小さく、表面はなめらかに見える。深く静かな水の底でできたことが多い。	geo	strata	e	泥岩
geoboring	ボーリング試料	地層	ぼーりんぐしりょう	🧪	地面に細い穴をほって取り出した地下の土や岩の見本。建物を建てる前などに調べ、地下の地層の重なり方を知ることができる。	geo	strata	e	ボーリング調査
geovolcash	火山灰	火山	かざんばい	🌋	噴火でふき出された、直径2mm以下の細かい粒。水のはたらきを受けていないので、粒が角ばっているのが特ちょう。	geo	volcano	e	火山灰
geolava	溶岩	火山	ようがん	🔥	マグマが地表に流れ出たもの。また、それが冷えて固まった岩石のこと。ねばりけが弱いほどさらさらと遠くまで流れる。	geo	volcano	e	溶岩
geoeruption	噴火	火山	ふんか	🌋	地下のマグマが地表にふき出す現象。火山灰や溶岩を出して土地のようすを変え、新しい山や島ができることもある。	geo	volcano	e	噴火
geovolcano	火山	火山	かざん	⛰️	地下のマグマが地表にふき出してできた山。日本には活火山が100以上あり、温泉やゆたかな景色のめぐみももたらす。	geo	volcano	e	火山
geofault	断層	地震	だんそう	💥	大きな力がはたらいて、地層や岩石がずれた所。地震が起きると地表に断層が現れ、土地のようすが変わることがある。	geo	quake	e	断層
geoearthquake	地震	地震	じしん	📳	地下の岩石が急にずれ動き、そのゆれが地面に伝わる現象。日本はプレートの境目にあり、地震がとても多い国である。	geo	quake	e	地震
geotsunami	津波	地震	つなみ	🌊	海底で起きた地震などで海水全体がもち上げられ、大きな波となって岸におしよせるもの。ゆれを感じたらすぐ高台へにげる。	geo	quake	e	津波
geolandslide	土砂くずれ	災害	どしゃくずれ	⛰️	大雨や地震のゆれで、山やがけの土や石が一気にくずれ落ちること。地震や大雨によって土地が変化する例の一つ。	geo	quake	e	土砂災害
geohyakuyobako	百葉箱	気象観測	ひゃくようばこ	🏠	気温を正しくはかるための白い箱。日光をはね返す白色で、風通しのよいよろい戸になっている。芝生の上に置く。	geo	weather	e	百葉箱
geocloud	雲	雲	くも	☁️	空気中の水蒸気が冷やされて、小さな水や氷の粒になり、空にうかんで見えるもの。雲の量や動きで天気が変わる。	geo	weather	e	雲
georainfall	雨量	気象観測	うりょう	🌧️	降った雨が流れ去らずにたまったとしたときの深さ。mmで表す。雨量計や、アメダスを使って観測している。	geo	weather	e	降水量
geotyphoon	台風	台風	たいふう	🌀	熱帯の海上で発生した低気圧のうち、中心付近の最大風速が約17.2m/s以上のもの。夏から秋に日本へ近づき強風や大雨をもたらす。	geo	weather	e	台風
geoairtemp	気温	気象観測	きおん	🌡️	空気の温度。晴れた日は日の出前ごろ最も低く、午後2時ごろに最も高くなる。くもりや雨の日は1日の変化が小さい。	geo	weather	e	気温
geocumulonimbus	積乱雲	雲	せきらんうん	⛈️	上へむくむくと高くのびる雲。短い時間にはげしい雨や雷、ひょうをもたらす。夏によく見られ、入道雲ともよばれる。	geo	weather	e	積乱雲
geonimbostratus	乱層雲	雲	らんそううん	🌫️	空一面に広がる灰色の厚い雲。雨雲ともよばれ、広いはんいに長い時間、しとしとと雨を降らせることが多い。	geo	weather	e	乱層雲
geoamedas	アメダス	気象観測	あめだす	📡	全国約1300か所で雨量を自動で観測する気象庁のしくみ。そのうち約840か所では気温・風なども観測している。	geo	weather	e	地域気象観測システム
geoweathersat	気象衛星	気象観測	きしょうえいせい	🛰️	宇宙から雲のようすを観測する人工衛星。雲画像をつづけて見ると、日本付近の雲はおおむね西から東へ動いていく。	geo	weather	e	気象衛星
geoforecast	天気予報	天気	てんきよほう	📺	観測したデータをもとに、これからの天気を予想すること。日本付近では天気が西から東へ変わることが多いのを利用する。	geo	weather	e	天気予報
geosunny	晴れ	天気	はれ	☀️	空全体を10としたとき、雲の量が2〜8なら晴れ、0〜1は快晴、9〜10はくもり。雲があっても晴れになる。	geo	weather	e	晴れ
geowatercycle	水のじゅんかん	水	みずのじゅんかん	🔄	海や地面の水が蒸発して雲になり、雨や雪となって地上にもどる。水はすがたを変えながら地球をめぐり続けている。	geo	air	e	水循環
geocondensation	結露	水	けつろ	🥶	冷たい飲み物を入れたコップの外側に水てきがつく現象。空気中の水蒸気が冷やされ、水にもどって出てきたもの。	geo	air	e	結露
geofog	霧	雲	きり	🌫️	地面近くの空気が冷やされ、水蒸気が小さな水てきとなって空中にうかんだもの。できるしくみは雲と同じで、見通しが悪くなる。	geo	air	e	霧
geosnow	雪	天気	ゆき	❄️	雲の中でできた氷の結晶が、とけずに地上まで落ちてきたもの。雲の中の水は、雨や雪となってふたたび地上にもどる。	geo	air	e	雪
geothunder	雷	天気	かみなり	⚡	積乱雲の中で氷の粒がぶつかり合ってたまった電気が、空気中に流れる現象。光ってから音が聞こえるまでの時間で距離が分かる。	geo	weather	e	雷
georain	雨	天気	あめ	☔	雲の中の水や氷の粒が大きく重くなり、落ちてきたもの。雨の日は日光がさえぎられるので、1日の気温の変化が小さい。	geo	air	e	雨
geopressure	気圧	気圧	きあつ	🎈	大気の重さによって生じる圧力。単位はヘクトパスカル。海面での平均は約1013hPaで、上空へ行くほど低くなる。	geo	weather	j	気圧
geohighpress	高気圧	気圧	こうきあつ	🔵	まわりより気圧が高い所。中心では下降気流が生じるため雲ができにくく晴れる。北半球では時計回りに風がふき出す。	geo	weather	j	高気圧
geolowpress	低気圧	気圧	ていきあつ	🔴	まわりより気圧が低い所。中心に向かって反時計回りに風がふきこみ、上昇気流で雲ができやすく天気が悪くなる。	geo	weather	j	低気圧
geoisobar	等圧線	天気図	とうあつせん	🗺️	天気図で気圧の等しい地点を結んだ線。ふつう4hPaごとに引く。間かくがせまい所ほど気圧の差が大きく、強い風がふく。	geo	weather	j	等圧線
geofront	前線	前線	ぜんせん	〰️	性質のちがう気団がぶつかった境目の面(前線面)が地表と交わる線。前線付近では雲ができやすく、天気が変わりやすい。	geo	weather	j	前線 (気象)
geocoldfront	寒冷前線	前線	かんれいぜんせん	🥶	寒気が暖気の下にもぐりこみ、暖気をおし上げて進む前線。積乱雲ができて短時間に強い雨が降り、通過後は気温が下がる。	geo	weather	j	寒冷前線
geowarmfront	温暖前線	前線	おんだんぜんせん	🌤️	暖気が寒気の上にはい上がって進む前線。乱層雲などの広い雲ができ、長い時間おだやかな雨が降る。通過後は気温が上がる。	geo	weather	j	温暖前線
geostationaryfront	停滞前線	前線	ていたいぜんせん	↔️	寒気と暖気の勢力がつり合い、あまり動かない前線。初夏の梅雨前線や秋の秋雨前線がその例で、長雨をもたらす。	geo	weather	j	停滞前線
geohumidity	湿度	水蒸気	しつど	💦	空気のしめりぐあい。空気1m³にふくまれる水蒸気量を、その気温の飽和水蒸気量でわり100をかけて求める。	geo	weather	j	湿度
geodewpoint	露点	水蒸気	ろてん	💧	空気を冷やしたとき、ふくまれる水蒸気が水てきになり始める温度。露点が高い空気ほど、水蒸気を多くふくんでいる。	geo	weather	j	露点
geosaturation	飽和水蒸気量	水蒸気	ほうわすいじょうきりょう	🫙	空気1m³がふくむことのできる水蒸気の最大量。気温が高いほど大きい。これをこえた分の水蒸気が水てきになる。	geo	weather	j	飽和水蒸気量
geoairmass	気団	気団	きだん	🧊	気温や湿度がほぼ一様な、大規模な空気のかたまり。大陸で生まれると乾燥し、海上で生まれるとしめっている。	geo	air	j	気団
geosiberianair	シベリア気団	気団	しべりあきだん	🥶	冬に大陸で発達する、冷たく乾燥した気団。この気団から北西の季節風がふき出し、日本海側に大雪をもたらす。	geo	air	j	シベリア気団
geoogasawaraair	小笠原気団	気団	おがさわらきだん	🥵	夏に太平洋上で発達する、あたたかくしめった気団。夏の日本に南東の季節風をふかせ、むし暑い晴天をもたらす。	geo	air	j	小笠原気団
geowesterlies	偏西風	大気の動き	へんせいふう	🌬️	中緯度の上空を、地球を一周するように西から東へふく風。日本付近の天気が西から東へ移り変わる原因になっている。	geo	air	j	偏西風
geomonsoon	季節風	大気の動き	きせつふう	🍃	季節によって向きが変わる風。大陸と海のあたたまり方のちがいで生じ、日本では冬は北西、夏は南東の風がふく。	geo	air	j	季節風
geoseabreeze	海風	大気の動き	うみかぜ	🏖️	晴れた日の昼、海から陸に向かってふく風。陸は海よりあたたまりやすく、陸上に上昇気流ができて気圧が下がるため。	geo	air	j	海風
geobaiu	梅雨前線	前線	ばいうぜんせん	☔	初夏に日本付近にとどまる停滞前線。オホーツク海気団と小笠原気団の間にでき、長雨をもたらす。	geo	air	j	梅雨前線
geovvalley	V字谷	地形	ぶいじこく	🏔️	川が山地を深くけずってできた、断面がVの字の形をした谷。流れが速くしん食のはたらきが大きい上流でできる。	geo	river	j	V字谷
geoalluvialfan	扇状地	地形	せんじょうち	🪭	川が山地から平地に出る所で、流れが急にゆるやかになり、れきや砂が扇形に積もってできた地形。水はけがよく果樹園に使われる。	geo	river	j	扇状地
geodelta	三角州	地形	さんかくす	🔺	川が海や湖に流れこむ河口で、流れがゆるやかになり、細かい砂やどろが積もってできた低く平らな地形。	geo	river	j	三角州
geoterrace	河岸段丘	地形	かがんだんきゅう	🪜	川にそって階段状にできた地形。土地の隆起と川のしん食がくり返されてできるため、土地が隆起した証拠になる。	geo	river	j	河岸段丘
geoindexfossil	示準化石	化石	しじゅんかせき	📅	地層が堆積した時代を知る手がかりとなる化石。短い期間に広いはんいで栄えた生物が向く。三葉虫・アンモナイトなど。	geo	strata	j	示準化石
geofacies	示相化石	化石	しそうかせき	🪸	地層が堆積した当時の環境を知る手がかりとなる化石。サンゴならあたたかく浅い海、シジミなら河口や湖と分かる。	geo	strata	j	示相化石
geosedimentary	堆積岩	堆積岩	たいせきがん	🥞	れき・砂・どろ・火山灰・生物の死がいなどが積もって固まった岩石。れきや砂の粒は丸みをおび、化石をふくむことがある。	geo	strata	j	堆積岩
geolimestone	石灰岩	堆積岩	せっかいがん	🐚	サンゴなど炭酸カルシウムの殻をもつ生物の死がいが積もってできた岩石。うすい塩酸をかけると二酸化炭素のあわが出る。	geo	strata	j	石灰岩
geotuff	凝灰岩	堆積岩	ぎょうかいがん	🌋	火山灰などの火山噴出物が積もって固まった岩石。この層があると、近くで火山の噴火があったことが分かる。	geo	strata	j	凝灰岩
geokeybed	かぎ層	地層	かぎそう	🔑	はなれた地層どうしを比べるときの目印になる層。火山灰の層は短い期間に広いはんいに積もるので、かぎ層として役立つ。	geo	strata	j	鍵層
geounconformity	不整合	地層	ふせいごう	〰️	地層の重なりが途中でとぎれている関係。一度陸になって地層がけずられ、再びしずんで上に地層が積もったことを示す。	geo	strata	j	不整合
geofold	しゅう曲	地層	しゅうきょく	〽️	地層が両側から大きな力でおされ、波打つように曲がったもの。プレートの動きなどで長い時間をかけてできる。	geo	strata	j	褶曲
geotrilobite	三葉虫	化石	さんようちゅう	🪲	古生代の海に栄えた節足動物。古生代の終わりに絶滅したため、その地層が古生代にできたことを示す示準化石になる。	geo	strata	j	三葉虫
geoammonite	アンモナイト	化石	あんもないと	🐚	うずまき状の殻をもつ、中生代の海に栄えた生物。中生代の終わりに絶滅したので、中生代の示準化石になる。	geo	strata	j	アンモナイト
geomagma	マグマ	火山	まぐま	🔥	地下の岩石がとけてできた高温の液体。ねばりけが強いと激しい噴火をし、白っぽい火山になる。弱いと黒っぽい火山になる。	geo	volcano	j	マグマ
geoigneous	火成岩	火成岩	かせいがん	🪨	マグマが冷えて固まってできた岩石。冷え方のちがいによって、火山岩と深成岩の2つに分けられる。	geo	volcano	j	火成岩
geoplutonic	深成岩	火成岩	しんせいがん	💎	マグマが地下深くでゆっくり冷えて固まった岩石。鉱物が大きく成長し、同じくらいの大きさでそろった等粒状組織になる。	geo	volcano	j	深成岩
geovolcanicrock	火山岩	火成岩	かざんがん	🌋	マグマが地表や地表近くで急に冷えて固まった岩石。細かい石基の中に大きな斑晶が散らばった斑状組織をもつ。	geo	volcano	j	火山岩
geoporphyritic	斑状組織	火成岩	はんじょうそしき	🔳	火山岩に見られるつくり。地下でできていた大きな結晶(斑晶)が、急に冷えてできた細かい粒(石基)に囲まれている。	geo	volcano	j	斑状組織
geoequigranular	等粒状組織	火成岩	とうりゅうじょうそしき	🟫	深成岩に見られるつくり。マグマがゆっくり冷えたため、どの鉱物も大きく成長し、同じくらいの大きさの結晶がならぶ。	geo	volcano	j	等粒状組織
geomineral	鉱物	鉱物	こうぶつ	💎	岩石をつくっている、決まった成分をもつ粒。石英や長石のような白っぽい無色鉱物と、黒雲母などの有色鉱物がある。	geo	volcano	j	鉱物
geoquartz	石英	鉱物	せきえい	🔮	無色または白色で、不規則に割れる鉱物。二酸化ケイ素でできていて、とてもかたい。花こう岩に多くふくまれる。	geo	volcano	j	石英
geogranite	花こう岩	火成岩	かこうがん	🏛️	白っぽい深成岩。石英や長石を多くふくみ、黒雲母が点々と見える。建物の石材として使われ、御影石ともよばれる。	geo	volcano	j	花崗岩
geobasalt	玄武岩	火成岩	げんぶがん	⚫	黒っぽい火山岩。ねばりけの弱いマグマからでき、有色鉱物を多くふくむ。ハワイの火山や海洋の底をつくる。	geo	volcano	j	玄武岩
geopyroclastic	火砕流	火山	かさいりゅう	☁️	高温の火山灰や岩石、ガスが一体となって山の斜面を高速で流れ下る現象。とても危険で、ねばりけの強いマグマの火山で起こりやすい。	geo	volcano	j	火砕流
geohypocenter	震源	地震	しんげん	🎯	地下で地震が発生した場所。震源の真上の地表の点を震央といい、震源から震央までの深さを震源の深さという。	geo	quake	j	震源
geointensity	震度	地震	しんど	📶	ある地点でのゆれの大きさを表す値。日本では0〜7に5弱・5強・6弱・6強を加えた10段階。同じ地震でも場所で変わる。	geo	quake	j	震度
geomagnitude	マグニチュード	地震	まぐにちゅーど	📈	地震そのものの規模を表す値。1大きくなるとエネルギーは約32倍、2大きくなると1000倍になる。	geo	quake	j	マグニチュード
geopwave	P波	地震波	ぴーは	🟦	地震のときに最初に届く、速い波。岩石を進む方向に伸び縮みさせて伝わる。これが起こすゆれを初期微動という。	geo	quake	j	P波
geoswave	S波	地震波	えすは	🟥	P波におくれて届く波で、大きなゆれ(主要動)を起こす。進む方向と直角にゆらして伝わり、液体の中は伝わらない。	geo	quake	j	S波
geopretremor	初期微動	地震波	しょきびどう	〰️	地震で最初に起こる小さなゆれ。P波が届いて始まり、S波が届くまで続く。この時間を初期微動継続時間という。	geo	quake	j	初期微動
geosptime	初期微動継続時間	地震波	しょきびどうけいぞくじかん	⏱️	P波が届いてからS波が届くまでの時間。震源からの距離にほぼ比例するので、この時間から震源までの距離を求められる。	geo	quake	j	初期微動継続時間
geoplate	プレート	プレート	ぷれーと	🧩	地球の表面をおおう、厚さ数十〜100km程度の岩盤。十数枚に分かれ、1年に数cmずつ動いている。	geo	quake	j	プレート
geotrench	海溝	プレート	かいこう	🕳️	海洋プレートが大陸プレートの下にしずみこむ所にできる、海底の深いみぞ。日本海溝の近くでは大地震が多く起こる。	geo	quake	j	海溝
geoactivefault	活断層	断層	かつだんそう	⚠️	数十万年前以降にくり返し動いていて、これからも動く可能性がある断層。内陸で起こる直下型地震の原因となる。	geo	quake	j	活断層
geouplift	隆起	大地の変化	りゅうき	⬆️	土地がもち上がること。海でできた地層や貝の化石が山の上で見つかるのは、その土地が隆起したことを示している。	geo	quake	j	隆起
geoliquefaction	液状化	地震	えきじょうか	🏚️	地震のゆれで、水をふくんだ砂の地面がどろ水のようになる現象。建物がかたむいたり、マンホールがうき上がったりする。	geo	quake	j	液状化現象
geocrust	地殻	地球の内部	ちかく	🥚	地球のいちばん外側のうすい層。大陸地殻は厚さ30〜60kmで花こう岩質、海洋地殻は約5〜10kmで玄武岩質である。	geo	inside	h	地殻
geomantle	マントル	地球の内部	まんとる	🟠	地殻の下、深さ約2900kmまでの層。かんらん岩のような岩石でできていて、地球の体積の約8割をしめる。	geo	inside	h	マントル
geooutercore	外核	地球の内部	がいかく	🟡	深さ約2900〜5100kmの、鉄を主とする液体の層。S波が伝わらないことから液体と分かった。地磁気を生み出している。	geo	inside	h	外核
geoinnercore	内核	地球の内部	ないかく	🔴	深さ約5100kmから中心までの、鉄とニッケルを主とする固体の部分。とても高い圧力のため、高温でも固体になっている。	geo	inside	h	内核
geomoho	モホロビチッチ不連続面	地球の内部	もほろびちっちふれんぞくめん	📏	地殻とマントルの境界面。ここをこえると地震波の速さが急に速くなることから見つかった。モホ面とも略される。	geo	inside	h	モホロビチッチ不連続面
geogeoid	ジオイド	地球のすがた	じおいど	🌐	平均海面を陸地の下までのばしたと考えた面。重力の方向と垂直な面で、標高の基準になる。地球楕円体とは少しずれる。	geo	inside	h	ジオイド
geoisostasy	アイソスタシー	地球のすがた	あいそすたしー	⚖️	軽い地殻が重いマントルにうかび、つり合っているという考え。氷河がとけた北欧で土地が隆起しているのはその例。	geo	inside	h	アイソスタシー
geoellipsoid	地球楕円体	地球のすがた	ちきゅうだえんたい	🥚	地球の形に最も近い回転楕円体。自転の遠心力で赤道方向にふくらみ、偏平率は約300分の1である。	geo	inside	h	地球楕円体
geogeomagnet	地磁気	地球のすがた	ちじき	🧲	地球がもつ磁場。おもに外核の液体の鉄の流れによって生じる。方位磁針のN極が北を向くのは、北極近くに磁石のS極があるため。	geo	inside	h	地磁気
geolithosphere	リソスフェア	地球の内部	りそすふぇあ	🧱	地殻とマントルの最上部をあわせた、かたい岩盤の層。これがいくつにも分かれたものがプレートである。	geo	inside	h	リソスフェア
geoasthenosphere	アセノスフェア	地球の内部	あせのすふぇあ	🫠	リソスフェアの下にある、やわらかく流動しやすいマントルの層。地震波の速さが遅くなる低速度層にあたる。	geo	inside	h	アセノスフェア
geomantleconv	マントル対流	地球の内部	まんとるたいりゅう	♨️	マントルが長い時間をかけてゆっくり動く流れ。固体のままでも1年に数cmほど動き、プレートを動かす原動力と考えられている。	geo	inside	h	マントル対流
geoplatetectonics	プレートテクトニクス	プレート	ぷれーとてくとにくす	🧩	地球の表面が十数枚のプレートに分かれ、その動きで地震・火山・山脈などが生じると説明する考え方。	geo	quake	h	プレートテクトニクス
georidge	海嶺	プレート	かいれい	🌋	海底にある大山脈で、プレートが生まれて両側に広がっていく境界。マグマがわき出し、新しい海洋地殻がつくられる。	geo	quake	h	海嶺
geotransform	トランスフォーム断層	プレート	とらんすふぉーむだんそう	↔️	プレートどうしが横にすれちがう境界にできる断層。海嶺と海嶺をつなぐように分布し、北米のサンアンドレアス断層が有名。	geo	quake	h	トランスフォーム断層
geohotspot	ホットスポット	火山	ほっとすぽっと	🔥	プレートの動きと関係なく、マントル深部からマグマが上がってくる場所。ハワイ諸島のように火山島が列をつくる。	geo	volcano	h	ホットスポット (地学)
geonormalfault	正断層	断層	せいだんそう	↕️	左右に引っぱる力で、上側の岩盤がずり下がった断層。海嶺など、大地が引きのばされる場所に多い。	geo	quake	h	正断層
georeversefault	逆断層	断層	ぎゃくだんそう	⤴️	左右からおし合う力で、上側の岩盤がずり上がった断層。プレートがしずみこむ日本列島には多く見られる。	geo	quake	h	逆断層
geoaccretion	付加体	プレート	ふかたい	🪨	海洋プレートがしずみこむとき、上にのっていた堆積物がはぎ取られて陸側に付け加わったもの。日本列島の多くをつくる。	geo	quake	h	付加体
geosubduction	沈み込み帯	プレート	しずみこみたい	⤵️	海洋プレートが別のプレートの下へしずんでいく境界。海溝ができ、大地震や火山活動が多い。日本列島はこの上にある。	geo	quake	h	沈み込み帯
geocirculation	大気の大循環	大気	たいきのだいじゅんかん	🌍	赤道と高緯度の間の熱の差によって生じる、地球規模の大気の流れ。低緯度から高緯度へ熱を運んでいる。	geo	air	h	大気の大循環
geohadley	ハドレー循環	大気	はどれーじゅんかん	🔁	赤道付近で上昇した空気が上空を高緯度へ進み、緯度30度付近で下降してもどる循環。地上には貿易風がふく。	geo	air	h	ハドレー循環
geocoriolis	コリオリの力	大気	こりおりのちから	🌀	地球の自転によって、動く物体に見かけ上はたらく力。北半球では進む向きの右へ、南半球では左へ曲げるようにはたらく。	geo	air	h	コリオリの力
geotradewind	貿易風	大気	ぼうえきふう	⛵	亜熱帯高圧帯から赤道へ向かってふく東よりの風。北半球では北東、南半球では南東からふき、帆船の貿易に利用された。	geo	air	h	貿易風
geoelnino	エルニーニョ現象	海洋	えるにーにょげんしょう	🌡️	太平洋赤道域の東部で海面水温が平年より高い状態が続く現象。貿易風が弱まることで起こり、世界の天候に影響する。	geo	air	h	エルニーニョ・南方振動
geolanina	ラニーニャ現象	海洋	らにーにゃげんしょう	🧊	太平洋赤道域の東部で海面水温が平年より低い状態が続く現象。貿易風が強まり、西部にあたたかい海水がたまる。	geo	air	h	ラニーニャ現象
geotroposphere	対流圏	大気の層	たいりゅうけん	☁️	地表から高さ約11kmまでの大気の層。上へ行くほど気温が下がり、雲の発生や雨など天気の変化はここで起こる。	geo	air	h	対流圏
geostratosphere	成層圏	大気の層	せいそうけん	✈️	対流圏の上、高さ約11〜50kmの層。オゾンが紫外線を吸収するため、上へ行くほど気温が上がる。	geo	air	h	成層圏
geoozonelayer	オゾン層	大気の層	おぞんそう	🛡️	成層圏にあるオゾンの多い層。太陽からの有害な紫外線を吸収して生物を守る。フロンによる破壊が問題となった。	geo	air	h	オゾン層
geokuroshio	黒潮	海洋	くろしお	🐟	日本の南岸を北東へ流れる暖流。北太平洋を時計回りに回る大きな海流の一部で、流れが速く栄養分が少ない。	geo	air	h	黒潮
geofoehn	フェーン現象	気象	ふぇーんげんしょう	🔥	しめった風が山をこえて反対側にふき下りると、高温で乾燥した風になる現象。雲ができるとき放出される潜熱が原因。	geo	weather	h	フェーン現象
geoextratropical	温帯低気圧	気象	おんたいていきあつ	🌀	中緯度で寒気と暖気の境目にできる低気圧。前線をともなうのが特ちょうで、偏西風に流されて西から東へ進む。	geo	weather	h	温帯低気圧
geogreenhouse	温室効果	気候	おんしつこうか	🏭	大気中の二酸化炭素や水蒸気が地表からの赤外線を吸収し、地表をあたためる効果。これがないと地表は約マイナス18℃になる。	geo	air	h	温室効果
georadiometric	放射年代	地質時代	ほうしゃねんだい	☢️	岩石にふくまれる放射性同位体が一定の割合でこわれることを利用して求めた年代。数値で表すので数値年代ともいう。	geo	strata	h	放射年代測定
geopaleozoic	古生代	地質時代	こせいだい	🐟	約5億4千万年前から約2億5千万年前までの時代。三葉虫や魚類が栄え、植物や動物が陸に進出した。	geo	strata	h	古生代
geomesozoic	中生代	地質時代	ちゅうせいだい	🦕	約2億5千万年前から約6600万年前までの時代。恐竜やアンモナイトが栄えたが、終わりに巨大いん石の衝突で絶滅した。	geo	strata	h	中生代
geocenozoic	新生代	地質時代	しんせいだい	🦣	約6600万年前から現在までの時代。ほ乳類や被子植物が栄えた。ビカリアやマンモスが代表的な示準化石である。	geo	strata	h	新生代
geogradedbed	級化層理	地層	きゅうかそうり	🔽	一つの地層の中で、下から上へ粒がしだいに細かくなっている構造。大きい粒が先にしずむためにでき、地層の上下判定に使う。	geo	strata	h	級化層理
geotracefossil	生痕化石	化石	せいこんかせき	👣	生物の体ではなく、足あとや巣あな、はったあとなど生活のあとが残った化石。当時の生物の行動が分かる。	geo	strata	h	生痕化石
geometamorphic	変成岩	変成岩	へんせいがん	🔥	すでにある岩石が、高い温度や圧力を受けて、とけずに別の鉱物や組織に変わった岩石。接触変成岩と広域変成岩がある。	geo	volcano	h	変成岩
geomarble	大理石	変成岩	だいりせき	🏛️	石灰岩がマグマの熱を受けてできた接触変成岩。結晶質石灰岩ともいい、方解石の大きな結晶が集まっている。	geo	volcano	h	大理石
geoperidotite	かんらん岩	火成岩	かんらんがん	🟢	かんらん石を多くふくむ、緑っぽく黒い深成岩。上部マントルは主にこの岩石でできていると考えられている。	geo	volcano	h	橄欖岩
geocaldera	カルデラ	火山	かるでら	🕳️	大規模な噴火のあと、地下のマグマがぬけて山頂部が陥没してできた大きなくぼ地。阿蘇山のカルデラが有名。	geo	volcano	h	カルデラ
geostratovolcano	成層火山	火山	せいそうかざん	🗻	溶岩と火山砕せつ物が交互に積み重なってできた円すい形の火山。富士山が代表で、日本の火山に多い形。	geo	volcano	h	成層火山
geolavadome	溶岩ドーム	火山	ようがんどーむ	⛰️	ねばりけの強いマグマが火口からおし出され、ドーム状に盛り上がったもの。昭和新山や雲仙普賢岳の平成新山が例。	geo	volcano	h	溶岩ドーム
geonaturallevee	自然堤防	地形	しぜんていぼう	🌾	洪水で川があふれたとき、川岸に砂が積もってできる小高い土地。その外側の低い所は後背湿地になる。	geo	river	h	自然堤防
geooxbow	三日月湖	地形	みかづきこ	🌙	大きく蛇行していた川の一部が、洪水などで流れがまっすぐになり取り残されてできた湖。石狩川に多く見られる。	geo	river	h	三日月湖
geocoastalterrace	海岸段丘	地形	かいがんだんきゅう	🪜	海岸にそって階段状にできた地形。波のしん食でできた平らな面が、土地の隆起によって海面より高くなったもの。	geo	river	h	海岸段丘
geokarst	カルスト地形	地形	かるすとちけい	🕳️	石灰岩が二酸化炭素をふくむ雨水にとかされてできる地形。鍾乳洞やくぼ地ができる。山口県の秋吉台が有名。	geo	river	h	カルスト地形
geomeander	蛇行	地形	だこう	🐍	川がくねくねと曲がって流れること。曲がりの外側はしん食され、内側には堆積がすすむため、曲がりがしだいに大きくなる。	geo	river	h	蛇行
