#key	名前	分類	よみ	絵文字	解説	図	区画	学年	Wikipedia題名
elh	水素	気体の元素	すいそ	🎈	いちばん軽い元素で記号はH。亜鉛やマグネシウムに塩酸を加えると発生し、火を近づけるとポンと音を立てて燃えて水ができる。	ptable	1	j	水素
elhe	ヘリウム	貴ガス	へりうむ	🎈	記号はHe。水素の次に軽い気体で、燃えないので風船や飛行船に使われる。貴ガスのなかまで、ほかの原子とほとんど結びつかない。	ptable	2	h	ヘリウム
elli	リチウム	アルカリ金属	りちうむ	🔋	記号はLi。いちばん軽い金属で、スマホのリチウムイオン電池に使われる。炎色反応は赤色で、水と反応して水素を出す。	ptable	3	h	リチウム
elb	ホウ素	半金属	ほうそ	🧪	記号はB。ホウ酸や、熱に強いホウケイ酸ガラス(理科室のビーカーなど)の原料になる。単体は黒っぽく、とても硬い。	ptable	5	h	ホウ素
elc	炭素	非金属	たんそ	✏️	記号はC。ダイヤモンドと黒鉛(鉛筆のしん)はどちらも炭素だけでできた同素体。有機物にはかならず炭素がふくまれている。	ptable	6	j	炭素
eln	窒素	気体の元素	ちっそ	🌬️	記号はN。空気の体積の約78%をしめる気体で、色もにおいもない。ものを燃やすはたらきはなく、燃えたあとも量は変わらない。	ptable	7	e	窒素
elf	フッ素	ハロゲン	ふっそ	🦷	記号はF。電気陰性度が全元素でいちばん大きいハロゲン。歯みがき粉のフッ化物や、こげつかないフライパンのフッ素樹脂に使われる。	ptable	9	h	フッ素
elne	ネオン	貴ガス	ねおん	💡	記号はNe。貴ガスのなかまで、ガラス管の中で放電させると赤っぽいオレンジ色に光るため、ネオンサインに使われる。	ptable	10	h	ネオン
elna	ナトリウム	アルカリ金属	なとりうむ	🧂	記号はNa。ナイフで切れるほどやわらかい金属。水に入れるとはげしく反応して水素を出すので、石油の中に保存する。炎色反応は黄色。	ptable	11	j	ナトリウム
elmg	マグネシウム	金属	まぐねしうむ	✨	記号はMg。空気中で熱すると白く強い光を出して燃え、白い酸化マグネシウムになる。塩酸に入れると水素を発生する。	ptable	12	j	マグネシウム
elal	アルミニウム	金属	あるみにうむ	🥫	記号はAl。軽い金属で1円玉や缶に使われる。電気は通すが磁石にはつかない。塩酸にも水酸化ナトリウム水溶液にも溶ける。	ptable	13	e	アルミニウム
elsi	ケイ素	半金属	けいそ	💻	記号はSi。地殻に酸素の次に多い元素。岩石や砂の主な成分で、半導体としてコンピューターのチップや太陽電池に使われる。	ptable	14	h	ケイ素
elp	リン	非金属	りん	🔥	記号はP。黄リンと赤リンは同素体。黄リンは空気中で自然に燃え出すので水の中に保存する。赤リンはマッチ箱のこする面に使われる。	ptable	15	h	リン
els	硫黄	非金属	いおう	🌋	記号はS。火山のまわりで見られる黄色い固体。鉄と混ぜて加熱すると硫化鉄ができ、燃やすと鼻をつくにおいの二酸化硫黄ができる。	ptable	16	j	硫黄
elcl	塩素	ハロゲン	えんそ	🏊	記号はCl。黄緑色で強いにおいのある有毒な気体。殺菌する力があり、水道水やプールの消毒に使われる。塩酸を電気分解すると陽極に出る。	ptable	17	j	塩素
elar	アルゴン	貴ガス	あるごん	💡	記号はAr。空気の約0.9%をしめ、窒素・酸素の次に多い。ほかの物質と反応しにくいので、電球の中や金属の溶接に使われる。	ptable	18	h	アルゴン
elk	カリウム	アルカリ金属	かりうむ	🍌	記号はK。水とはげしく反応するアルカリ金属で、炎色反応は赤紫色。窒素・リンとならぶ肥料の三要素の一つ。	ptable	19	j	カリウム
elti	チタン	金属	ちたん	🦴	記号はTi。軽くて強く、さびにくい金属。体になじみやすいので人工の関節やめがねのフレーム、飛行機の部品に使われる。	ptable	22	h	チタン
elcr	クロム	遷移元素	くろむ	🍴	記号はCr。鉄にクロムとニッケルを混ぜるとさびにくいステンレス鋼になる。めっきにも使われ、表面をぴかぴかに守る。	ptable	24	h	クロム
elmn	マンガン	遷移元素	まんがん	🔋	記号はMn。二酸化マンガンは乾電池の材料。過酸化水素水(オキシドール)に二酸化マンガンを加えると酸素が発生する。	ptable	25	h	マンガン
elfe	鉄	金属	てつ	🧲	記号はFe。磁石に引きつけられる金属。湿った空気の中で酸化して赤さびになる。鉄鉱石をコークスで還元して取り出す。	ptable	26	e	鉄
elco	コバルト	遷移元素	こばると	🔵	記号はCo。鉄やニッケルと同じく磁石につく金属。あざやかな青い顔料(コバルトブルー)や、電池の材料に使われる。	ptable	27	h	コバルト
elni	ニッケル	遷移元素	にっける	🪙	記号はNi。磁石につく銀白色の金属。50円玉や100円玉は銅とニッケルの合金(白銅)でできている。ステンレス鋼にもふくまれる。	ptable	28	h	ニッケル
elcu	銅	金属	どう	🥉	記号はCu。電気や熱をよく通す赤っぽい金属で、電線に使われる。空気中で熱すると黒い酸化銅になる。10円玉の主な材料。	ptable	29	e	銅
elzn	亜鉛	金属	あえん	🔩	記号はZn。鉄板に亜鉛をめっきしたものがトタン。塩酸に入れると水素を発生する。電池では電子を出して溶けていく負極になる。	ptable	30	j	亜鉛
elbr	臭素	ハロゲン	しゅうそ	🧪	記号はBr。常温で液体の非金属は臭素だけ。赤褐色で強いにおいがある。二重結合をもつ物質にふれると色が消えるので検出に使う。	ptable	35	h	臭素
elkr	クリプトン	貴ガス	くりぷとん	💡	記号はKr。空気にごくわずかふくまれる貴ガス。反応しにくく熱を伝えにくいので、電球に入れてフィラメントを長持ちさせる。	ptable	36	h	クリプトン
elag	銀	金属	ぎん	🥈	記号はAg。金属の中で電気と熱をいちばんよく通す。黒い酸化銀を加熱すると、白っぽい銀と酸素に分解する。	ptable	47	j	銀
elsn	スズ	金属	すず	🥫	記号はSn。やわらかくさびにくい金属。鉄板にスズをめっきしたものがブリキ。銅との合金が青銅(ブロンズ)。	ptable	50	h	スズ
eli	ヨウ素	ハロゲン	ようそ	🟣	記号はI。黒紫色の固体で、熱すると液体にならずに気体になる(昇華)。ヨウ素液はでんぷんにふれると青紫色になる。	ptable	53	h	ヨウ素
elxe	キセノン	貴ガス	きせのん	📸	記号はXe。空気にごくわずかしかない貴ガス。放電すると明るい白い光を出すので、車のヘッドライトやカメラのフラッシュに使われる。	ptable	54	h	キセノン
elcs	セシウム	アルカリ金属	せしうむ	⏱️	記号はCs。とてもやわらかく反応しやすいアルカリ金属。1秒の長さは、セシウム原子が出す電磁波(マイクロ波)の振動の回数をもとに決められている。	ptable	55	h	セシウム
elba	バリウム	アルカリ土類金属	ばりうむ	🩻	記号はBa。硫酸と水酸化バリウム水溶液を中和すると、水に溶けない白い硫酸バリウムが沈む。炎色反応は黄緑色。	ptable	56	j	バリウム
elw	タングステン	金属	たんぐすてん	💡	記号はW。金属の中で融点がいちばん高く、約3400℃。高温でも溶けにくいので、白熱電球のフィラメントに使われてきた。	ptable	74	h	タングステン
elpt	白金	貴金属	はっきん	💍	記号はPt。プラチナとも呼ばれる。さびず、ふつうの酸にはほとんど溶けない貴金属で、アクセサリーや電極に使われる。	ptable	78	h	白金
elau	金	貴金属	きん	🥇	記号はAu。さびずにいつまでも光る貴金属。たたくとうすく広がる性質(展性)がとても大きく、向こうがすけて見えるほどうすい金箔にできる。	ptable	79	j	金
elhg	水銀	金属	すいぎん	🌡️	記号はHg。常温で液体の金属はこれだけ。以前は温度計や体温計に使われたが、毒性があるため今はほとんど使われない。	ptable	80	h	水銀
elpb	鉛	金属	なまり	🔋	記号はPb。重くてやわらかい金属。自動車のバッテリー(鉛蓄電池)や、放射線をさえぎる板に使われる。体に有害なので注意。	ptable	82	h	鉛
elrn	ラドン	貴ガス	らどん	♨️	記号はRn。放射線を出す貴ガスで、ラジウムが放射線を出してこわれるとできる。ラドンを少しふくむ温泉はラドン温泉と呼ばれる。	ptable	86	h	ラドン
elu	ウラン	放射性元素	うらん	☢️	記号はU、原子番号92。天然に多く存在する元素でいちばん重い。ウラン235は核分裂を起こし、原子力発電の燃料になる。	ptable	92	h	ウラン
chmsolid	固体	物質の状態	こたい	🧊	氷や鉄のように、決まった形と体積をもつ状態。つぶがぎっしり並び、その場でふるえている。温めると液体になる。	chem	matter	e	固体
chmliquid	液体	物質の状態	えきたい	💧	水のように、体積は決まっているが形は入れ物に合わせて変わる状態。つぶが近くにありながら、たがいに動き回っている。	chem	matter	e	液体
chmgas	気体	物質の状態	きたい	💨	空気や水蒸気のように、決まった形も体積もない状態。つぶが飛び回っていて、液体から気体になると体積は大きくふえる。	chem	matter	e	気体
chmsteam	水蒸気	物質の状態	すいじょうき	♨️	水が気体になったもの。目に見えない。水が水蒸気になると体積は約1700倍にもなる。冷やされると小さな水のつぶにもどる。	chem	matter	e	水蒸気
chmyuge	湯気	物質の状態	ゆげ	☕	やかんの口から出る白いもの。水蒸気が冷やされてできた小さな水のつぶなので、じつは液体。口のすぐ近くの透明な部分が水蒸気。	chem	matter	e	湯気
chmboil	沸騰	状態変化	ふっとう	🫖	液体の内部からも気体になって、あわがさかんに出ること。水はふつう100℃で沸騰し、沸騰している間は温度が上がらない。	chem	matter	e	沸騰
chmmetal	金属	物質の性質	きんぞく	🔩	鉄・銅・アルミニウムなど。みがくと光り、電気や熱をよく通し、たたくと広がる。磁石につくのは鉄などで、全部の金属ではない。	chem	matter	e	金属
chmsolution	水溶液	水溶液	すいようえき	🧪	ものが水に溶けた液。透明で、溶けたものは液全体に均一に広がり、時間がたっても沈まない。色がついていても透明なら水溶液。	chem	sol	e	水溶液
chmacidic	酸性	酸・アルカリ	さんせい	🍋	青色リトマス紙を赤く変える性質。塩酸や炭酸水、レモン汁などが酸性。中学ではpHが7より小さいと習う。	chem	sol	e	酸性
chmalkaline	アルカリ性	酸・アルカリ	あるかりせい	🧼	赤色リトマス紙を青く変える性質。石灰水や水酸化ナトリウム水溶液、アンモニア水などがアルカリ性。pHは7より大きい。	chem	sol	e	アルカリ性
chmneutral	中性	酸・アルカリ	ちゅうせい	⚖️	酸性でもアルカリ性でもない性質。食塩水や砂糖水が中性で、どちらの色のリトマス紙も色が変わらない。pHは7。	chem	sol	e	中性 (化学)
chmlitmus	リトマス紙	酸・アルカリ	りとますし	📄	水溶液の性質を調べる紙。酸性は青→赤、アルカリ性は赤→青に変わる。液はガラス棒でつけ、指で直接さわらない。	chem	sol	e	リトマス試験紙
chmdissolve	ものの溶け方	水溶液	もののとけかた	🥄	ものを水に溶かしても、全体の重さは水とものの重さの合計になり、へらない。見えなくなってもなくなったわけではない。	chem	sol	e	溶解
chmsaltwater	食塩水	水溶液	しょくえんすい	🧂	食塩を水に溶かした中性の水溶液。水を蒸発させると白い食塩の結晶が出てくる。温度を上げても溶ける量はあまり変わらない。	chem	sol	e	食塩水
chmlimewater	石灰水	水溶液	せっかいすい	🥛	消石灰(水酸化カルシウム)を溶かしたアルカリ性の水溶液。二酸化炭素を通すと白くにごるので、その検出に使う。	chem	sol	e	石灰水
chmsoda	炭酸水	水溶液	たんさんすい	🫧	二酸化炭素が溶けた弱い酸性の水溶液。気体が溶けているので、水を蒸発させても何も残らない。温めると溶けていた気体が出ていく。	chem	sol	e	炭酸水
chmhcl	塩酸	水溶液	えんさん	⚗️	塩化水素という気体が溶けた酸性の水溶液。鉄やアルミニウムを入れると水素を出して溶かす。蒸発させると何も残らない。	chem	sol	e	塩酸
chmnaoh	水酸化ナトリウム水溶液	水溶液	すいさんかなとりうむすいようえき	🧴	強いアルカリ性の水溶液。アルミニウムを溶かして水素を出すが、鉄は溶かさない。皮ふや目をいためるので保護めがねを使う。	chem	sol	e	水酸化ナトリウム
chmalum	ミョウバン	水溶液	みょうばん	💎	温度によって水に溶ける量が大きく変わる物質。熱い水にたくさん溶かして冷やすと、きれいな八面体の結晶が出てくる。	chem	sol	e	ミョウバン
chmboric	ホウ酸	水溶液	ほうさん	🧪	白い粉で、水に溶かすと弱い酸性になる。ミョウバンと同じく、水の温度が高いほど多く溶けるので、冷やすと結晶が出る。	chem	sol	e	ホウ酸
chmlimit	溶ける量	水溶液	とけるりょう	📏	決まった量の水に溶けるものの量には限りがある。水の量を2倍にすれば溶ける量も2倍になる。温度による変わり方はものによってちがう。	chem	sol	e	溶解度
chmburn	ものの燃え方	燃焼	もののもえかた	🔥	ものが燃えるには、新しい空気(酸素)が必要。燃えたあとの空気は酸素が減り、二酸化炭素がふえている。窒素はそのまま。	chem	react	e	燃焼
chmcharcoal	木炭	燃焼	もくたん	⚫	木を空気にふれないように蒸し焼きにしてできる炭。ほとんど炭素で、ほのおを出さずに赤く燃え、二酸化炭素ができる。	chem	react	e	木炭
chmmetalacid	水溶液と金属	化学変化	すいようえきときんぞく	🔬	塩酸に鉄やアルミニウムを入れると、あわ(水素)を出して溶ける。溶けた液を蒸発させて出てくる物は、もとの金属とはちがう物。	chem	react	e	イオン化傾向
chmcylinder	メスシリンダー	実験器具	めすしりんだー	📏	液体の体積をはかる器具。水平な台に置き、目の高さを液面に合わせて、へこんだ液面のいちばん低いところを読む。	chem	lab	e	メスシリンダー
chmlamp	アルコールランプ	実験器具	あるこーるらんぷ	🕯️	アルコールを燃やして加熱する器具。アルコールは8分目くらい入れる。火を消すときは、ふたをななめ上からかぶせて消す。	chem	lab	e	アルコールランプ
chmfilter	ろ過	実験操作	ろか	🫗	ろ紙を使って、液体に混ざった溶けていない固体を分ける方法。液はガラス棒に伝わらせて注ぎ、ろうとの先をビーカーのかべにつける。	chem	lab	e	濾過
chmevap	蒸発	実験操作	じょうはつ	☀️	液体の表面から気体になって出ていくこと。沸騰しなくても起こる。水溶液の水を蒸発させると、溶けていた固体を取り出せる。	chem	lab	e	蒸発
chmbeaker	ビーカー	実験器具	びーかー	🥛	液体を入れたり混ぜたり、温めたりするための口の広い入れ物。目盛りはおおよその量なので、正確な体積はメスシリンダーではかる。	chem	lab	e	ビーカー
chmtube	試験管	実験器具	しけんかん	🧪	少ない量の物を反応させたり加熱したりする細いガラス管。加熱するときは口を人のいないほうに向け、ときどきふる。	chem	lab	e	試験管
chmbalance	電子てんびん	実験器具	でんしてんびん	⚖️	物の重さ(質量)を数字ではかる器具。水平な所に置き、薬包紙などをのせてから0に合わせると、のせた物だけの重さがはかれる。	chem	lab	e	電子天秤
chmdetector	気体検知管	実験器具	きたいけんちかん	📟	空気の中の酸素や二酸化炭素の割合を調べる器具。気体を吸いこむと、目盛りのところまで色が変わる。使った直後の管は熱いので注意。	chem	lab	e	ガス検知管
chmfunnel	ろうと	実験器具	ろうと	🔻	ろ過のときにろ紙をはめて使う、じょうごの形の器具。足の長いほうの先をビーカーのかべにつけて、液がはねないようにする。	chem	lab	e	漏斗
chmglassrod	ガラス棒	実験器具	がらすぼう	🥢	液をかき混ぜたり、ろ過のときに液を伝わらせて注いだりする棒。リトマス紙に液をつけるのにも使う。使うたびに水で洗う。	chem	lab	e	撹拌棒
chmevapdish	蒸発皿	実験器具	じょうはつざら	🍽️	水溶液を加熱して水を蒸発させ、溶けていた物を取り出すための皿。熱い皿はすぐにさわらず、冷めるのを待つ。	chem	lab	e	蒸発皿
chmpipette	駒込ピペット	実験器具	こまごめぴぺっと	💉	少量の液体を吸い取って移す器具。ゴム球に液が入らないよう、先を上に向けないで使う。名前は東京の駒込病院に由来する。	chem	lab	e	ピペット
chmgoggles	保護めがね	実験器具	ほごめがね	🥽	薬品や加熱した液が目に入るのを防ぐめがね。水溶液を使う実験や加熱の実験では、かならずかける。	chem	lab	e	ゴーグル
chmspatula	薬さじ	実験器具	やくさじ	🥄	粉の薬品をすくい取る小さなさじ。1本を複数の薬品に使うときは、薬品が混ざらないように使うたびにふいてきれいにする。	chem	lab	e	薬匙
chmiodinesol	ヨウ素液	有機物	ようそえき	🟤	うすい茶色の液。でんぷんにつけると青紫色に変わるので、でんぷんがあるかどうかを調べるのに使う。	chem	organic	e	ヨウ素デンプン反応
chmcandle	ろうそく	有機物	ろうそく	🕯️	ろうが燃えると二酸化炭素と水ができる。とかしたろうがしんを上がり、気体になって燃える。ほのおは外炎がいちばん温度が高い。	chem	organic	e	蝋燭
chmpure	純物質	物質の分類	じゅんぶっしつ	💎	1種類の物質だけでできているもの。水・酸素・鉄など。融点や沸点が決まっていて、状態変化の間は温度が一定になる。	chem	matter	j	純物質
chmmixture	混合物	物質の分類	こんごうぶつ	🥗	2種類以上の物質が混ざったもの。空気・海水・食塩水など。沸点が決まらないので、加熱したときの温度は変わり続ける。	chem	matter	j	混合物
chmchange	状態変化	状態変化	じょうたいへんか	🔄	固体・液体・気体の間で状態が変わること。体積は変わるが、質量は変わらない。物質の種類も変わらないので化学変化ではない。	chem	matter	j	相転移
chmdensity	密度	物質の性質	みつど	📦	1cm³あたりの質量。質量÷体積で求める。水は約1g/cm³で、これより密度の小さい物は水に浮き、大きい物は沈む。	chem	matter	j	密度
chmmp	融点	状態変化	ゆうてん	🧊	固体がとけて液体になるときの温度。純物質では決まった値になり、物質を見分ける手がかりになる。水の融点は0℃。	chem	matter	j	融点
chmbp	沸点	状態変化	ふってん	🌡️	液体が沸騰するときの温度。水は100℃、エタノールは約78℃。純物質では決まった値になる。	chem	matter	j	沸点
chmductile	延性	物質の性質	えんせい	🧵	引っぱると細い線のようにのびる、金属に共通の性質。金や銅はとくに延性が大きく、細い針金や電線に加工できる。	chem	matter	j	延性
chmmalleable	展性	物質の性質	てんせい	🔨	たたくとうすく広がる、金属に共通の性質。引っぱると細くのびる性質は延性という。金属光沢や電気を通すことと合わせて金属の特徴。	chem	matter	j	展性
chmsolute	溶質	水溶液	ようしつ	🧂	水溶液で、溶けている物質のこと。食塩水なら食塩。溶質を溶かしている液体を溶媒、できた液全体を溶液という。	chem	sol	j	溶質
chmsolvent	溶媒	水溶液	ようばい	💧	溶質を溶かしている液体。水溶液では水が溶媒。エタノールなど水以外の液体が溶媒になることもある。	chem	sol	j	溶媒
chmsolubility	溶解度	水溶液	ようかいど	📈	100gの水に溶かすことのできる物質の最大の質量。温度によって変わり、そのグラフを溶解度曲線という。	chem	sol	j	溶解度
chmsaturated	飽和水溶液	水溶液	ほうわすいようえき	🫙	物質が溶解度まで溶けて、それ以上は溶けない状態の水溶液。温度を下げると溶けきれなくなった分が結晶として出てくる。	chem	sol	j	飽和
chmrecryst	再結晶	水溶液	さいけっしょう	❄️	一度溶かした物質を、冷やしたり水を蒸発させたりして結晶として取り出すこと。温度で溶解度が大きく変わる物は冷やす方法が向く。	chem	sol	j	再結晶
chmpercent	質量パーセント濃度	水溶液	しつりょうぱーせんとのうど	💯	溶質の質量÷溶液の質量×100で求める濃さ。分母は水だけでなく溶質もふくめた全体の質量なので、まちがえやすい。	chem	sol	j	濃度
chmelectrolyte	電解質	水溶液	でんかいしつ	⚡	水に溶かすと電流が流れる物質。塩化ナトリウムや塩化水素など。砂糖やエタノールのように電流が流れない物は非電解質。	chem	sol	j	電解質
chmneutralize	中和	酸・アルカリ	ちゅうわ	🤝	酸とアルカリが反応して、たがいの性質を打ち消し合うこと。水素イオンと水酸化物イオンが結びついて水ができ、同時に塩もできる。	chem	sol	j	中和
chmph	pH	酸・アルカリ	ぴーえいち	🔢	酸性やアルカリ性の強さを0〜14の数字で表したもの。7が中性で、7より小さいほど酸性が強く、大きいほどアルカリ性が強い。	chem	sol	j	水素イオン指数
chmbtb	BTB溶液	酸・アルカリ	びーてぃーびーようえき	🟢	酸性で黄色、中性で緑色、アルカリ性で青色になる指示薬。中和の実験で、ちょうど中性になったところを見つけるのに使う。	chem	sol	j	ブロモチモールブルー
chmphenol	フェノールフタレイン	酸・アルカリ	ふぇのーるふたれいん	🩷	アルカリ性のときだけ赤色になり、酸性や中性では無色の指示薬。アルカリ性かどうかを調べるのに使う。	chem	sol	j	フェノールフタレイン
chmchemchange	化学変化	化学変化	かがくへんか	💥	もとの物質とはちがう新しい物質ができる変化。化学反応ともいう。状態変化とちがい、物質そのものが別の物に変わる。	chem	react	j	化学反応
chmoxidation	酸化	化学変化	さんか	🟤	物質が酸素と結びつくこと。鉄がさびるようにおだやかに進むものと、光や熱を出してはげしく進む燃焼がある。	chem	react	j	酸化
chmreduction	還元	化学変化	かんげん	🔁	酸化物から酸素を取り除くこと。酸化銅と炭素を加熱すると銅が取り出せ、このとき炭素は酸化されて二酸化炭素になる。	chem	react	j	還元
chmcombustion	燃焼	化学変化	ねんしょう	🔥	物質が熱や光を出しながらはげしく酸化されること。有機物が燃焼すると、二酸化炭素と水ができる。	chem	react	j	燃焼
chmdecomp	分解	化学変化	ぶんかい	🧩	1種類の物質が2種類以上の物質に分かれる化学変化。炭酸水素ナトリウムを加熱すると、炭酸ナトリウム・水・二酸化炭素に分かれる。	chem	react	j	分解反応
chmelectrolysis	電気分解	化学変化	でんきぶんかい	🔋	電流を流して物質を分解すること。水を電気分解すると、陰極に水素、陽極に酸素が、体積の比2:1で発生する。	chem	react	j	電気分解
chmequation	化学反応式	化学変化	かがくはんのうしき	📝	化学変化を化学式で表した式。矢印の左右で原子の種類と数が等しくなるように係数をつける。例 2H₂+O₂→2H₂O。	chem	react	j	化学反応式
chmconserv	質量保存の法則	化学変化	しつりょうほぞんのほうそく	⚖️	化学変化の前後で、物質全体の質量は変わらないという法則。原子の組み合わせが変わるだけで、原子の数は変わらないため。	chem	react	j	質量保存の法則
chmexo	発熱反応	化学変化	はつねつはんのう	♨️	熱を出して周りの温度を上げる化学変化。鉄粉が酸化する使い捨てカイロや、燃焼が代表例。	chem	react	j	発熱反応
chmendo	吸熱反応	化学変化	きゅうねつはんのう	🥶	周りから熱をうばって温度を下げる化学変化。塩化アンモニウムと水酸化バリウムを混ぜる反応が代表例。	chem	react	j	吸熱反応
chmcuo	酸化銅	化学変化	さんかどう	⬛	銅を空気中で加熱してできる黒い物質。銅と酸素は質量比およそ4:1で結びつく。炭素や水素で還元すると赤い銅にもどる。	chem	react	j	酸化銅(II)
chmsymbol	元素記号	原子と分子	げんそきごう	🔤	元素をアルファベット1〜2文字で表した記号。1文字目は大文字、2文字目は小文字で書く。例 Na(ナトリウム)、Cl(塩素)。	chem	bond	j	元素記号
chmatom	原子	原子と分子	げんし	⚛️	物質をつくる、それ以上分けられない小さなつぶ。化学変化でなくなったり新しくできたりせず、種類によって質量や大きさが決まっている。	chem	bond	j	原子
chmmolecule	分子	原子と分子	ぶんし	🔗	いくつかの原子が結びついてできた、物質の性質を示す最小のつぶ。水分子は水素原子2個と酸素原子1個からできている。	chem	bond	j	分子
chmelement	単体	物質の分類	たんたい	🟦	1種類の元素だけでできている物質。水素・酸素・鉄・銅など。これ以上ほかの物質に分解できない。	chem	bond	j	単体
chmcompound	化合物	物質の分類	かごうぶつ	🟪	2種類以上の元素が結びついてできた物質。水・二酸化炭素・塩化ナトリウムなど。化学変化で別の物質に分解できる。	chem	bond	j	化合物
chmcation	陽イオン	イオン	よういおん	➕	原子が電子を失って、全体として＋の電気を帯びたもの。水素イオンH⁺や銅イオンCu²⁺など。電気分解では陰極に引かれる。	chem	bond	j	陽イオン
chmanion	陰イオン	イオン	いんいおん	➖	原子が電子を受け取って、全体として－の電気を帯びたもの。塩化物イオンCl⁻や水酸化物イオンOH⁻など。陽極に引かれる。	chem	bond	j	陰イオン
chmformula	化学式	原子と分子	かがくしき	🧾	物質を元素記号と数字で表した式。右下の小さな数字は原子の数を表す。例 水はH₂O、二酸化炭素はCO₂。	chem	bond	j	化学式
chmionize	電離	イオン	でんり	✂️	電解質が水に溶けて、陽イオンと陰イオンに分かれること。塩化ナトリウムは水に溶けるとナトリウムイオンと塩化物イオンに電離する。	chem	bond	j	電離
chmperiodic	周期表	原子と分子	しゅうきひょう	🗂️	元素を原子番号の順に並べ、性質の似た元素が縦の列にそろうようにした表。縦の列を族、横の行を周期という。	chem	bond	j	周期表
chmburner	ガスバーナー	実験器具	がすばーなー	🔥	ガスを燃やして加熱する器具。火をつけるときは先にガス調節ねじ、次に空気調節ねじを開き、ほのおを青色にする。消すときは逆の順。	chem	lab	j	ブンゼンバーナー
chmwaterdisp	水上置換法	気体の集め方	すいじょうちかんほう	🫙	水に溶けにくい気体を、水と入れかえて集める方法。酸素や水素に使う。空気が混じりにくく、集めた量も見やすい。	chem	lab	j	水上置換
chmdowndisp	下方置換法	気体の集め方	かほうちかんほう	⬇️	水に溶けやすく、空気より重い(密度が大きい)気体を集める方法。二酸化炭素や塩素に使う。上方置換法はアンモニアに使う。	chem	lab	j	下方置換
chmboilchip	沸騰石	実験器具	ふっとうせき	🪨	液体を加熱するときに入れる小さな石。急に激しく沸騰する突沸を防ぐ。蒸留の実験では必ず入れる。	chem	lab	j	沸騰石
chmorganic	有機物	有機物	ゆうきぶつ	🌿	炭素をふくむ物質。砂糖・でんぷん・ろう・プラスチックなど。燃やすと二酸化炭素と水ができ、黒くこげるものが多い。	chem	organic	j	有機化合物
chminorganic	無機物	有機物	むきぶつ	🪨	有機物以外の物質。食塩・ガラス・金属など。炭素や二酸化炭素は炭素をふくむが、ふつう無機物に分ける。	chem	organic	j	無機化合物
chmplastic	プラスチック	有機物	ぷらすちっく	♻️	石油などから人工的に作られた有機物。燃やすと二酸化炭素ができる。電気を通しにくく、加工しやすいが、自然の中で分解されにくい。	chem	organic	j	プラスチック
chmethanol	エタノール	有機物	えたのーる	🍶	お酒にふくまれるアルコール。沸点は約78℃で水より低いので、水との混合物は蒸留で分けられる。燃えると二酸化炭素と水ができる。	chem	organic	j	エタノール
chmpe	ポリエチレン	有機物	ぽりえちれん	🛍️	レジ袋や容器に使われるプラスチック。密度が水より小さいので水に浮く。エチレンの分子がたくさんつながってできている。	chem	organic	j	ポリエチレン
chmps	ポリスチレン	有機物	ぽりすちれん	📦	食品トレーやカップ、発泡スチロールに使われるプラスチック。水より密度がわずかに大きく、水に沈む。ただし発泡スチロールは空気をふくむので水に浮く。	chem	organic	j	ポリスチレン
chmallotrope	同素体	物質の分類	どうそたい	💎	同じ元素でできていて、性質がちがう単体どうし。ダイヤモンドと黒鉛、酸素とオゾン、黄リンと赤リンなど。覚え方はSCOP。	chem	matter	h	同素体
chmvapor	蒸気圧	状態変化	じょうきあつ	🌡️	液体と気体が共存して平衡になったときの気体の圧力。温度が高いほど大きく、蒸気圧が外の圧力(大気圧)と等しくなると沸騰する。	chem	matter	h	蒸気圧
chmgaslaw	気体の状態方程式	気体	きたいのじょうたいほうていしき	🎈	気体の圧力・体積・物質量・温度の関係を表す式 PV＝nRT。温度は絶対温度(K)で使うのがポイント。	chem	matter	h	状態方程式
chmfpd	凝固点降下	溶液の性質	ぎょうこてんこうか	🧊	溶媒に物質を溶かすと、凝固点が下がる現象。下がる幅は溶けている粒子の数に比例する。冬の道路に塩化カルシウムをまくのはこのため。	chem	sol	h	凝固点降下
chmcolloid	コロイド	溶液の性質	ころいど	🌫️	ふつうの分子より大きな粒子が液体などに散らばったもの。牛乳やゼリーなど。光の通り道が光って見えるチンダル現象を示す。	chem	sol	h	コロイド
chmmolarity	モル濃度	溶液の性質	もるのうど	🧮	溶液1Lに溶けている溶質の物質量(mol)で表した濃度。単位はmol/L。分母は溶媒ではなく溶液の体積。	chem	sol	h	モル濃度
chmequil	化学平衡	反応の速さと平衡	かがくへいこう	⚖️	正反応と逆反応の速さが等しくなり、見かけ上反応が止まったように見える状態。反応が止まったのではなく、両方向に進み続けている。	chem	react	h	化学平衡
chmlechat	ルシャトリエの原理	反応の速さと平衡	るしゃとりえのげんり	↔️	平衡状態の条件を変えると、その変化をやわらげる向きに平衡が移動するという原理。圧力を上げると、気体の分子数が減る向きに進む。	chem	react	h	ル・シャトリエの原理
chmrate	反応速度	反応の速さと平衡	はんのうそくど	⏩	単位時間あたりに物質が変化する量。濃度を高くする、温度を上げる、固体を細かくすると、反応は速くなる。	chem	react	h	反応速度
chmactivation	活性化エネルギー	反応の速さと平衡	かっせいかえねるぎー	⛰️	反応が起こるために越えなければならないエネルギーの山。この山が低いほど反応は速く進む。温度を上げると越えられる粒子がふえる。	chem	react	h	活性化エネルギー
chmoxnum	酸化数	酸化還元	さんかすう	🔢	原子がどれだけ酸化されているかを表す数。単体は0、化合物全体の合計も0。酸化数がふえれば酸化、へれば還元されたとわかる。	chem	react	h	酸化数
chmionseries	イオン化傾向	酸化還元	いおんかけいこう	📊	金属が水溶液中で陽イオンになろうとする性質の強さ。覚え方は「リッチに貸そうかな、まああてにすなひどすぎる借金」。大きい金属ほど酸化されやすい。	chem	react	h	イオン化傾向
chmkeq	平衡定数	反応の速さと平衡	へいこうていすう	🧮	平衡状態での生成物と反応物の濃度の比を式にした値。温度が同じなら、最初の濃度に関係なく一定になる。	chem	react	h	平衡定数
chmdaniell	ダニエル電池	電池	だにえるでんち	🔋	亜鉛板を硫酸亜鉛水溶液に、銅板を硫酸銅水溶液に入れ、素焼き板などで仕切った電池。亜鉛が負極、銅が正極になる。	chem	react	h	ダニエル電池
chmmol	物質量	物質量	ぶっしつりょう	🧮	粒子の数をアボガドロ定数個のまとまりで表した量。単位はmol(モル)。1molの質量は、原子量や分子量にgをつけた値になる。	chem	bond	h	物質量
chmavogadro	アボガドロ定数	物質量	あぼがどろていすう	🔢	1molにふくまれる粒子の数。約6.02×10²³/mol。気体1molの体積は、0℃・1気圧(標準状態)で約22.4L。	chem	bond	h	アボガドロ定数
chmcovalent	共有結合	化学結合	きょうゆうけつごう	🤝	原子どうしが電子を出し合って共有し、結びつく結合。主に非金属の原子の間でできる。ダイヤモンドは共有結合の結晶。	chem	bond	h	共有結合
chmionic	イオン結合	化学結合	いおんけつごう	🧲	陽イオンと陰イオンが静電気の力で引き合う結合。金属と非金属の元素からなる物質に多い。塩化ナトリウムの結晶が代表例。	chem	bond	h	イオン結合
chmmetallic	金属結合	化学結合	きんぞくけつごう	🔩	金属原子の間を自由電子が動き回って、原子どうしを結びつける結合。自由電子があるので、金属は電気や熱をよく通す。	chem	bond	h	金属結合
chmelectroneg	電気陰性度	化学結合	でんきいんせいど	🧲	結合している原子が共有電子対を引きつける強さ。フッ素が最大。電気陰性度の差が大きい原子の結合ほど極性が大きくなる。	chem	bond	h	電気陰性度
chmhbond	水素結合	化学結合	すいそけつごう	💧	F・O・Nと結びついた水素原子が、となりの分子のF・O・Nと引き合う結びつき。このため水の沸点は分子の大きさのわりに高い。	chem	bond	h	水素結合
chmimf	分子間力	化学結合	ぶんしかんりょく	🧷	分子どうしの間にはたらく弱い引力。ファンデルワールス力ともいう。分子が大きいほど強くなり、沸点が高くなる。	chem	bond	h	分子間力
chmisotope	同位体	原子の構造	どういたい	⚛️	陽子の数は同じで、中性子の数がちがう原子どうし。化学的性質はほとんど同じ。炭素14は年代測定に使われる。	chem	bond	h	同位体
chmvalence	価電子	原子の構造	かでんし	🔗	原子のいちばん外側の電子殻にあり、結合に使われる電子。周期表の同じ族の元素は価電子の数が同じなので性質が似る。	chem	bond	h	価電子
chmcoord	配位結合	化学結合	はいいけつごう	🎯	一方の原子が持つ電子対を、相手と共有してできる結合。アンモニアに水素イオンが結びついてアンモニウムイオンができるときなどに見られる。	chem	bond	h	配位結合
chmpolar	極性分子	化学結合	きょくせいぶんし	🧭	分子の中で電気のかたよりがある分子。水やアンモニアなど。二酸化炭素は結合に極性があっても、直線形で打ち消し合うので無極性分子。	chem	bond	h	極性
chmorgcomp	有機化合物	有機化学	ゆうきかごうぶつ	🧬	炭素原子を骨組みとする化合物。炭素は4本の結合の手をもち、鎖や環をつくれるので、種類がとても多い。多くは燃えやすい。	chem	organic	h	有機化合物
chmpolymer	高分子化合物	有機化学	こうぶんしかごうぶつ	⛓️	分子量が約1万以上の大きな分子からなる化合物。小さな単量体がたくさんつながってできる。でんぷん・ゴム・ナイロンなど。	chem	organic	h	高分子
chmfuncgroup	官能基	有機化学	かんのうき	🏷️	有機化合物の性質を決める原子のまとまり。ヒドロキシ基(-OH)、カルボキシ基(-COOH)など。同じ官能基をもつと性質が似る。	chem	organic	h	官能基
chmisomer	異性体	有機化学	いせいたい	🔀	分子式は同じでも、原子のつながり方や並び方がちがう化合物どうし。構造異性体・シス-トランス異性体・鏡像異性体がある。	chem	organic	h	異性体
chmhydrocarbon	炭化水素	有機化学	たんかすいそ	⛽	炭素と水素だけからできている化合物。メタン・エチレン・ベンゼンなど。石油や天然ガスの主な成分で、燃えると二酸化炭素と水ができる。	chem	organic	h	炭化水素
chmalkane	アルカン	有機化学	あるかん	🔗	炭素どうしが単結合だけでつながった鎖状の炭化水素。一般式はCnH2n+2。メタン・エタン・プロパンなどで、置換反応を起こす。	chem	organic	h	アルカン
chmalkene	アルケン	有機化学	あるけん	🔗	炭素どうしの二重結合を1つもつ鎖状の炭化水素。一般式はCnH2n。二重結合に付加反応を起こし、臭素水の色を消す。	chem	organic	h	アルケン
chmbenzene	ベンゼン	有機化学	べんぜん	⬡	6個の炭素原子が正六角形の環をつくる芳香族炭化水素。C6H6。環が安定なので、付加反応より置換反応が起こりやすい。	chem	organic	h	ベンゼン
chmester	エステル	有機化学	えすてる	🍓	カルボン酸とアルコールから水がとれてできる化合物。果物のようなよい香りのものが多い。油脂もエステルのなかま。	chem	organic	h	エステル
chmaddpoly	付加重合	有機化学	ふかじゅうごう	➕	二重結合をもつ小さな分子が、二重結合を開いて次々につながる反応。エチレンからポリエチレン、塩化ビニルからポリ塩化ビニルができる。	chem	organic	h	付加重合
chmcondpoly	縮合重合	有機化学	しゅくごうじゅうごう	💧	小さな分子どうしが水などの簡単な分子を取り除きながら次々につながる反応。ナイロンやPET(ペットボトル)がこうしてできる。	chem	organic	h	縮合重合
chmnylon	ナイロン	有機化学	ないろん	🧵	アミド結合でつながった合成繊維。絹に似た手ざわりで強く、ストッキングやロープに使われる。ナイロン66は縮合重合で作る。	chem	organic	h	ナイロン
chmtitration	中和滴定	実験操作	ちゅうわてきてい	💧	濃度がわかっている酸や塩基を少しずつ加えて、ちょうど中和する量から相手の濃度を求める操作。酸と塩基で価数×濃度×体積が等しくなる。	chem	lab	h	中和滴定
chmburette	ビュレット	実験器具	びゅれっと	🧪	滴下した液体の体積を正確に読み取れる細長い器具。中和滴定で使う。使う前に、入れる液で内側を数回すすぐ(共洗い)。	chem	lab	h	ビュレット
