# 物理。key	名前	分類	よみ	絵文字	解説	図	区画	学年	Wikipedia題名
phylever	てこ	力	てこ	⚖️	棒を1点で支え、力を加えて物を動かすしくみ。支点から力点までを長くするほど、小さな力で重い物を持ち上げられる。	phys	force	e	てこ
phyfulcrum	支点	力	してん	📍	てこを支えている動かない点。支点から作用点までを短くし、力点までを長くすると、てこは楽に使える。	phys	force	e	てこ
phyeffort	力点	力	りきてん	👉	てこで人が力を加える点。支点から遠い所に力を加えるほど、小さな力で物を動かせるのがポイント。	phys	force	e	てこ
phyload	作用点	力	さようてん	🎯	てこで物に力がはたらく点。くぎぬきでは、くぎに当たる先の部分が作用点で、支点に近いほど大きな力が出る。	phys	force	e	てこ
phybalance	てこのつり合い	力	てこのつりあい	⚖️	左右で「おもりの重さ×支点からのきょり」が等しいとき、てこは水平につり合う。計算問題でよく出る。	phys	force	e	てこ
phypendulum	ふりこ	力	ふりこ	🕰️	糸におもりをつけてゆらすもの。1往復の時間はふりこの長さだけで決まり、おもりの重さや振れ幅では変わらない。	phys	force	e	振り子
physwing	振れ幅	力	ふれはば	↔️	ふりこがゆれる左右のはばのこと。振れ幅を大きくしても小さくしても、1往復にかかる時間はほぼ同じになる。	phys	force	e	振り子
phywheelaxle	輪軸	力	りんじく	☸️	大きな輪と小さな軸を組み合わせた道具。てこと同じ考え方で、大きな輪を回すと小さな力で重い物を動かせる。	phys	force	e	輪軸
physcale	上皿てんびん	力	うわざらてんびん	⚖️	左右の皿をつり合わせて重さをはかる道具。はかりたい物は利き手と反対の皿にのせ、分銅は重い物から順にのせる。	phys	force	e	天秤
phyrubber	ゴムの力	力	ごむのちから	🪀	のばしたゴムがもとにもどろうとする力。ゴムを長くのばすほど力は大きくなり、車を遠くまで動かせる。	phys	force	e	ゴム
phywind	風の力	力	かぜのちから	🌬️	風が物をおす力。帆に当たる風が強いほど、車は遠くまで進む。風車も風の力を使って回っている。	phys	force	e	風力
phyweight	重さ	力	おもさ	🧱	物の重さは形を変えても、細かく分けても変わらない。ただし同じ体積でも、物の種類がちがうと重さはちがう。	phys	force	e	重量
phywindmill	風車	力	ふうしゃ	🎡	羽根に風を受けて回るしかけ。風の力を回る力に変える。昔は粉をひくのに使い、今は発電にも使われている。	phys	force	e	風車
phyairgun	空気でっぽう	力	くうきでっぽう	💨	つつにとじこめた空気をおしちぢめると、もとにもどろうとする力で玉が飛ぶ。空気はおしちぢめられるが、水はできない。	phys	force	e	空気鉄砲
phyconvect	対流	エネルギー	たいりゅう	♨️	あたためられた水や空気が上に動き、全体がめぐりながら温まる熱の伝わり方。風呂の上のほうが先に熱くなるのはこのため。	phys	energy	e	対流
phyheatflow	熱の伝わり方	エネルギー	ねつのつたわりかた	🔥	金属は熱した所から順に熱が伝わり、水や空気は動きながら全体が温まる。物によって伝わり方がちがうのがポイント。	phys	energy	e	熱伝達
phyexpand	金属の膨張	エネルギー	きんぞくのぼうちょう	🛤️	金属は温めると体積がわずかに大きくなり、冷やすと小さくなる。線路のつぎ目にすき間があるのはこのため。	phys	energy	e	熱膨張
phycrank	手回し発電機	エネルギー	てまわしはつでんき	🔄	ハンドルを回すと電気がつくれる道具。速く回すほど電流が大きくなり、回す向きを逆にすると電流の向きも逆になる。	phys	energy	e	発電機
physolarcell	光電池	エネルギー	こうでんち	☀️	光を当てると電気をつくるもの。光を強く当てたり、光に対して垂直に向けたりすると、流れる電流が大きくなる。	phys	energy	e	太陽電池
phythermometer	アルコール温度計	エネルギー	あるこーるおんどけい	🌡️	色をつけた液の体積が温度で変わるのを使う温度計。目もりは液の先を真横から読むのがきまり。	phys	energy	e	温度計
phygenerate	発電	エネルギー	はつでん	⚡	動きや光など別の形のエネルギーから電気をつくること。発電機はコイルの中で磁石を回して電気を生み出している。	phys	energy	e	発電
phyirthermo	放射温度計	エネルギー	ほうしゃおんどけい	🔫	物から出ている目に見えない光をとらえて、ふれずに表面の温度をはかる道具。日光を当てた所の温度調べに使う。	phys	energy	e	放射温度計
phyelectromag	電磁石	電気	でんじしゃく	🧲	コイルに鉄心を入れて電流を流すと磁石になるもの。電流を大きくしたり巻き数をふやしたりすると強くなる。	phys	elec	e	電磁石
phybulb	豆電球	電気	まめでんきゅう	💡	中のフィラメントに電流が流れて光る小さな電球。乾電池の＋極と－極を1つの輪のようにつなぐと明かりがつく。	phys	elec	e	電球
physeries	直列つなぎ	電気	ちょくれつつなぎ	🔋	電池や豆電球を1本の道でつなぐ方法。乾電池を直列にすると電流が大きくなり、豆電球が明るくなる。	phys	elec	e	直列回路
phyparallel	並列つなぎ	電気	へいれつつなぎ	🔀	枝分かれした道でつなぐ方法。乾電池を並列にしても明るさは1個のときと同じだが、電池は長もちする。	phys	elec	e	並列回路
phycompass	方位磁針	電気	ほういじしん	🧭	自由に回る小さな磁石の針。N極が北をさす。電流の流れる導線の近くに置くと針がふれ、磁界ができたことが分かる。	phys	elec	e	方位磁針
phydrycell	乾電池	電気	かんでんち	🔋	中の薬品の化学変化で電気を生み出す電池。＋極と－極があり、電流は＋極から出て－極にもどる。	phys	elec	e	乾電池
phycircuit	電気の通り道	電気	でんきのとおりみち	➰	電気が流れる1つの輪のような通り道。とちゅうで切れていたり、つなぎ方をまちがえたりすると電流は流れない。	phys	elec	e	電気回路
phyled	発光ダイオード	電気	はっこうだいおーど	🚥	電流を流すと光る部品。豆電球より少ない電気で明るく光る。電流は決まった向きにしか流れず、つなぐ向きを逆にすると光らない。	phys	elec	e	発光ダイオード
phycoil	コイル	電気	こいる	🌀	導線を同じ向きに何回も巻いたもの。電流を流すと磁石のはたらきをもち、中に鉄心を入れるとさらに強くなる。	phys	elec	e	コイル
phygalvano	検流計	電気	けんりゅうけい	📟	回路に流れる電流の向きと大きさを調べる道具。針のふれる向きで電流の向きが、ふれる大きさで強さが分かる。	phys	elec	e	検流計
phybarmagnet	棒磁石	電気	ぼうじしゃく	🧲	棒の形をした磁石。両はしのN極とS極がいちばん強く鉄を引きつけ、まん中はほとんど鉄を引きつけない。	phys	elec	e	磁石
phypole	磁石の極	電気	じしゃくのきょく	🧲	磁石で鉄を引きつける力がいちばん強い所。N極とS極があり、同じ極どうしはしりぞけ合い、ちがう極は引き合う。磁石を半分に切っても、切り口にまたN極とS極ができる。	phys	elec	e	磁極
phywire	導線	電気	どうせん	〰️	電気を通すための線。中の銅は電気をよく通し、まわりのビニールは電気を通さないので、手でさわっても安全。	phys	elec	e	電線
phyturns	巻き数	電気	まきすう	🔢	コイルを何回巻いたかという数。電流の大きさが同じなら、巻き数が多いほど電磁石は強くなる。実験では導線の長さをそろえる。	phys	elec	e	電磁石
phymagnifier	虫めがね	光と音	むしめがね	🔍	光を1点に集められる、ふくらんだレンズ。光が集まった所を小さくするほど明るく、熱くなって紙がこげることもある。	phys	wave	e	ルーペ
phypitch	音の高さ	光と音	おとのたかさ	🎵	音の高い低いのこと。物が1秒間にふるえる回数が多いほど高い音になる。げんを短く、細く、強くはると高くなる。	phys	wave	j	音高
phyloudness	音の大きさ	光と音	おとのおおきさ	🔊	音が大きいとき、物は大きくふるえている。たいこを強くたたくとふるえのはばが大きくなり、大きな音が出る。	phys	wave	e	音量
phylightreflect	光の反射	光と音	ひかりのはんしゃ	🪞	光が鏡などに当たってはね返ること。はね返った光もまっすぐ進むので、鏡を使えば日光を好きな所に届けられる。	phys	wave	e	反射 (物理学)
phymirror	鏡	光と音	かがみ	🪞	光をよくはね返す板。鏡にうつる物は左右が逆に見える。入ってくる角度と出ていく角度が等しくなるように光は反射する。	phys	wave	e	鏡
phystringphone	糸電話	光と音	いとでんわ	🥫	声のふるえが糸を伝わって相手に届くおもちゃ。糸をたるませたり、とちゅうをつまんだりするとふるえが止まり聞こえない。	phys	wave	e	糸電話
physhadow	影	光と音	かげ	👤	光がさえぎられてできる暗い部分。光はまっすぐ進むので、影は光源の反対側にでき、太陽が動くと影の向きも変わる。	phys	wave	e	影
phystraight	光の直進	光と音	ひかりのちょくしん	🔦	光が同じ物の中をまっすぐ進むこと。影ができたり、日光がすき間から線のように見えたりするのは光が直進するから。	phys	wave	e	光
physoundtravel	音の伝わり方	光と音	おとのつたわりかた	📢	音は物のふるえが空気や水、金属などを伝わって届く。まわりに空気のない所では、伝えるものがないので音は伝わらない。	phys	wave	e	音
phycompose	力の合成	力	ちからのごうせい	➕	2つの力を同じはたらきをする1つの力にまとめること。まとめた力を合力といい、2力を2辺とする平行四辺形の対角線で表す。	phys	force	j	力の合成
phyresolve	力の分解	力	ちからのぶんかい	✂️	1つの力を2つの向きの力に分けること。斜面上の物の重力は、斜面にそう力と斜面に垂直な力に分けて考える。	phys	force	j	力の分解
phyaction	作用・反作用の法則	力	さようはんさようのほうそく	🤝	物をおすと同じ大きさで逆向きにおし返される。2つの力は別々の物にはたらくので、つり合いの2力とは区別する。	phys	force	j	作用・反作用の法則
phyinertia	慣性の法則	力	かんせいのほうそく	🚃	力がはたらかないか、つり合っているとき、止まった物は止まり続け、動く物は等速直線運動を続ける。電車の急停車で体が前に傾く。	phys	force	j	慣性の法則
phybuoyancy	浮力	力	ふりょく	🛟	水中の物が水から受ける上向きの力。大きさは物がおしのけた水の重さと等しく、全体が水に沈んでいれば深さには関係しない。	phys	force	j	浮力
phypressure	圧力	力	あつりょく	🦶	面をおす力の強さ。力の大きさを、力がはたらく面積でわった値。同じ力でも面積が小さいほど圧力は大きくなる。	phys	force	j	圧力
phywaterpress	水圧	力	すいあつ	🌊	水の重さによって生じる圧力。深いほど大きくなり、あらゆる向きからはたらく。ダムの底が厚いのはこのため。	phys	force	j	水圧
phyatmpress	大気圧	力	たいきあつ	🎈	空気の重さによる圧力。地上ではおよそ1013ヘクトパスカル。高い山に登ると小さくなり、お菓子の袋がふくらむ。	phys	force	j	大気圧
phyfriction	摩擦力	力	まさつりょく	🛷	ふれ合う面の間で、動きをさまたげる向きにはたらく力。物を引いても動かないときは、引く力と同じ大きさの摩擦力がはたらく。	phys	force	j	摩擦
phynormal	垂直抗力	力	すいちょくこうりょく	⬆️	物がのっている面から、面に垂直な向きに受ける力。机の上で静止した物では、重力と垂直抗力がつり合っている。	phys	force	j	垂直抗力
phyhooke	フックの法則	力	ふっくのほうそく	🌀	ばねののびは、ばねを引く力の大きさに比例するというきまり。グラフは原点を通る直線になる。	phys	force	j	フックの法則
phyuniform	等速直線運動	力	とうそくちょくせんうんどう	➡️	一定の速さで一直線に進む運動。進んだきょりは時間に比例する。力がはたらいていないか、力がつり合っているときに起こる。	phys	force	j	等速直線運動
phytimer	記録タイマー	力	きろくたいまー	📼	紙テープに一定の時間ごとに打点をきざむ装置。打点の間かくが広いほど速い。東日本と西日本で1秒の打点数がちがう。	phys	force	j	記録タイマー
phyequilib	力のつり合い	力	ちからのつりあい	⚖️	1つの物に2つの力がはたらいて動かないとき、2力は大きさが等しく、向きが反対で、一直線上にある。	phys	force	j	力のつり合い
phywork	仕事	エネルギー	しごと	🏋️	物に力を加えて、力の向きに動かしたときの量。力の大きさ×動いたきょりで求め、単位はジュール。動かなければ仕事は0。	phys	energy	j	仕事 (物理学)
phypower	仕事率	エネルギー	しごとりつ	⏱️	1秒間あたりにする仕事の量。仕事を、かかった時間でわって求める。単位はワットで、電力と同じ単位を使う。	phys	energy	j	仕事率
phyworkprin	仕事の原理	エネルギー	しごとのげんり	🔧	道具を使って力を小さくしても、動かすきょりがその分長くなり、仕事の量は変わらないというきまり。	phys	energy	j	仕事の原理
phypotential	位置エネルギー	エネルギー	いちえねるぎー	⛰️	高い所にある物がもつエネルギー。物の質量が大きいほど、また基準面からの高さが高いほど大きくなる。	phys	energy	j	位置エネルギー
phykinetic	運動エネルギー	エネルギー	うんどうえねるぎー	🏃	動いている物がもつエネルギー。質量が大きいほど、また速さが速いほど大きい。速さが2倍になると4倍になる。	phys	energy	j	運動エネルギー
phymechcons	力学的エネルギー保存	エネルギー	りきがくてきえねるぎーほぞん	🎢	摩擦などがなければ、位置エネルギーと運動エネルギーの和は一定に保たれる。ふりこやジェットコースターで考える。	phys	energy	j	力学的エネルギー保存則
phyheatqty	熱量	エネルギー	ねつりょう	🔥	物が得たり失ったりした熱の量。単位はジュール。電熱線で水を温めるとき、発熱量は電力×時間で求められる。	phys	energy	j	熱量
phyconduct	熱伝導	エネルギー	ねつでんどう	🍳	ふれ合った物の間を、温度の高い方から低い方へ熱が移ること。金属は熱を伝えやすく、空気は伝えにくい。	phys	energy	j	熱伝導
phymovpulley	動滑車	エネルギー	どうかっしゃ	🪝	物といっしょに動く滑車。1個使うと引く力は半分になるが、ひもを引くきょりは2倍になり、仕事の量は変わらない。	phys	energy	j	滑車
phyefficiency	エネルギー変換効率	エネルギー	えねるぎーへんかんこうりつ	♻️	使ったエネルギーのうち、目的のエネルギーに変わった割合。残りの多くは熱として逃げるので、必ず100%より小さい。	phys	energy	j	エネルギー変換効率
phyohm	オームの法則	電気	おーむのほうそく	Ω	電熱線に流れる電流は、かかる電圧に比例するというきまり。電圧＝抵抗×電流の式で、3つのうち2つが分かれば残りが求まる。	phys	elec	j	オームの法則
phycurrent	電流	電気	でんりゅう	➰	電気の流れ。単位はアンペア。直列回路ではどこでも同じ大きさで、並列回路では枝分かれした電流の和が全体と等しい。	phys	elec	j	電流
phyvoltage	電圧	電気	でんあつ	🔋	電流を流そうとするはたらきの大きさ。単位はボルト。並列回路では各部分の電圧が等しく、電圧計は並列につなぐ。	phys	elec	j	電圧
phyresist	電気抵抗	電気	でんきていこう	🧱	電流の流れにくさ。単位はオーム。直列につなぐと全体の抵抗は和になり、並列につなぐと1つ分より小さくなる。	phys	elec	j	電気抵抗
phyepower	電力	電気	でんりょく	💡	電気が1秒間にするはたらきの大きさ。電圧×電流で求め、単位はワット。同じ電圧なら、電力が大きい器具ほど熱や光を多く出す。	phys	elec	j	電力
phystatic	静電気	電気	せいでんき	🎈	ちがう物どうしをこすり合わせると生じる電気。同じ種類の電気はしりぞけ合い、ちがう種類の電気は引き合う。	phys	elec	j	静電気
phydischarge	放電	電気	ほうでん	🌩️	たまっていた電気が流れ出たり、空間を移動したりする現象。雷は、雲にたまった静電気が一気に流れる大きな放電。	phys	elec	j	放電
phyelectron	電子	電気	でんし	⚛️	－の電気をもった非常に小さな粒。電流の正体は電子の流れで、電子は電流の向きとは反対に－極から＋極へ動く。	phys	elec	j	電子
phymagfield	磁界	電気	じかい	🧲	磁石や電流のまわりで、磁力がはたらく空間。方位磁針のN極がさす向きを磁界の向きという。	phys	elec	j	磁場
phyfieldline	磁力線	電気	じりょくせん	〰️	磁界のようすを表した線。N極から出てS極に入る向きにかき、線の間かくがせまい所ほど磁界が強い。	phys	elec	j	磁力線
phyinduction	電磁誘導	電気	でんじゆうどう	🔁	コイルの中の磁界が変化すると、コイルに電圧が生じて電流が流れる現象。発電機はこのしくみを利用している。	phys	elec	j	電磁誘導
phyindcurrent	誘導電流	電気	ゆうどうでんりゅう	↩️	電磁誘導で流れる電流。磁石を速く動かすほど、また強い磁石やコイルの巻き数が多いほど大きくなる。	phys	elec	j	電磁誘導
phydc	直流	電気	ちょくりゅう	➡️	流れる向きが一定で変わらない電流。乾電池から流れる電流は直流。発光ダイオードに直流を流すと、向きが合うときだけ光り続ける。	phys	elec	j	直流
phyac	交流	電気	こうりゅう	🔃	向きと大きさが周期的に変わる電流。家庭のコンセントは交流で、東日本は50ヘルツ、西日本は60ヘルツ。	phys	elec	j	交流
phyrightscrew	右ねじの法則	電気	みぎねじのほうそく	🔩	導線に電流を流すと、右ねじが進む向きを電流の向きとしたとき、ねじを回す向きに磁界ができるというきまり。	phys	elec	j	右ねじの法則
phyrefract	屈折	光と音	くっせつ	🥢	光が別の物質へななめに進むとき、境目で折れ曲がること。水中のはしが曲がって見えるのはこのため。	phys	wave	j	屈折
phytotalref	全反射	光と音	ぜんはんしゃ	💎	水やガラスから空気へ進む光が、入射角が大きいと境目ですべて反射する現象。光ファイバーに利用されている。	phys	wave	j	全反射
phyfocus	焦点	光と音	しょうてん	🎯	光軸に平行な光が凸レンズを通って集まる点。レンズの中心から焦点までのきょりを焦点距離という。	phys	wave	j	焦点
phyconvex	凸レンズ	光と音	とつれんず	🔍	中央がふくらんだレンズ。物を焦点の外に置くと実像が、焦点の内側に置くと大きな虚像が見える。	phys	wave	j	レンズ
phyrealimg	実像	光と音	じつぞう	🖼️	凸レンズを通った光が実際に集まってできる像。スクリーンにうつり、上下左右が逆になる。焦点距離の2倍の位置では同じ大きさ。	phys	wave	j	実像
phyvirtimg	虚像	光と音	きょぞう	👓	光が集まってはいないのに、そこから出たように見える像。スクリーンにはうつらず、物と同じ向きに見える。	phys	wave	j	虚像
phyfrequency	振動数	光と音	しんどうすう	〽️	音源が1秒間にふるえる回数。単位はヘルツ。振動数が多いほど高い音になり、オシロスコープの波の数がふえる。	phys	wave	j	周波数
phyamplitude	振幅	光と音	しんぷく	📈	振動の中心からのふれのはば。振幅が大きいほど大きな音になる。オシロスコープでは波の高さで表される。	phys	wave	j	振幅
phyincidence	入射角	光と音	にゅうしゃかく	📐	入ってくる光と、境目の面に垂直な線とがつくる角。反射では入射角と反射角が等しくなる。	phys	wave	j	入射角
phyprism	プリズム	光と音	ぷりずむ	🌈	光を屈折させるガラスなどの三角柱。色によって屈折する角度がちがうので、日光を通すと虹のような色の帯に分かれる。	phys	wave	j	プリズム
physoundspeed	音の速さ	光と音	おとのはやさ	🔔	空気中を伝わる音の速さは秒速約340メートル。光よりずっとおそいので、雷は光ってから遅れて音が聞こえる。	phys	wave	j	音速
phyfiber	光ファイバー	光と音	ひかりふぁいばー	🧵	細いガラスの線の中を、光が全反射をくり返して進むしくみ。通信や胃カメラなどに使われ、多くの情報を速く送れる。	phys	wave	j	光ファイバー
phyradiation	放射線	原子	ほうしゃせん	☢️	放射性物質やX線装置から出る目に見えないもの。物を通りぬける性質があり、レントゲン検査などに使われる。多く受けると体に害がある。	phys	atom	j	放射線
phycathode	陰極線	原子	いんきょくせん	📺	真空に近い管で放電させたとき、－極から出る電子の流れ。＋極側に曲がることから、－の電気をもつことが分かった。	phys	atom	j	陰極線
phycrookes	真空放電	原子	しんくうほうでん	🟣	気体の圧力をとても小さくした管の中で電流が流れる現象。ネオンサインや蛍光灯などに利用されている。	phys	atom	j	真空放電
phyradioactive	放射性物質	原子	ほうしゃせいぶっしつ	⚠️	放射線を出す物質。放射線を出す能力を放射能という。ウランなどがあり、時間とともに放射線を出す量が減っていく。	phys	atom	j	放射性物質
phymomentum	運動量	力	うんどうりょう	🎱	質量×速度で表される、運動の勢いを表す量。向きをもつ量で、衝突の前後の計算によく使われる。	phys	force	h	運動量
phymomcons	運動量保存の法則	力	うんどうりょうほぞんのほうそく	💥	外から力がはたらかなければ、物体どうしが衝突しても運動量の和は変わらないというきまり。合体や分裂の問題で使う。	phys	force	h	運動量保存の法則
phyimpulse	力積	力	りきせき	🏏	力×力がはたらいた時間で表される量。物体の運動量の変化は、受けた力積に等しい。クッションは時間をのばして力を小さくする。	phys	force	h	力積
phyaccel	加速度	力	かそくど	🚀	1秒あたりの速度の変化。単位はメートル毎秒毎秒。自由落下の加速度はおよそ9.8メートル毎秒毎秒で、重力加速度とよばれる。	phys	force	h	加速度
phyeqmotion	運動方程式	力	うんどうほうていしき	📝	質量×加速度＝力で表される式。物体にはたらく力をすべて図にかき、向きをそろえて立てるのが解き方のコツ。	phys	force	h	運動方程式
phyprojectile	放物運動	力	ほうぶつうんどう	⚾	ななめに投げた物体の運動。水平方向は等速直線運動、鉛直方向は重力による等加速度運動に分けて考える。	phys	force	h	放物運動
phycentripetal	向心力	力	こうしんりょく	🎠	円運動する物体にはたらく、円の中心へ向かう力。質量×速さの2乗÷半径で表され、糸の張力などがその役をする。	phys	force	h	向心力
physhm	単振動	力	たんしんどう	〰️	ばねにつけたおもりのような往復運動。周期は振幅によらず、ばねが強いほど短く、おもりが重いほど長くなる。	phys	force	h	単振動
phyrestitution	反発係数	力	はんぱつけいすう	🏀	衝突後に離れる速さと、衝突前に近づく速さの比。0から1の値をとり、1なら弾性衝突で力学的エネルギーが保たれる。	phys	force	h	反発係数
phymoment	力のモーメント	力	ちからのもーめんと	🔧	物体を回転させようとするはたらきの大きさ。力×回転軸から作用線までの距離で求める。剛体のつり合いで使う。	phys	force	h	力のモーメント
physpecheat	比熱	エネルギー	ひねつ	💧	1グラムの物質の温度を1度上げるのに必要な熱量。水は比熱が大きく、温まりにくく冷めにくい。	phys	energy	h	比熱容量
phyheatcap	熱容量	エネルギー	ねつようりょう	🫖	物体全体の温度を1度上げるのに必要な熱量。質量×比熱で求められ、大きいほど温度が変わりにくい。	phys	energy	h	熱容量
phyabstemp	絶対温度	エネルギー	ぜったいおんど	🧊	約マイナス273度を0とする温度の表し方。単位はケルビンで、セルシウス温度に273を足すと求められる。	phys	energy	h	熱力学温度
phythermo1	熱力学第一法則	エネルギー	ねつりきがくだいいちほうそく	📘	気体の内部エネルギーの変化は、受けた熱量と外からされた仕事の和に等しいというきまり。エネルギー保存の法則の一つ。	phys	energy	h	熱力学第一法則
phyinternal	内部エネルギー	エネルギー	ないぶえねるぎー	🫧	物体の中の分子がもつエネルギーの合計。理想気体では絶対温度だけで決まり、温度が上がると増える。	phys	energy	h	内部エネルギー
phyheatengine	熱機関	エネルギー	ねつきかん	🚂	熱を仕事に変える装置。蒸気機関やガソリンエンジンがその例で、受けた熱をすべて仕事に変えることはできない。	phys	energy	h	熱機関
phythermeff	熱効率	エネルギー	ねつこうりつ	📊	熱機関が受け取った熱量のうち、仕事に変わった割合。捨てる熱が必ずあるので、熱効率は必ず1より小さくなる。	phys	energy	h	熱効率
phyboylecharles	ボイル・シャルルの法則	エネルギー	ぼいるしゃるるのほうそく	🎈	一定量の気体では、圧力×体積÷絶対温度が一定になるというきまり。温度はセルシウスでなく絶対温度を使うのが注意点。	phys	energy	h	ボイル＝シャルルの法則
phycapacitor	コンデンサー	電気	こんでんさー	🔲	2枚の金属板を向かい合わせて電気をたくわえる部品。たくわえる電気量は、電気容量×電圧で求められる。	phys	elec	h	コンデンサ
phycapacitance	電気容量	電気	でんきようりょう	🫙	コンデンサーが電気をためる能力。単位はファラド。極板の面積が広いほど、極板の間隔がせまいほど大きくなる。	phys	elec	h	静電容量
phycoulomb	クーロンの法則	電気	くーろんのほうそく	⚡	2つの電荷の間にはたらく力は、電気量の積に比例し、距離の2乗に反比例するというきまり。	phys	elec	h	クーロンの法則
phyefield	電場	電気	でんば	🔆	電荷のまわりで電気の力がはたらく空間。電界ともいう。＋の電荷が受ける力の向きを電場の向きとする。	phys	elec	h	電場
phypotentialv	電位	電気	でんい	📶	電場の中での電気的な高さのようなもの。単位はボルトで、2点の電位の差が電圧になる。等電位線は電場に垂直。	phys	elec	h	電位
phykirchhoff	キルヒホッフの法則	電気	きるひほっふのほうそく	🕸️	回路の分かれ目では流れこむ電流と流れ出る電流の和が等しく、閉じた回路では電圧の上がり下がりの和が0になるきまり。	phys	elec	h	キルヒホッフの法則
phylorentz	ローレンツ力	電気	ろーれんつりょく	🌀	磁場の中を動く荷電粒子が受ける力。速度と磁場の両方に垂直にはたらくので、一様な磁場に垂直に入った粒子は円運動をする。	phys	elec	h	ローレンツ力
physelfind	自己誘導	電気	じこゆうどう	♾️	コイルに流れる電流が変わると、その変化をさまたげる向きにコイル自身に電圧が生じる現象。スイッチを切ると火花が出る。	phys	elec	h	自己誘導
phytransformer	変圧器	電気	へんあつき	🔌	交流の電圧を変える装置。2つのコイルの電圧の比は巻き数の比に等しい。直流では電圧を変えられない。	phys	elec	h	変圧器
phylenz	レンツの法則	電気	れんつのほうそく	↪️	誘導電流は、コイルを貫く磁束の変化をさまたげる向きに流れるというきまり。誘導電流の向きを決めるときに使う。	phys	elec	h	レンツの法則
phydoppler	ドップラー効果	光と音	どっぷらーこうか	🚑	音源が近づくと音が高く、遠ざかると低く聞こえる現象。救急車のサイレンが通り過ぎると音が変わるのがその例。	phys	wave	h	ドップラー効果
phyinterfere	波の干渉	光と音	なみのかんしょう	〰️	2つの波が重なって強め合ったり弱め合ったりする現象。道のりの差が波長の整数倍なら強め合い、半波長ずれると弱め合う。	phys	wave	h	干渉 (物理学)
phydiffract	回折	光と音	かいせつ	🌊	波が障害物のかげやすき間の後ろに回りこむ現象。波長が長いほど回りこみやすく、へいの向こうの声が聞こえる理由の一つ。	phys	wave	h	回折
phystanding	定常波	光と音	ていじょうは	🎸	逆向きに進む同じ波が重なってできる、進まない波。まったく振動しない節と、大きく振動する腹が交互にならぶ。	phys	wave	h	定常波
phybeat	うなり	光と音	うなり	🔔	振動数が少しちがう2つの音を同時に鳴らすと、音が大きくなったり小さくなったりをくり返す現象。1秒あたりの回数は振動数の差。	phys	wave	h	うなり
phytransverse	横波	光と音	よこなみ	🪢	波の進む向きと垂直に媒質が振動する波。光などの電磁波は横波。地震のS波も横波で、液体中は伝わらない。	phys	wave	h	横波
phylongit	縦波	光と音	たてなみ	🪗	波の進む向きと同じ向きに媒質が振動する波。疎と密がくり返されるので疎密波ともいい、音は縦波。	phys	wave	h	縦波
phywavelength	波長	光と音	はちょう	📏	波の山から次の山までの長さ。波の速さ＝振動数×波長の関係があり、波の計算の基本になる。	phys	wave	h	波長
phyresonance	共鳴	光と音	きょうめい	🎼	物体が固有振動数と同じ振動数の力を受けて、大きく振動する現象。音さや気柱の実験で出る。	phys	wave	h	共鳴
phyemwave	電磁波	光と音	でんじは	📡	電場と磁場の振動が伝わる波。真空中を光の速さで進み、波長によって電波・赤外線・可視光線・X線などに分けられる。	phys	wave	h	電磁波
phyphotoelec	光電効果	原子	こうでんこうか	🔦	金属に光を当てると電子が飛び出す現象。振動数が一定より小さい光では、いくら強くしても電子は出ない。	phys	atom	h	光電効果
phyhalflife	半減期	原子	はんげんき	⏳	放射性原子核の数が、崩壊によってもとの半分になるまでの時間。半減期2回分で4分の1になる。	phys	atom	h	半減期
phyphoton	光量子	原子	こうりょうし	✨	光がもつ、粒としての性質を表したもの。1個のエネルギーは振動数に比例し、振動数が大きい光ほどエネルギーが大きい。	phys	atom	h	光子
phyalpha	アルファ線	原子	あるふぁせん	🅰️	ヘリウムの原子核の流れでできた放射線。電離作用は強いが透過力は弱く、紙1枚でさえぎられる。	phys	atom	h	アルファ線
phybeta	ベータ線	原子	べーたせん	🅱️	原子核から飛び出す電子の流れでできた放射線。アルファ線より透過力が強く、薄いアルミニウム板でさえぎられる。	phys	atom	h	ベータ線
phygamma	ガンマ線	原子	がんません	☢️	原子核から出る、波長がとても短い電磁波。透過力が強く、さえぎるには厚い鉛やコンクリートが必要になる。	phys	atom	h	ガンマ線
phyxray	X線	原子	えっくすせん	🩻	紫外線より波長の短い電磁波。物を通りぬける性質があり、骨などが写るレントゲン写真に使われる。	phys	atom	h	X線
phyfission	核分裂	原子	かくぶんれつ	💣	ウランなどの重い原子核が、中性子を吸収して2つに分かれる反応。大きなエネルギーが出て、原子力発電に利用される。	phys	atom	h	核分裂反応
phymassdefect	質量欠損	原子	しつりょうけっそん	⚖️	原子核の質量が、ばらばらの陽子と中性子の質量の和より小さいこと。この差がエネルギーに変わっている。	phys	atom	h	質量欠損
phydecay	放射性崩壊	原子	ほうしゃせいほうかい	🧨	不安定な原子核が放射線を出して別の原子核に変わること。アルファ崩壊では質量数が4、原子番号が2減る。	phys	atom	h	放射性崩壊
phymatterwave	物質波	原子	ぶっしつは	🌫️	電子などの粒子も波としての性質をもつという考え方。波長はプランク定数を運動量でわった値で、ド・ブロイ波ともいう。	phys	atom	h	物質波
phyelementary	素粒子	原子	そりゅうし	🔬	物質をつくる、それ以上分けられない最も小さな粒。陽子や中性子はさらに小さなクォークという素粒子からできている。	phys	atom	h	素粒子
