# key	名前	分類	よみ	絵文字	解説	図	区画	学年	Wikipedia題名
biogermination	発芽	植物	はつが	🌱	たねから芽や根が出ること。発芽には水・空気・適当な温度の3つが必要で、日光や肥料はなくても発芽する。	bio	plant	e	発芽
biopollination	受粉	植物	じゅふん	🐝	おしべの花粉がめしべの先につくこと。受粉するとめしべのもとがふくらんで実になり、その中に種子ができる。	bio	plant	e	受粉
biostamen	おしべ	植物	おしべ	🌼	花粉をつくる花のつくり。先にあるふくろ(やく)の中に花粉が入っている。1つの花に何本もあることが多い。	bio	plant	e	雄蕊
biopistil	めしべ	植物	めしべ	🌸	花のまん中にあるつくり。先に花粉がつくと、根もとのふくらんだ部分が育って実になり、中に種子ができる。	bio	plant	e	雌蕊
biopollen	花粉	植物	かふん	🌼	おしべでつくられる小さなつぶ。虫や風に運ばれてめしべの先につく。けんび鏡で見ると、植物ごとに形がちがう。	bio	plant	e	花粉
biocotyledon	子葉	植物	しよう	🌱	発芽して最初に出る葉。インゲンマメの子葉には発芽のための養分がたくわえられていて、育つにつれてしぼんでいく。	bio	plant	e	子葉
bioseed	種子	植物	しゅし	🌰	受粉したあとにできる次の世代のもと。中には芽・根・茎になる部分と、発芽するための養分が入っている。	bio	plant	e	種子
biopetal	花びら	植物	はなびら	🌷	おしべとめしべのまわりをかこむ、色あざやかな部分。目立つ色やあまいにおいで虫を引きよせ、受粉を助ける。	bio	plant	e	花弁
biosepal	がく	植物	がく	🌼	花びらの外側で花をささえる、緑色の小さな葉のようなつくり。つぼみのときは花全体を包んで守っている。	bio	plant	e	萼
biogourd	ヘチマ	植物	へちま	🥒	お花とめ花が別々にさく植物。め花のもとには小さな実があり、受粉するとそれが大きく育つ。受粉の実験によく使う。	bio	plant	e	ヘチマ
biomorningglory	アサガオ	植物	あさがお	🌺	夏に花がさくつる植物。受粉の実験では、花が開く前のつぼみのうちにおしべを取りのぞき、ふくろをかけておく。	bio	plant	e	アサガオ
biobittergourd	ツルレイシ	植物	つるれいし	🥒	ゴーヤーとも呼ばれるつる植物。ヘチマと同じように、お花とめ花が別々にさく。夏に日かげをつくる緑のカーテンにも使われる。	bio	plant	e	ツルレイシ
biobalsam	ホウセンカ	植物	ほうせんか	🌺	小学校で育てる代表的な植物。実がじゅくすとはじけて種を飛ばす。根・茎・葉のつくりや水の通り道を調べるのに使う。	bio	plant	e	ホウセンカ
biokidneybean	インゲンマメ	植物	いんげんまめ	🫘	発芽の条件を調べる実験でよく使う豆。子葉にはでんぷんがたくわえられていて、ヨウ素液をかけると青むらさき色になる。	bio	plant	e	インゲンマメ
biobud	つぼみ	植物	つぼみ	🌷	開く前の花。花びらやおしべ・めしべは、つぼみの中ですでにできあがっていて、がくに包まれて守られている。	bio	plant	e	蕾
biowinterbud	冬芽	植物	ふゆめ	🌳	秋にできて冬をこす芽。かたいうろこのような皮や毛に包まれて寒さをしのぎ、春になると葉や花になってのびる。	bio	plant	e	冬芽
biorosette	ロゼット	植物	ろぜっと	🌿	タンポポなどが冬に葉を地面に放射状に広げた形。冷たい風を受けにくく、日光を広く受けられるので冬をこしやすい。	bio	plant	e	ロゼット
biodandelion	タンポポ	植物	たんぽぽ	🌼	1つの花に見えるのは小さな花の集まり。花のあとにできる綿毛つきの種は風で遠くへ飛ぶ。冬はロゼットで過ごす。	bio	plant	e	タンポポ
biowaterweed	水草	植物	みずくさ	🌿	水の中や水辺に生える植物。メダカを飼う水そうに入れると、卵をうみつける場所やかくれがになる。	bio	plant	e	水草
bioinsect	こん虫	動物	こんちゅう	🐞	体が頭・むね・はらの3つに分かれ、むねに6本のあしがある動物。クモはあしが8本なので、こん虫ではない。	bio	animal	e	昆虫
biopupa	さなぎ	動物	さなぎ	🐛	幼虫から成虫になる前の、ほとんど動かず何も食べない時期。チョウやカブトムシにはあるが、バッタやトンボにはない。	bio	animal	e	蛹
biometamorphosis	変態	動物	へんたい	🦋	幼虫が育つとちゅうで体の形を大きく変え、成虫になること。オタマジャクシがカエルになるのも変態である。	bio	animal	e	変態 (生物学)
biocompletemeta	完全変態	動物	かんぜんへんたい	🦋	卵→幼虫→さなぎ→成虫の順に育つ育ち方。チョウ・カブトムシ・ハチ・カなど。さなぎの時期があるかどうかがポイント。	bio	animal	e	完全変態
bioincompletemeta	不完全変態	動物	ふかんぜんへんたい	🦗	さなぎの時期がなく、卵→幼虫→成虫と育つ育ち方。バッタ・トンボ・セミ・カマキリなどがこれにあたる。	bio	animal	e	不完全変態
biolarva	幼虫	動物	ようちゅう	🐛	卵からかえった、成虫になる前のこん虫。えさをたくさん食べ、皮をぬぐ(脱皮する)たびに体が大きくなる。	bio	animal	e	幼虫
bioimago	成虫	動物	せいちゅう	🦋	育ちきって卵をうめるようになったこん虫。多くのこん虫は、成虫になってはじめてはねを使って飛べるようになる。	bio	animal	e	成虫
biocabbagebf	モンシロチョウ	動物	もんしろちょう	🦋	キャベツなどの葉に卵をうむチョウ。卵→幼虫→さなぎ→成虫と完全変態する。こん虫の育ち方を学ぶ代表的な生き物。	bio	animal	e	モンシロチョウ
biomedaka	メダカ	動物	めだか	🐟	小川や田んぼにすむ小さな魚。せびれに切れこみがあり、しりびれが平行四辺形に近いのがおす。めすは水草に卵をうみつける。	bio	animal	e	メダカ
biotadpole	オタマジャクシ	動物	おたまじゃくし	🐸	カエルの子ども。水中で尾を使って泳ぐ。後ろあし、前あしの順に生えてきて、尾がなくなるとカエルの姿になる。	bio	animal	e	オタマジャクシ
bioantenna	触角	動物	しょっかく	🐜	こん虫の頭にある1対の細長いつくり。においや、ものにふれた感じを受け取る。チョウの触角は先がふくらんでいる。	bio	animal	e	触角
biocompoundeye	複眼	動物	ふくがん	🪲	小さな目がたくさん集まってできたこん虫の目。トンボの頭の大部分は複眼で、広いはんいを一度に見わたせる。	bio	animal	e	複眼
biopillbug	ダンゴムシ	動物	だんごむし	🐚	あしが14本あり、こん虫ではない。さわると丸くなる。落ち葉を食べてこまかくし、土にもどすのを助けている。	bio	animal	e	ダンゴムシ
biohibernation	冬眠	動物	とうみん	🐻	冬の間、活動をほとんどやめてじっと過ごすこと。カエルやヘビは土の中で冬眠し、食べ物の少ない冬を乗りこえる。	bio	animal	e	冬眠
biomigratorybird	渡り鳥	動物	わたりどり	🐦	季節によってすむ場所を大きく移す鳥。ツバメは春に南の国から日本へ来て子育てをし、秋に南へもどる夏鳥。	bio	animal	e	渡り鳥
biobeetle	カブトムシ	動物	かぶとむし	🪲	完全変態するこん虫。幼虫は土の中で腐葉土を食べて育ち、さなぎを経て夏に成虫になる。おすには大きな角がある。	bio	animal	e	カブトムシ
biograsshopper	バッタ	動物	ばった	🦗	不完全変態するこん虫。幼虫は成虫とよく似た形で、脱皮をくり返して大きくなり、さなぎにはならない。	bio	animal	e	バッタ
bioyago	ヤゴ	動物	やご	🌊	トンボの幼虫。水の中で小さな生き物をとらえて食べて育つ。さなぎにはならず、水から出て羽化し成虫になる。	bio	animal	e	ヤゴ
biocicada	セミ	動物	せみ	🌳	不完全変態するこん虫。幼虫は何年も土の中で過ごし、木の根のしるを吸って育つ。地上に出て羽化し、成虫になる。	bio	animal	e	セミ
biooviparous	卵生	なかま分け	らんせい	🥚	母親が卵をうみ、子が卵からかえる生まれ方。魚類・両生類・は虫類・鳥類、そしてこん虫の多くがこれにあたる。	bio	evo	j	卵生
biodaphnia	ミジンコ	小さな生物	みじんこ	🦐	池や田んぼにすむ、目で見ても点のように見えるほど小さな生き物。エビやカニのなかまで、メダカなどのえさになる。	bio	micro	e	ミジンコ
bioparamecium	ゾウリムシ	小さな生物	ぞうりむし	🦠	池の水にすむ、ぞうりのような形の小さな生き物。けんび鏡で見ると、体のまわりの細かい毛を動かしてすばやく泳いでいる。	bio	micro	e	ゾウリムシ
bioclosterium	ミカヅキモ	小さな生物	みかづきも	🌙	三日月のような形をした緑色の小さな生き物。水中の小さな生き物のうち、日光を受けて自分で養分をつくるなかま。	bio	micro	e	ミカヅキモ
biospirogyra	アオミドロ	小さな生物	あおみどろ	🟢	池や田んぼに見られる、緑色の糸のように長くつながった藻。けんび鏡で見ると、中にらせん形の緑色のもようがある。	bio	micro	e	アオミドロ
biovolvox	ボルボックス	小さな生物	ぼるぼっくす	🟢	小さな緑色のつぶがたくさん集まって、ボールのような形をつくっている生き物。くるくる回りながら水中を進む。	bio	micro	e	ボルボックス
bioplankton	プランクトン	小さな生物	ぷらんくとん	🦐	水中をただよって生活する生き物。ミジンコやケイソウなどがあり、魚などのえさとして水中の食物連鎖を支えている。	bio	micro	e	プランクトン
biovorticella	ツリガネムシ	小さな生物	つりがねむし	🔔	つりがねのような形の体を、細い柄で水草などにくっつけている小さな生き物。柄はばねのように急に縮むことがある。	bio	micro	e	ツリガネムシ
biodiatom	ケイソウ	小さな生物	けいそう	🔬	ガラスのような成分でできたからをもつ、小さな藻のなかま。形はさまざまで、海や池にプランクトンとして多くすむ。	bio	micro	e	珪藻
biofoodchain	食物連鎖	生態系	しょくもつれんさ	🔗	食べる・食べられるの関係で、生き物がくさりのようにつながっていること。はじまりは、日光を受けて自分で養分をつくる植物。	bio	eco	e	食物連鎖
bioleafmold	腐葉土	生態系	ふようど	🍂	落ち葉が小さな生き物や菌のはたらきで分解されてできた土。養分が多く植物がよく育つ。カブトムシの幼虫のえさにもなる。	bio	eco	e	腐葉土
biobiotope	ビオトープ	生態系	びおとーぷ	🏞️	その土地の生き物が自然のままくらせるようにつくったすみか。学校の池などにつくられ、メダカやトンボなどを観察できる。	bio	eco	e	ビオトープ
bioangiosperm	被子植物	植物	ひししょくぶつ	🌸	胚珠が子房の中にある種子植物。受粉すると子房は果実に、胚珠は種子になる。アブラナやサクラ、イネなど。	bio	plant	j	被子植物
biogymnosperm	裸子植物	植物	らししょくぶつ	🌲	子房がなく、胚珠がむき出しになっている種子植物。果実はできない。マツ・スギ・イチョウ・ソテツなど。	bio	plant	j	裸子植物
biomonocot	単子葉類	植物	たんしようるい	🌾	子葉が1枚の被子植物。葉脈は平行脈、根はひげ根、茎の維管束はばらばらに散らばる。イネ・ユリ・トウモロコシなど。	bio	plant	j	単子葉類
biodicot	双子葉類	植物	そうしようるい	🌱	子葉が2枚の被子植物。葉脈は網目状で、根は主根と側根からなり、茎の維管束は輪のように並ぶ。アブラナ・サクラなど。	bio	plant	j	双子葉植物
biospore	胞子	植物	ほうし	🍄	シダ植物・コケ植物や菌類がなかまをふやすための、とても小さなつぶ。種子とちがって、中に芽になるつくりや養分をもたない。	bio	plant	j	胞子
biosporangium	胞子のう	植物	ほうしのう	🌿	胞子が入っているふくろ。シダ植物ではふつう葉の裏にかたまってつき、かわくとはじけて胞子を飛ばす。	bio	plant	j	胞子嚢
biofern	シダ植物	植物	しだしょくぶつ	🌿	胞子でふえ、根・茎・葉の区別と維管束がある植物。イヌワラビやゼンマイなど。茎は地下にある地下茎のことが多い。	bio	plant	j	シダ植物
biomoss	コケ植物	植物	こけしょくぶつ	🟩	胞子でふえ、根・茎・葉の区別も維管束もない植物。水は体の表面から吸収する。ゼニゴケやスギゴケなど。	bio	plant	j	コケ植物
biorhizoid	仮根	植物	かこん	🟩	コケ植物にある根のようなつくり。おもなはたらきは体を地面や岩に固定することで、水は体の表面全体から吸収する。	bio	plant	j	コケ植物
biotranspiration	蒸散	植物	じょうさん	💧	植物の体の中の水が、水蒸気となって出ていくこと。おもに葉の気孔で起こり、根から水を吸い上げる力にもなる。	bio	plant	j	蒸散
biostomata	気孔	植物	きこう	🍃	葉の表皮にある小さなすきま。ふつう葉の裏側に多い。蒸散で水蒸気が出ていくほか、酸素や二酸化炭素の出入り口にもなる。	bio	plant	j	気孔
biovascularbundle	維管束	植物	いかんそく	🌿	道管と師管が集まって束になったつくり。根・茎・葉までつながる。茎の断面で双子葉類は輪状、単子葉類は散らばって見える。	bio	plant	j	維管束
bioxylem	道管	植物	どうかん	💧	根から吸収した水や肥料分を運ぶ管。茎の維管束では内側(中心側)にあり、葉では表側を通っている。	bio	plant	j	道管
biophloem	師管	植物	しかん	🍬	葉でつくられた養分を、体のすみずみへ運ぶ管。茎の維管束では道管より外側にあり、葉では裏側を通っている。	bio	plant	j	師管
bioovary	子房	植物	しぼう	🍑	めしべの根もとのふくらんだ部分。中に胚珠があり、受粉すると成長して果実になる。裸子植物には子房がない。	bio	plant	j	子房
bioovule	胚珠	植物	はいしゅ	🌰	受粉したあと成長して種子になる部分。被子植物では子房の中にあり、裸子植物ではむき出しになっている。	bio	plant	j	胚珠
biotaproot	主根	植物	しゅこん	🥕	双子葉類の根の中心にある太い根。そこから細い側根が枝分かれしてのびる。単子葉類にはなく、ひげ根になる。	bio	plant	j	根
biofibrousroot	ひげ根	植物	ひげね	🌾	茎のもとから同じくらいの太さの細い根がたくさん出ている根。単子葉類の特ちょうで、イネやトウモロコシなどに見られる。	bio	plant	j	根
bioroothair	根毛	植物	こんもう	🌱	根の先の近くに生える細かい毛。土とふれる面積を大きくして、水や肥料分を効率よく吸収できるようにしている。	bio	plant	j	根毛
bioexoskeleton	外骨格	動物	がいこっかく	🦀	体の外側をおおうかたい殻。体を支えて内部を守る。のびないので、成長するときは脱皮して古い殻をぬぎすてる。	bio	animal	j	外骨格
biomantle	外とう膜	動物	がいとうまく	🐚	軟体動物の内臓をおおう膜。アサリなどの貝がらは、外とう膜から出される物質がもとになってつくられる。	bio	animal	j	外套膜
biopoikilotherm	変温動物	動物	へんおんどうぶつ	🦎	まわりの温度によって体温が変わる動物。魚類・両生類・は虫類。寒くなると動きがにぶくなり、冬眠するものも多い。	bio	animal	j	変温動物
biohomeotherm	恒温動物	動物	こうおんどうぶつ	🐧	まわりの温度が変わっても体温をほぼ一定に保つ動物。鳥類とほ乳類がこれにあたり、寒い場所でも活動できる。	bio	animal	j	恒温動物
biocarnivore	肉食動物	動物	にくしょくどうぶつ	🦁	ほかの動物を食べる動物。犬歯が大きくするどい。目が顔の前向きについていて、えものまでの距離をつかみやすい。	bio	animal	j	肉食動物
bioherbivore	草食動物	動物	そうしょくどうぶつ	🦓	植物を食べる動物。門歯と臼歯が発達。目が顔の横向きについていて広いはんいを見わたせ、敵に早く気づける。	bio	animal	j	草食動物
biovertebrate	セキツイ動物	なかま分け	せきついどうぶつ	🐟	背骨をもつ動物。魚類・両生類・は虫類・鳥類・ほ乳類の5つのなかまに分けられ、体のつくりや生まれ方にちがいがある。	bio	evo	j	脊椎動物
bioinvertebrate	無セキツイ動物	なかま分け	むせきついどうぶつ	🐙	背骨をもたない動物。節足動物や軟体動物のほか、ミミズやクラゲなど。動物の種類の大部分をしめている。	bio	evo	j	無脊椎動物
bioarthropod	節足動物	なかま分け	せっそくどうぶつ	🦀	体やあしに節があり、外骨格でおおわれた無セキツイ動物。こん虫類・甲殻類・クモ類・ムカデ類などが入る。	bio	evo	j	節足動物
biomollusk	軟体動物	なかま分け	なんたいどうぶつ	🦑	内臓が外とう膜で包まれ、体に節や骨がない無セキツイ動物。イカ・タコ・アサリ・マイマイなど。	bio	evo	j	軟体動物
biocrustacean	甲殻類	なかま分け	こうかくるい	🦐	エビ・カニ・ミジンコなどの節足動物。多くは水中にすみ、えらをもつ。ダンゴムシも陸にすむ甲殻類のなかま。	bio	evo	j	甲殻類
bioamphibian	両生類	なかま分け	りょうせいるい	🐸	子は水中でえらを使い、親になると肺と皮ふで空気を取り入れる。カエルやイモリなど。卵には殻がなく水中にうむ。	bio	evo	j	両生類
bioreptile	は虫類	なかま分け	はちゅうるい	🦎	体がうろこでおおわれ、陸上に殻のある卵をうむ変温動物。ヘビ・トカゲ・カメ・ワニなど。一生、肺を使う。	bio	evo	j	爬虫類
biobird	鳥類	なかま分け	ちょうるい	🐦	体が羽毛でおおわれ、殻のある卵をうむ恒温動物。前あしが翼に変化している。ペンギンのように飛べない鳥もいる。	bio	evo	j	鳥類
biomammal	ほ乳類	なかま分け	ほにゅうるい	🐄	体が毛でおおわれ、多くは胎生で、子を乳で育てる恒温動物。海にすむクジラや、空を飛ぶコウモリもなかま。	bio	evo	j	哺乳類
biofish	魚類	なかま分け	ぎょるい	🐟	一生を水中で過ごし、えらを使う変温動物。体はうろこでおおわれ、多くは水中に殻のない卵をうむ。	bio	evo	j	魚類
bioviviparous	胎生	なかま分け	たいせい	🐄	子が母親の体内である程度育ってから生まれる生まれ方。ほ乳類の多くがこれにあたる。カモノハシは例外で卵をうむ。	bio	evo	j	胎生
bioevolution	進化	進化	しんか	🦕	生物が長い年月をかけ、世代を重ねるうちに形や性質を変えていくこと。セキツイ動物は水中から陸上へと生活の場を広げた。	bio	evo	j	進化
biohomologous	相同器官	進化	そうどうきかん	🦇	形やはたらきはちがうが、もとは同じ器官から変化したもの。ヒトのうで、クジラの胸びれ、コウモリの翼など。進化の証拠。	bio	evo	j	相同
biovestigial	痕跡器官	進化	こんせききかん	🐋	はたらきを失い、名残だけが小さく残っている器官。クジラの体内にある後ろあしの骨など。祖先の姿を示す進化の証拠。	bio	evo	j	痕跡器官
bioarchaeopteryx	始祖鳥	進化	しそちょう	🪶	約1億5000万年前の生物。羽毛と翼をもつ一方で、口に歯、翼につめ、長い尾の骨があり、は虫類と鳥類の両方の特ちょうをもつ。	bio	evo	j	始祖鳥
bioproducer	生産者	生態系	せいさんしゃ	🌳	無機物から有機物をつくり出す生物。植物や植物プランクトンなど。すべての生物は、生産者がつくった有機物にたよっている。	bio	eco	j	生産者
bioconsumer	消費者	生態系	しょうひしゃ	🐇	ほかの生物を食べて有機物を得る生物。植物を食べる草食動物が一次消費者、それを食べる肉食動物が二次消費者。	bio	eco	j	消費者
biodecomposer	分解者	生態系	ぶんかいしゃ	🍄	死がいやふんなどの有機物を、二酸化炭素や水などの無機物に分解する生物。菌類・細菌類が代表で、消費者の一部ともいえる。	bio	eco	j	分解者
biosoilanimal	土壌動物	生態系	どじょうどうぶつ	🪱	土の中や落ち葉の下にすむ小さな動物。ミミズ・ダンゴムシ・トビムシなど。落ち葉を細かくして、分解を助けている。	bio	eco	j	土壌動物
bioindicator	指標生物	生態系	しひょうせいぶつ	🦀	その場所の環境の目安になる生物。川ではカワゲラやサワガニがいれば、きれいな水だと分かる。	bio	eco	j	指標生物
biofungi	菌類	菌	きんるい	🍄	カビやキノコのなかま。体は菌糸でできていて、おもに胞子でふえる。有機物を分解してとり入れる分解者。	bio	micro	j	菌類
biobacteria	細菌類	菌	さいきんるい	🦠	乳酸菌や大腸菌など、とても小さな単細胞の生物。分裂してふえる。分解者として土の中の有機物を無機物に変えている。	bio	micro	j	細菌
biohypha	菌糸	菌	きんし	🍄	カビやキノコの体をつくる、細い糸のようなもの。キノコのかさや柄は、たくさんの菌糸が集まってできている。	bio	micro	j	菌糸
biomold	カビ	菌	かび	🍞	パンやもちなどに生える菌類。アオカビやクロカビなど。菌糸をのばして広がり、胞子でふえる。	bio	micro	j	カビ
biomushroom	キノコ	菌	きのこ	🍄	菌類のなかまで、胞子をつくるために菌糸が集まってできたもの。シイタケは、かれ木などの有機物を分解して育つ。	bio	micro	j	キノコ
bionitrogencycle	窒素循環	物質循環	ちっそじゅんかん	🔄	窒素が大気・生物・土の間をめぐること。大気中の窒素は根粒菌などの窒素固定で生物が使える形になり、植物は土から吸収する。	bio	eco	h	窒素循環
biocarboncycle	炭素循環	物質循環	たんそじゅんかん	🔄	炭素が二酸化炭素として大気と生物の間をめぐること。化石燃料を燃やすと大気中の二酸化炭素がふえ、つり合いがくずれる。	bio	eco	h	炭素循環
biobiome	バイオーム	植生	ばいおーむ	🌍	ある地域の植生とそこにすむ動物などをまとめた集まり。どのバイオームになるかは、おもに年平均気温と年降水量で決まる。	bio	eco	h	生物群系
biosuccession	遷移	植生	せんい	🌳	植生が長い年月をかけて移り変わること。裸地→草原→低木林→陽樹林→混交林→陰樹林と進むのが典型的な流れ。	bio	eco	h	遷移 (生物学)
bioclimax	極相	植生	きょくそう	🌲	遷移が進んで、それ以上大きく変わらなくなった安定した状態。日本の多くの地域では陰樹林が極相林になる。	bio	eco	h	極相
bioprimarysucc	一次遷移	植生	いちじせんい	🌋	溶岩が固まったあとの土のない裸地から始まる遷移。最初に地衣類やコケ植物が入りこむことが多く、極相まで長い時間がかかる。	bio	eco	h	遷移 (生物学)
biosecondarysucc	二次遷移	植生	にじせんい	🔥	山火事や森林の伐採のあとから始まる遷移。土や種子、根が残っているため、一次遷移よりずっと速く進む。	bio	eco	h	遷移 (生物学)
bioshadeintolerant	陽樹	植生	ようじゅ	☀️	明るい場所で速く育つ樹木。アカマツなど。暗い林床ではその芽ばえが育ちにくいため、遷移が進むと陰樹に入れかわる。	bio	eco	h	陽樹
bioshadetolerant	陰樹	植生	いんじゅ	🌲	暗い林床でも芽ばえが育つことのできる樹木。スダジイ・アラカシ・ブナなど。遷移の後半に多くなり、極相林をつくる。	bio	eco	h	陰樹
biogap	ギャップ更新	植生	ぎゃっぷこうしん	🪓	大木が倒れて林冠にすきま(ギャップ)ができ、そこに若い木が育って入れかわること。大きなギャップでは陽樹も育つ。	bio	eco	h	森林
biobiodiversity	生物多様性	生態系	せいぶつたようせい	🌈	さまざまな生物がいて、つながり合っていること。生態系・種・遺伝子の3つの段階でとらえ、その保全が大切とされる。	bio	eco	h	生物多様性
bioalien	外来生物	生態系	がいらいせいぶつ	🦝	人の活動によって、もともといなかった地域に持ちこまれた生物。オオクチバスやアライグマなど。在来の生物をおびやかすことがある。	bio	eco	h	外来種
biokeystone	キーストーン種	生態系	きーすとーんしゅ	🦦	数は少なくても、生態系のつり合いに大きな影響をあたえる種。ウニを食べて海藻の森を守るラッコが有名な例。	bio	eco	h	キーストーン種
biopyramid	生態ピラミッド	生態系	せいたいぴらみっど	🔺	栄養段階ごとの個体数や生物量を積み上げた図。ふつう、上の段階(高次の消費者)ほど量が少なくなり、ピラミッド形になる。	bio	eco	h	生態ピラミッド
biobiomagnification	生物濃縮	環境	せいぶつのうしゅく	☠️	分解されにくい物質が、食物連鎖を通して上位の生物の体内に高い濃度でたまること。DDTや有機水銀による被害で知られる。	bio	eco	h	生物濃縮
bioeutrophication	富栄養化	環境	ふえいようか	💚	湖や海で窒素やリンなどの栄養分がふえすぎること。プランクトンが大量にふえ、赤潮やアオコの原因になる。	bio	eco	h	富栄養化
bioredtide	赤潮	環境	あかしお	🌊	海でプランクトンが大量にふえ、水が赤っぽく見える現象。富栄養化が原因の1つで、魚や貝が死ぬ被害が出ることがある。	bio	eco	h	赤潮
biolaurel	照葉樹林	植生	しょうようじゅりん	🌳	冬でも葉を落とさない、つやのある葉をもつ常緑広葉樹の森。関東から九州の低地に多い。スダジイ・アラカシ・タブノキなど。	bio	eco	h	照葉樹林
biodeciduous	夏緑樹林	植生	かりょくじゅりん	🍁	冬に葉を落とす落葉広葉樹の森。東北地方から北海道南西部の低地に広がる。ブナやミズナラなど。	bio	eco	h	夏緑樹林
bioconiferous	針葉樹林	植生	しんようじゅりん	🌲	寒い地域に広がる、おもに常緑針葉樹の森。日本では北海道東部や本州の亜高山帯に見られる。エゾマツ・トドマツなど。	bio	eco	h	針葉樹林
biotundra	ツンドラ	植生	つんどら	❄️	寒さがきびしく、樹木が育たない荒原のバイオーム。地面の下は一年中こおっていて、地衣類やコケ植物が多い。	bio	eco	h	ツンドラ
biosavanna	サバンナ	植生	さばんな	🦒	雨季と乾季がある熱帯の草原のバイオーム。イネ科の草原に低木がまばらに生え、キリンやシマウマなど大型の草食動物が多い。	bio	eco	h	サバンナ
biorainforest	熱帯多雨林	植生	ねったいたうりん	🌴	一年中高温で雨の多い地域の常緑広葉樹の森。生物の種類がとても多く、何層にも重なる階層構造が発達している。	bio	eco	h	熱帯雨林
biocanopy	林冠	植生	りんかん	🌳	森林のいちばん上の、木々の葉がしげっておおっている部分。ここで光の多くがさえぎられるため、林床は暗くなる。	bio	eco	h	林冠
biovertical	垂直分布	植生	すいちょくぶんぷ	⛰️	標高によってバイオームが変わる分布。本州中部では低い方から丘陵帯・山地帯・亜高山帯・高山帯と並ぶ。	bio	eco	h	垂直分布
biotreeline	森林限界	植生	しんりんげんかい	🏔️	高い山や寒い土地で、森林ができなくなる境目。本州中部では標高約2500mで、その上は高山植物の見られる高山帯になる。	bio	eco	h	森林限界
biosatoyama	里山	環境	さとやま	🏡	人の住む村の近くにある林・田畑・ため池などの自然。人が手を入れて利用することで、多くの生物のすみかが保たれてきた。	bio	eco	h	里山
biofoodweb	食物網	生態系	しょくもつもう	🕸️	実際の自然では、1種の生物が何種類ものえさを食べ、何種類もの生物に食べられる。食物連鎖が網の目のようにからみ合った関係。	bio	eco	h	食物網
biomutualism	相利共生	生物の関係	そうりきょうせい	🤝	ちがう種の生物が、たがいに利益を得ながらいっしょにくらす関係。アリとアブラムシ、マメ科植物と根粒菌など。	bio	eco	h	相利共生
bioparasitism	寄生	生物の関係	きせい	🦟	ある生物が別の生物(宿主)の体の表面や体内でくらし、宿主から養分をうばう関係。寄生する側だけが利益を得る。	bio	eco	h	寄生
biosegregation	すみわけ	生物の関係	すみわけ	🐟	生活のしかたが似た種どうしが、場所を分けてくらすこと。川の上流にイワナ、下流にヤマメがすむ例が知られる。	bio	eco	h	棲み分け
bionaturalselection	自然選択	進化	しぜんせんたく	🦒	環境に合った性質をもつ個体ほど生き残って子孫を多く残し、その性質が集団に広がること。ダーウィンが進化のしくみとして唱えた。	bio	evo	h	自然選択説
biospecies	種	進化	しゅ	🐾	生物を分ける基本の単位。同じ種どうしなら交配して、子孫を残す能力のある子をつくれる。生物の名前は種ごとにつけられる。	bio	evo	h	種 (分類学)
bioradiation	適応放散	進化	てきおうほうさん	🦘	1つの祖先から、さまざまな環境に合わせて多くの種に分かれていくこと。オーストラリアの有袋類が代表的な例。	bio	evo	h	適応放散
bioconvergent	収束進化	進化	しゅうそくしんか	🐬	系統のちがう生物が、似た環境にくらすうちに似た形になること。収れんともいう。魚類のサメとほ乳類のイルカの体の形など。	bio	evo	h	収斂進化
biospeciation	種分化	進化	しゅぶんか	🐦	1つの種から新しい種が生まれること。集団が山や海で分けられ、長い時間がたって交配できなくなると別の種になる。	bio	evo	h	種分化
biogeoisolation	地理的隔離	進化	ちりてきかくり	🏝️	海や山などで集団が分けられ、たがいに行き来できなくなること。ガラパゴス諸島のフィンチの種分化がよく知られた例。	bio	evo	h	地理的隔離
bioreproisolation	生殖的隔離	進化	せいしょくてきかくり	🚫	2つの集団の間で交配ができない、または子に子孫を残す力がなくなること。これが成り立つと別の種になったといえる。	bio	evo	h	生殖隔離
biocoevolution	共進化	進化	きょうしんか	🌺	たがいに影響し合う種どうしが、いっしょに進化すること。花の形と、その蜜を吸うこん虫の口の長さの関係がよく知られる。	bio	evo	h	共進化
biophylotree	系統樹	進化	けいとうじゅ	🌳	生物が進化してきた道すじを、木の枝分かれのように表した図。枝分かれが近いほど、共通の祖先から分かれたのが最近である。	bio	evo	h	系統樹
bioscientificname	学名	分類	がくめい	🏷️	世界共通で使われる生物の正式な名前。ラテン語で書かれ、国によって呼び名がちがう生物でも、学名なら1つに決まる。	bio	evo	h	学名
biobinomial	二名法	分類	にめいほう	🏷️	学名を属名と種小名の2つの言葉を並べて表す方法。リンネが広めた。ヒトの学名ホモ・サピエンスもこの形。	bio	evo	h	二名法
biocyanobacteria	シアノバクテリア	細菌	しあのばくてりあ	🌊	酸素を出す細菌のなかま。大昔の海でふえて大気に酸素をたくわえた。岩のような層状のストロマトライトをつくる。	bio	micro	h	シアノバクテリア
biorhizobium	根粒菌	細菌	こんりゅうきん	🫛	マメ科植物の根にこぶ(根粒)をつくってすむ細菌。大気中の窒素を植物が使える形に変え、かわりに植物から養分をもらう。	bio	micro	h	根粒菌
bionitrogenfixation	窒素固定	細菌	ちっそこてい	🔄	大気中の窒素をアンモニウムイオンなど生物が使える形に変えること。根粒菌やシアノバクテリアの一部などができる。	bio	micro	h	窒素固定
bionitrifying	硝化菌	細菌	しょうかきん	🦠	土の中のアンモニウムイオンを亜硝酸イオン、さらに硝酸イオンに変える細菌。植物は硝酸イオンを根から吸収して利用する。	bio	micro	h	硝化
bioarchaea	古細菌	細菌	こさいきん	♨️	細菌とは別のなかまの微生物で、アーキアともいう。高温の温泉や塩分の濃い湖など、きびしい環境にすむものが多い。	bio	micro	h	古細菌
biolichen	地衣類	菌	ちいるい	🪨	菌類と藻類などがいっしょにくらしてできた生物。岩の上などきびしい場所でも育ち、一次遷移で最初に入りこむことが多い。	bio	micro	h	地衣類
bioshortday	短日植物	植物	たんじつしょくぶつ	🌙	夜の長さが一定以上になると花芽をつくる植物。秋に花がさくキクやコスモスなど。ぎゃくに春から初夏にさくアブラナなどは長日植物。	bio	plant	h	短日植物
bioimprinting	刷り込み	動物の行動	すりこみ	🦆	生まれてすぐの限られた時期に見た動くものを親と覚えこむ学習。カモやガンのひなで知られ、ローレンツが研究した。	bio	animal	h	刷り込み
