# 宇宙。key	名前	分類	よみ	絵文字	解説	地図(sky|solar)	x	y	Wikipedia題名	はじめのレベル(1か空)
solsun	太陽	恒星	たいよう	☀️	太陽系の中心にある恒星。直径は地球の約109倍、表面温度は約6000度。水素の核融合で光と熱を出し、光は約8分で地球にとどく。	solar	0.03	0	太陽	1
solmercury	水星	惑星	すいせい	🪐	太陽にいちばん近く、いちばん小さい惑星。大気がほとんどなく、昼は400度、夜はマイナス170度。公転周期は約88日。	solar	0.10	0	水星	1
solvenus	金星	惑星	きんせい	🪐	地球のすぐ内側をまわる、大きさが地球とほぼ同じ惑星。二酸化炭素の厚い大気の温室効果で表面は約460度。明けの明星・宵の明星。	solar	0.16	0	金星	1
solearth	地球	惑星	ちきゅう	🌍	太陽から3番目の惑星で、わたしたちのすむ星。表面の約7割が海で、生命がいることが分かっている ただひとつの天体。直径約1万2700km。	solar	0.22	0	地球	1
solmoon	月	衛星(地球)	つき	🌙	地球のまわりをまわる ただひとつの衛星。直径は地球の約4分の1、距離は約38万km。いつも同じ面を地球に向け、約29.5日で満ち欠けする。	solar	0.24	-0.3	月	1
solmars	火星	惑星	かせい	🪐	地球のすぐ外側をまわる赤い惑星。酸化鉄の砂で赤く見える。太陽系最大の火山オリンポス山があり、昔は水が流れていた跡もある。	solar	0.29	0	火星	1
soljupiter	木星	惑星	もくせい	🪐	太陽系でいちばん大きな惑星。直径は地球の約11倍。ガスでできていて、大赤斑という地球より大きなうずがある。衛星は90個以上。	solar	0.45	0	木星	1
solsaturn	土星	惑星	どせい	🪐	美しい環をもつ、太陽系で2番目に大きな惑星。環は氷のつぶでできている。密度が水より小さく、大きな海があれば浮くといわれる。	solar	0.57	0	土星	1
soluranus	天王星	惑星	てんのうせい	🪐	1781年にハーシェルが望遠鏡で発見した、青緑色の惑星。自転軸が横だおしになっていて、ころがるように公転している。	solar	0.69	0	天王星	1
solneptune	海王星	惑星	かいおうせい	🪐	太陽からいちばん遠い8番目の惑星。計算で位置を予言されて1846年に発見された。青い色で、太陽系で最も強い風がふく。	solar	0.80	0	海王星	1
solphobos	フォボス	衛星(火星)	ふぉぼす	🌑	火星の2つの衛星のうち大きいほう。直径約22kmのいびつな形で、火星にとても近く、約7時間40分で1周する。	solar	0.29	-0.4	フォボス (衛星)	
soldeimos	ダイモス	衛星(火星)	だいもす	🌑	火星の2つの衛星のうち小さいほう。直径約12km。名前はギリシャ神話の軍神アレスの息子で、フォボスの兄弟。	solar	0.30	0.4	ダイモス (衛星)	
solio	イオ	衛星(木星)	いお	🌋	木星のガリレオ衛星のひとつ。木星の強い引力にゆさぶられ、太陽系でいちばん火山活動が活発な天体。表面は黄色い硫黄でおおわれる。	solar	0.44	-0.3	イオ (衛星)	
soleuropa	エウロパ	衛星(木星)	えうろぱ	🧊	木星のガリレオ衛星のひとつ。氷の表面の下に地球の海より多い水があると考えられ、生命がいるかもしれないと注目されている。	solar	0.46	-0.6	エウロパ (衛星)	
solganymede	ガニメデ	衛星(木星)	がにめで	🌑	木星のガリレオ衛星のひとつで、太陽系でいちばん大きな衛星。直径は水星より大きい。衛星でただひとつ、自分の磁場をもつ。	solar	0.44	0.3	ガニメデ (衛星)	
solcallisto	カリスト	衛星(木星)	かりすと	🌑	木星のガリレオ衛星のうち いちばん外側をまわる。表面はクレーターだらけで、太陽系で最も古い地形のひとつといわれる。	solar	0.46	0.6	カリスト (衛星)	
solamalthea	アマルテア	衛星(木星)	あまるてあ	🌑	木星の小さな衛星。1892年にバーナードが発見した、ガリレオ衛星以外で最初に見つかった木星の衛星。赤い色をしている。	solar	0.45	0.85	アマルテア (衛星)	
soltitan	タイタン	衛星(土星)	たいたん	🌫️	土星最大の衛星で、太陽系で2番目に大きい。衛星でただひとつ厚い大気をもち、メタンの雨がふり、メタンの湖がある。	solar	0.57	-0.35	タイタン (衛星)	
solenceladus	エンケラドゥス	衛星(土星)	えんけらどぅす	🧊	土星の小さな氷の衛星。南極から水しぶきをふき上げていて、氷の下に海があると考えられる。生命探しで注目の星。	solar	0.56	-0.65	エンケラドゥス (衛星)	
solmimas	ミマス	衛星(土星)	みます	🌑	土星の衛星。直径約400km。ハーシェルという巨大なクレーターがあり、映画の宇宙ステーションのような見た目で有名。	solar	0.58	0.3	ミマス (衛星)	
solrhea	レア	衛星(土星)	れあ	🌑	土星で2番目に大きな衛星。直径約1500km。ほとんどが氷でできていて、表面はクレーターでおおわれている。	solar	0.56	0.6	レア (衛星)	
soliapetus	イアペトゥス	衛星(土星)	いあぺとぅす	🌓	土星の衛星。片側がまっ黒、反対側がまっ白という不思議な二色の顔をもつ。赤道に高さ10km以上の山脈が走っている。	solar	0.58	0.85	イアペトゥス (衛星)	
soltethys	テティス	衛星(土星)	ててぃす	🌑	土星の氷の衛星。直径約1060km。星をぐるりと4分の3周する巨大な谷イサカ谷がある。	solar	0.58	-0.9	テティス (衛星)	
soldione	ディオネ	衛星(土星)	でぃおね	🌑	土星の氷の衛星。直径約1120km。表面に明るい氷のがけの筋が走り、うすい酸素の大気がみつかっている。	solar	0.55	0.9	ディオネ (衛星)	
solhyperion	ハイペリオン	衛星(土星)	はいぺりおん	🧽	土星の衛星。スポンジのような穴だらけの見た目で、いびつな形。自転がでたらめで、向きの予想ができない。	solar	0.55	-0.9	ハイペリオン (衛星)	
soltitania	ティタニア	衛星(天王星)	てぃたにあ	🌑	天王星最大の衛星。直径約1580km。名前はシェイクスピアの劇に出てくる妖精の女王からとられた。	solar	0.69	-0.4	チタニア (衛星)	
soloberon	オベロン	衛星(天王星)	おべろん	🌑	天王星で2番目に大きな衛星。1787年にハーシェルが発見。名前はシェイクスピアの劇の妖精の王からとられた。	solar	0.70	0.4	オベロン (衛星)	
solmiranda	ミランダ	衛星(天王星)	みらんだ	🌑	天王星の小さな衛星。高さ20kmの太陽系最大級のがけがあり、いろいろな地形がつぎはぎのように混ざった不思議な表面。	solar	0.68	0.7	ミランダ (衛星)	
soltriton	トリトン	衛星(海王星)	とりとん	🧊	海王星最大の衛星。海王星の自転と反対向きにまわり、もとはカイパーベルトの天体がつかまったと考えられる。窒素の間欠泉がある。	solar	0.80	-0.45	トリトン (衛星)	
solcharon	カロン	衛星(冥王星)	かろん	🌑	冥王星の衛星。冥王星の半分ほどの大きさがあり、2つはおたがいをまわりあっている。1978年に発見された。	solar	0.88	-0.4	カロン (衛星)	
solpluto	冥王星	準惑星	めいおうせい	🪐	1930年に発見され、長く9番目の惑星とされたが、2006年に準惑星になった。月より小さく、氷のハートもようがある。	solar	0.88	0	冥王星	1
solceres	ケレス	準惑星	けれす	🪨	火星と木星のあいだの小惑星帯にある、いちばん大きな天体。直径約950km。小惑星帯でただひとつの準惑星。	solar	0.36	-0.3	ケレス (準惑星)	
soleris	エリス	準惑星	えりす	🪐	2005年に発見された、冥王星より重い準惑星。この発見がきっかけで惑星の定義が見直され、冥王星が準惑星になった。	solar	0.93	-0.5	エリス (準惑星)	
solmakemake	マケマケ	準惑星	まけまけ	🪐	カイパーベルトにある準惑星。2005年に発見された。名前はイースター島の神話の創造の神からとられた。	solar	0.90	0.55	マケマケ (準惑星)	
solhaumea	ハウメア	準惑星	はうめあ	🥚	カイパーベルトにある準惑星。約4時間で高速に自転しているため、ラグビーボールのような細長い形をしている。環をもつ。	solar	0.91	-0.85	ハウメア (準惑星)	
solitokawa	イトカワ	小惑星	いとかわ	🥔	探査機はやぶさが着陸した、長さ約540mのラッコのような形の小惑星。名前は日本のロケットの父 糸川英夫からとられた。	solar	0.32	-0.6	イトカワ (小惑星)	
solryugu	リュウグウ	小惑星	りゅうぐう	💎	探査機はやぶさ2が着陸し、砂を持ち帰った小惑星。直径約900mのそろばんの玉のような形。水や有機物をふくむ岩石でできている。	solar	0.33	0.6	リュウグウ (小惑星)	
solbennu	ベンヌ	小惑星	べんぬ	🪨	アメリカの探査機オシリス・レックスが砂を持ち帰った小惑星。直径約500m。遠い将来に地球に近づく可能性がある。	solar	0.31	0.9	ベンヌ (小惑星)	
solvesta	ベスタ	小惑星	べすた	🪨	小惑星帯で2番目に大きな天体。直径約525km。小惑星の中でいちばん明るく、条件がよければ肉眼でも見える。	solar	0.37	0.35	ベスタ (小惑星)	
solpallas	パラス	小惑星	ぱらす	🪨	1802年に発見された、小惑星帯で3番目に大きな小惑星。直径約510km。名前はギリシャ神話の女神アテナの別名。	solar	0.38	-0.65	パラス (小惑星)	
solbelt	小惑星帯	小惑星	しょうわくせいたい	🪨	火星と木星のあいだで、たくさんの小さな岩の天体が太陽をまわっている帯。惑星になりそこねたかけらの集まりと考えられる。	solar	0.36	0	小惑星帯	1
solkuiper	カイパーベルト	太陽系の果て	かいぱーべると	🧊	海王星の外側に、氷の小天体がドーナツ状に広がっている場所。冥王星やエリスもここにある。短い周期の彗星のふるさと。	solar	0.88	0.9	エッジワース・カイパーベルト	
soloort	オールトの雲	太陽系の果て	おーるとのくも	☁️	太陽系のいちばん外側を、無数の氷の天体が球のようにとりまいていると考えられる場所。長い周期の彗星のふるさと。	solar	0.97	0	オールトの雲	
solhalley	ハレー彗星	彗星	はれーすいせい	☄️	約76年ごとに太陽に近づく、いちばん有名な彗星。ハレーが周期を予言した。前回は1986年、つぎは2061年ごろに見られる。	solar	0.75	0.9	ハレー彗星	1
solhalebopp	ヘール・ボップ彗星	彗星	へーるぼっぷすいせい	☄️	1997年に地球に近づき、18か月ものあいだ肉眼で見えた大彗星。20世紀でいちばん多くの人に見られた彗星といわれる。	solar	0.94	0.85	ヘール・ボップ彗星	
solhyakutake	百武彗星	彗星	ひゃくたけすいせい	☄️	1996年に日本のアマチュア天文家 百武裕司さんが発見し、地球のすぐそばを通って長い尾を見せた彗星。	solar	0.84	0.9	百武彗星 (C/1996 B2)	
solcomet	彗星	彗星	すいせい	☄️	氷とちりでできた、よごれた雪だるまのような天体。太陽に近づくと氷がとけて、太陽と反対の向きに長い尾がのびる。ほうき星ともいう。	solar	0.66	0.9	彗星	
solsystem	太陽系	ことば	たいようけい	🪐	太陽と、そのまわりをまわる8つの惑星、衛星、準惑星、小惑星、彗星などの家族。太陽から海王星までは約45億km。	solar	0.50	-0.9	太陽系	1
solrevolution	公転	ことば	こうてん	🔄	天体が別の天体のまわりをまわること。地球は太陽のまわりを1年で1周し、そのために季節や星座の見え方が変わる。	solar	0.13	-0.9	公転	1
solrotation	自転	ことば	じてん	🌀	天体が自分の軸を中心にまわること。地球は約24時間で1回転し、そのために昼と夜ができ、太陽や星が東から西へ動いて見える。	solar	0.19	-0.95	自転	1
solsolareclipse	日食	ことば	にっしょく	🌘	月が太陽と地球のあいだに入って、太陽をかくす現象。新月の日に起こる。ぜんぶかくれる皆既日食、まわりが残る金環日食がある。	solar	0.16	0.9	日食	1
sollunareclipse	月食	ことば	げっしょく	🌒	地球が太陽と月のあいだに入り、地球の影に月が入る現象。満月の日に起こる。皆既月食の月は赤銅色に見える。	solar	0.28	-0.95	月食	1
soltotaleclipse	皆既日食	ことば	かいきにっしょく	🌑	月が太陽を完全にかくす日食。昼なのに暗くなり、太陽のまわりのコロナが見える。太陽と月の見かけの大きさがほぼ同じだから起こる。	solar	0.11	0.95	皆既日食	
solannular	金環日食	ことば	きんかんにっしょく	💍	月が地球から遠いとき、太陽をかくしきれずに指輪のように光の輪が残る日食。2012年に東京など日本の広い範囲で見られた。	solar	0.07	0.9	金環日食	
solfullmoon	満月	ことば	まんげつ	🌕	太陽・地球・月の順に一直線にならび、月がまるく光って見えるとき。夕方に東からのぼり、真夜中に南、明け方に西へしずむ。	solar	0.26	-0.15	満月	1
solnewmoon	新月	ことば	しんげつ	🌑	月が太陽と同じ方向にあって、地球からは見えないとき。ここから約29.5日かけて満ち欠けを1周する。日食は新月の日に起こる。	solar	0.27	0.05	新月	1
solcrescent	三日月	ことば	みかづき	🌙	新月から3日目ごろの細い月。夕方の西の空に低く見えて、すぐしずむ。右側が光る。ここから上弦、満月へとふくらんでいく。	solar	0.27	-0.35	三日月	1
solfirstq	上弦の月	ことば	じょうげんのつき	🌓	新月から約7日目の右半分が光る半月。昼にのぼり、夕方に南の空、真夜中に西へしずむ。弓の弦が上にくるのでこの名前。	solar	0.27	-0.6	上弦	
sollastq	下弦の月	ことば	かげんのつき	🌗	満月から約7日目の左半分が光る半月。真夜中にのぼり、明け方に南の空に見える。昼間の西の空に白く見えることもある。	solar	0.26	-0.85	下弦	
solphases	月の満ち欠け	ことば	つきのみちかけ	🌔	月が地球のまわりをまわるうちに、太陽に照らされる部分の見え方が変わること。新月・三日月・上弦・満月・下弦と約29.5日でくり返す。	solar	0.25	0.15	月相	
soltide	潮の満ち引き	ことば	しおのみちひき	🌊	月と太陽の引力で、海の水が1日に2回ふくらんだり引いたりすること。満月と新月のころは差が大きい大潮になる。	solar	0.23	0.2	潮汐	1
solaurora	オーロラ	ことば	おーろら	🌌	太陽からふきつける電気をおびたつぶが、地球の磁場にみちびかれて北極や南極ちかくの空気とぶつかり、光るカーテンのように見える現象。	solar	0.21	0.85	オーロラ	1
solmeteor	流れ星	ことば	ながれぼし	🌠	宇宙のちりが地球の大気に高速でとびこみ、まさつで光る現象。流星ともいう。ほとんどは砂つぶほどの大きさで、地面にはとどかない。	solar	0.16	-0.65	流星	1
solshower	流星群	ことば	りゅうせいぐん	🌠	彗星が残したちりの帯を地球が通るとき、たくさんの流れ星が見える現象。8月のペルセウス座流星群、12月のふたご座流星群が有名。	solar	0.13	-0.6	流星群	
solmeteorite	隕石	ことば	いんせき	🪨	宇宙から落ちてきた石。大気で燃えつきずに地面にとどいたもの。6600万年前に恐竜を絶滅させたのも巨大な隕石といわれる。	solar	0.15	0.35	隕石	
solcrater	クレーター	ことば	くれーたー	🕳️	隕石がぶつかってできた、まるいくぼ地。月の表面にたくさんあり、双眼鏡でも見える。地球でも大きなものがいくつか見つかっている。	solar	0.26	0.35	クレーター	
solsunspot	黒点	ことば	こくてん	🔴	太陽の表面に黒く見える点。まわりより温度が約1500度低いので暗く見える。黒点の動きから太陽が自転していることが分かる。	solar	0.04	0.5	太陽黒点	
solcorona	コロナ	ことば	ころな	👑	太陽のいちばん外側に広がる、100万度をこえる高温のガスの層。ふだんは見えないが、皆既日食のときに白く光って見える。	solar	0.03	-0.55	コロナ	
solflare	太陽フレア	ことば	たいようふれあ	💥	太陽の表面で起こる大爆発。強い光や電気をおびたつぶがふき出し、地球では通信の乱れや停電、大きなオーロラの原因になる。	solar	0.05	0.95	太陽フレア	
solsolarwind	太陽風	ことば	たいようふう	💨	太陽からたえずふき出している電気をおびたつぶの流れ。地球の磁場でさえぎられるが、極地方ではオーロラを起こす。	solar	0.07	-0.9	太陽風	
solprominence	プロミネンス	ことば	ぷろみねんす	🔥	太陽のふちから炎のように高くふき上がるガス。紅炎ともいう。大きいものは地球の何十倍もの高さになる。皆既日食のときに見える。	solar	0.02	0.95	紅炎	
solau	天文単位	ことば	てんもんたんい	📏	太陽と地球のあいだの平均の距離、約1億5000万kmを1とする長さの単位。太陽系の中の距離を表すのに使う。木星は約5天文単位。	solar	0.10	0.5	天文単位	
solaxis	地軸の傾き	ことば	ちじくのかたむき	🧭	地球の自転軸が公転面に対して約23.4度かたむいていること。このために太陽の高さと昼の長さが1年で変わり、季節ができる。	solar	0.20	0.5	赤道傾斜角	
solseason	季節	ことば	きせつ	🍂	地軸のかたむきのせいで、太陽の光の当たり方が1年で変わって起こる。北半球が夏のとき南半球は冬。太陽に近いからではない。	solar	0.19	0.25	季節	
solretrograde	惑星の逆行	ことば	わくせいのぎゃっこう	↩️	地球が外側の惑星を追いこすとき、その惑星が星座のあいだを逆向きに動いて見える現象。火星の逆行が有名。	solar	0.32	-0.9	順行・逆行	
solterrestrial	地球型惑星	ことば	ちきゅうがたわくせい	🪨	水星・金星・地球・火星の4つ。岩石でできていて小さく、密度が大きい。衛星は少ない。木星型惑星と対比して問われる。	solar	0.13	-0.3	地球型惑星	
soljovian	木星型惑星	ことば	もくせいがたわくせい	🪐	木星・土星・天王星・海王星の4つ。ガスや氷でできていて大きく、密度が小さい。環と多くの衛星をもち、自転が速い。	solar	0.63	-0.9	木星型惑星	
solinner	内惑星	ことば	ないわくせい	🔭	地球より内側をまわる水星と金星のこと。太陽から大きくはなれて見えないので、夕方の西か明け方の東にしか見えず、満ち欠けする。	solar	0.13	0.3	内惑星	
solouter	外惑星	ことば	がいわくせい	🔭	地球より外側をまわる火星から海王星までの惑星。真夜中に南の空に見えることがあり、大きく満ち欠けしない。	solar	0.51	0.9	外惑星	
solhayabusa	はやぶさ	探査機(日本)	はやぶさ	🚀	2003年に打ち上げられたJAXAの探査機。小惑星イトカワの砂を世界ではじめて地球に持ち帰り、2010年に大気圏で燃えつきて役目を終えた。	solar	0.31	-0.35	はやぶさ (探査機)	1
solhayabusa2	はやぶさ2	探査機(日本)	はやぶさつー	🚀	2014年打ち上げのJAXAの探査機。小惑星リュウグウに人工クレーターを作り、地下の砂を2020年に持ち帰った。いまも次の目標へ飛行中。	solar	0.34	0.35	はやぶさ2	1
solkaguya	かぐや	探査機(日本)	かぐや	🛰️	2007年にJAXAが打ち上げた月探査機。ハイビジョンカメラで月から地球がのぼる地球の出を撮影した。月の地形を細かく調べた。	solar	0.25	-0.55	かぐや	
solslim	SLIM	探査機(日本)	すりむ	🛰️	2024年1月に日本ではじめて月面着陸に成功したJAXAの探査機。ねらった場所に100m以内で降りるピンポイント着陸を実現した。	solar	0.25	-0.8	SLIM	
solakatsuki	あかつき	探査機(日本)	あかつき	🛰️	JAXAの金星探査機。2010年に軌道に入るのに失敗したが、5年後に再挑戦して成功し、金星の雲や大気の動きを調べた。	solar	0.17	0.55	あかつき (探査機)	
solvoyager1	ボイジャー1号	探査機(アメリカ)	ぼいじゃーいちごう	🛰️	1977年に打ち上げられ、木星と土星を調べたあと太陽系の外へ。2012年に太陽圏を出て、人類が作った中でいちばん遠くにある。	solar	0.98	-0.6	ボイジャー1号	
solvoyager2	ボイジャー2号	探査機(アメリカ)	ぼいじゃーにごう	🛰️	1977年打ち上げ。木星・土星・天王星・海王星の4つをすべて訪れた ただひとつの探査機。地球の音や写真を記録したゴールデンレコードを積む。	solar	0.75	-0.6	ボイジャー2号	
solapollo11	アポロ11号	有人宇宙船(アメリカ)	あぽろじゅういちごう	🚀	1969年7月20日、人類をはじめて月に着陸させたアメリカの宇宙船。アームストロング船長とオルドリンが月面を歩いた。	solar	0.23	-0.75	アポロ11号	1
solhubble	ハッブル宇宙望遠鏡	宇宙望遠鏡	はっぶるうちゅうぼうえんきょう	🔭	1990年に打ち上げられ、地球のまわりをまわりながら宇宙を観測する望遠鏡。大気のじゃまがないので、とても鮮明な宇宙の写真をとる。	solar	0.19	-0.6	ハッブル宇宙望遠鏡	
soljwst	ジェイムズ・ウェッブ宇宙望遠鏡	宇宙望遠鏡	じぇいむずうぇっぶうちゅうぼうえんきょう	🔭	2021年に打ち上げられた、ハッブルの後継の巨大な宇宙望遠鏡。赤外線で観測し、宇宙で最初にできた銀河や系外惑星の大気を調べている。	solar	0.27	-0.7	ジェイムズ・ウェッブ宇宙望遠鏡	
soliss	国際宇宙ステーション	宇宙ステーション	こくさいうちゅうすてーしょん	🛰️	地上約400kmを約90分で地球を1周する、15か国が協力して作った宇宙の実験室。日本の実験棟きぼうもある。夜空を動く光として見える。	solar	0.20	-0.35	国際宇宙ステーション	1
solkibo	きぼう	宇宙ステーション(日本)	きぼう	🧪	国際宇宙ステーションにある日本の実験棟。ステーションでいちばん大きなモジュールで、無重力を使った実験や小型衛星の放出をしている。	solar	0.18	-0.4	きぼう	
solh3	H3ロケット	ロケット(日本)	えいちすりーろけっと	🚀	JAXAと三菱重工が開発した日本の新しい大型ロケット。2024年に打ち上げに成功。H-IIAより安く、多くの衛星を運ぶことをめざす。	solar	0.25	0.55	H3ロケット	
solh2a	H-IIAロケット	ロケット(日本)	えいちつーえーろけっと	🚀	2001年から2025年まで日本の衛星や探査機を打ち上げた主力ロケット。はやぶさ2やかぐやもこれで飛んだ。50回打ち上げて成功率98%。	solar	0.26	0.75	H-IIAロケット	
solrocket	ロケット	ことば	ろけっと	🚀	燃料を燃やしてガスを勢いよくふき出し、その反動で飛ぶ乗りもの。空気のない宇宙でも飛べる。人工衛星や探査機を宇宙へ運ぶ。	solar	0.23	0.4	ロケット	1
solshuttle	スペースシャトル	有人宇宙船(アメリカ)	すぺーすしゃとる	🚀	1981年から2011年までアメリカが使った、くり返し使える翼のある宇宙船。宇宙ステーションの建設やハッブルの修理をした。	solar	0.22	0.9	スペースシャトル	
solsputnik	スプートニク1号	人工衛星(ソ連)	すぷーとにくいちごう	🛰️	1957年にソ連が打ち上げた、世界ではじめての人工衛星。直径58cmの球で、ピッピッという電波を送った。宇宙時代のはじまり。	solar	0.21	-0.9	スプートニク1号	
solgalileoprobe	ガリレオ	探査機(アメリカ)	がりれお	🛰️	1989年に打ち上げられ、1995年から木星をまわって調べた探査機。エウロパの氷の下に海がありそうだと分かったのは この探査機のおかげ。	solar	0.47	-0.85	ガリレオ (探査機)	
solcassini	カッシーニ	探査機(アメリカ)	かっしーに	🛰️	1997年に打ち上げられ、2004年から13年間 土星をまわって調べた探査機。タイタンに小型機を降ろし、最後は土星の大気につっこんで終わった。	solar	0.59	0.6	カッシーニ (探査機)	
solnewhorizons	ニュー・ホライズンズ	探査機(アメリカ)	にゅーほらいずんず	🛰️	2015年に人類ではじめて冥王星のそばを通り、ハートもようをくっきり写した探査機。そのあとカイパーベルトの天体アロコスも調べた。	solar	0.86	0.5	ニュー・ホライズンズ	
solcuriosity	キュリオシティ	探査車(アメリカ)	きゅりおしてぃ	🤖	2012年に火星に着陸したNASAの探査車。車ほどの大きさで、岩を調べて 火星に昔 生命がすめる環境があったことを見つけた。	solar	0.28	0.8	キュリオシティ (探査車)	
solperseverance	パーサヴィアランス	探査車(アメリカ)	ぱーさびあらんす	🤖	2021年に火星に着陸したNASAの探査車。生命の跡をさがして岩を集めている。小型ヘリコプターを飛ばし、火星の空気から酸素も作った。	solar	0.30	-0.8	パーサヴィアランス	
solhimawari	ひまわり	気象衛星(日本)	ひまわり	🛰️	日本の気象衛星。赤道の上空約3万6000kmで地球の自転と同じ速さでまわり、いつも同じ場所から雲の動きを写す。天気予報に欠かせない。	solar	0.18	0.15	ひまわり (気象衛星)	
cossatellite	人工衛星	ことば	じんこうえいせい	🛰️	人間が作って地球のまわりをまわらせている機械。天気予報、テレビの放送、GPS、地図づくりなどに使われている。1万個以上が飛んでいる。	solar	0.20	0.3	人工衛星	1
cosgps	GPS	ことば	じーぴーえす	📡	地球をまわる約30個の衛星からの電波を受けて、自分のいる場所を知るしくみ。スマホの地図やカーナビに使われる。日本にはみちびきもある。	solar	0.18	0.45	グローバル・ポジショニング・システム	
cosdebris	スペースデブリ	ことば	すぺーすでぶり	🗑️	役目を終えた衛星やロケットの破片など、地球のまわりをまわる宇宙のゴミ。秒速数kmでぶつかると危険で、片づける方法が研究されている。	solar	0.18	0.95	スペースデブリ	
cosastronaut	宇宙飛行士	ことば	うちゅうひこうし	👩‍🚀	宇宙船や宇宙ステーションに乗って、実験や作業をする人。日本人では毛利衛さんや若田光一さんが有名。きびしい訓練を受けて選ばれる。	solar	0.21	0.6	宇宙飛行士	1
coszerog	無重力	ことば	むじゅうりょく	🪶	宇宙ステーションの中で体がふわふわ浮く状態。重力がないのではなく、地球のまわりを落ちつづけているために感じないだけ。	solar	0.19	0.75	無重量状態	
cosvacuum	真空	ことば	しんくう	🫧	空気がまったくない状態。宇宙はほぼ真空なので、音が伝わらず、宇宙服なしでは息ができない。魔法びんの中も真空。	solar	0.16	0.7	真空	
cosspacesuit	宇宙服	ことば	うちゅうふく	👨‍🚀	真空や強い放射線、極端な温度から体を守る服。中に空気を入れ、酸素をおくり、体温を調節する。船外活動用は1着で小さな宇宙船のよう。	solar	0.17	0.9	宇宙服	
cosjaxa	JAXA	ことば	じゃくさ	🇯🇵	宇宙航空研究開発機構。日本の宇宙開発をになう組織で、はやぶさ2やH3ロケットを開発した。種子島宇宙センターや筑波宇宙センターがある。	solar	0.27	0.35	宇宙航空研究開発機構	1
cosnasa	NASA	ことば	なさ	🇺🇸	アメリカ航空宇宙局。アポロ計画で人類を月へ送り、ハッブル望遠鏡や火星探査車を運用するアメリカの宇宙開発の組織。	solar	0.27	0.15	アメリカ航空宇宙局	1
costanegashima	種子島宇宙センター	ことば	たねがしまうちゅうせんたー	🏝️	鹿児島県の種子島にあるJAXAのロケット打ち上げ場。世界一美しい発射場といわれる。日本の大型ロケットはほとんどここから飛び立つ。	solar	0.26	0.95	種子島宇宙センター	
cosheliocentric	地動説	ことば	ちどうせつ	☀️	地球が太陽のまわりをまわっているという考え。16世紀にコペルニクスがとなえ、ガリレオやケプラーが正しいことを示した。	solar	0.06	-0.5	地動説	
cosgeocentric	天動説	ことば	てんどうせつ	🌍	地球が宇宙の中心で、太陽や星が地球のまわりをまわっているという昔の考え。プトレマイオスがまとめ、1000年以上信じられた。	solar	0.10	-0.5	天動説	
coskepler	ケプラーの法則	ことば	けぷらーのほうそく	📐	ケプラーが見つけた惑星の動きの3つの法則。惑星はだ円をえがいて太陽をまわり、太陽に近いほど速く動く。高校の物理・地学で学ぶ。	solar	0.36	0.9	ケプラーの法則	
cosgravity	重力	ことば	じゅうりょく	🍎	質量をもつものどうしが引きあう力。地球が物を引きつけるので物は落ち、月は地球のまわりをまわる。月の重力は地球の6分の1。	solar	0.16	-0.4	重力	
cosnewtonlaw	万有引力	ことば	ばんゆういんりょく	🍎	すべての物体のあいだにはたらく引きあう力。ニュートンが りんごが落ちるのも月がまわるのも同じ力だと見ぬいた。	solar	0.28	0.5	万有引力	
cosfusion	核融合	ことば	かくゆうごう	⚛️	軽い原子核どうしがくっついて重い原子核になり、大きなエネルギーを出す反応。太陽は水素をヘリウムに変えることで光っている。	solar	0.05	-0.95	核融合反応	
cosgalileo	ガリレオ・ガリレイ	人物(イタリア)	がりれおがりれい	🔭	1609年から自作の望遠鏡で月のクレーターや木星の4つの衛星を見つけ、地動説が正しいと主張した科学者。近代科学の父とよばれる。	solar	0.42	-0.6	ガリレオ・ガリレイ	
coscopernicus	コペルニクス	人物(ポーランド)	こぺるにくす	☀️	16世紀に、地球が太陽のまわりをまわるという地動説をとなえた天文学者。ものの見方が大きく変わることをコペルニクス的転回という。	solar	0.02	-0.4	ニコラウス・コペルニクス	
coskeplerman	ケプラー	人物(ドイツ)	けぷらー	📐	惑星の動きの3つの法則を見つけた17世紀の天文学者。惑星の軌道は円ではなく だ円だと明らかにした。系外惑星をさがす望遠鏡に名前がついた。	solar	0.40	0.75	ヨハネス・ケプラー	
cosnewton	ニュートン	人物(イギリス)	にゅーとん	🍎	万有引力の法則と運動の法則を発見した17世紀の科学者。反射望遠鏡も発明した。力の単位ニュートンは彼の名前からとられた。	solar	0.33	-0.3	アイザック・ニュートン	
cosgagarin	ガガーリン	宇宙飛行士(ソ連)	ががーりん	👨‍🚀	1961年に人類ではじめて宇宙を飛んだソ連の宇宙飛行士。ボストーク1号で地球を1周した。地球は青かったという言葉で有名。	solar	0.15	-0.85	ユーリイ・ガガーリン	
cosarmstrong	アームストロング	宇宙飛行士(アメリカ)	あーむすとろんぐ	👨‍🚀	1969年、アポロ11号の船長として人類ではじめて月に降り立った。人間にとっては小さな一歩だが人類にとっては大きな飛躍だと語った。	solar	0.24	-0.95	ニール・アームストロング	
cosmohri	毛利衛	宇宙飛行士(日本)	もうりまもる	👨‍🚀	1992年にスペースシャトルに乗って宇宙へ行った、日本人ではじめての科学者宇宙飛行士。日本科学未来館の初代館長もつとめた。	solar	0.22	0.65	毛利衛	
coswakata	若田光一	宇宙飛行士(日本)	わかたこういち	👨‍🚀	5回も宇宙へ行った日本人宇宙飛行士。2014年には日本人ではじめて国際宇宙ステーションの船長をつとめた。	solar	0.24	0.75	若田光一	
skyaries	おひつじ座	星座(秋・黄道12星座)	おひつじざ	♈	黄道12星座の1番目。秋の夜に見える小さな星座で、金色の毛皮の羊の姿。3つの星がくの字にならぶ。3月21日〜4月19日生まれの星座。	sky	2.7	20	おひつじ座	1
skytaurus	おうし座	星座(冬・黄道12星座)	おうしざ	♉	冬の星座で、赤い1等星アルデバランが牛の目。すばる(プレアデス星団)とヒアデス星団がある。4月20日〜5月20日生まれの星座。	sky	4.5	18	おうし座	1
skygemini	ふたご座	星座(冬・黄道12星座)	ふたござ	♊	冬の星座で、カストルとポルックスの2つの明るい星が双子の頭。12月のふたご座流星群が有名。5月21日〜6月21日生まれの星座。	sky	7.0	23	ふたご座	1
skycancer	かに座	星座(春・黄道12星座)	かにざ	♋	春の星座。暗い星ばかりだが、まん中にプレセペ星団というぼんやり光る星のかたまりがある。6月22日〜7月22日生まれの星座。	sky	8.6	20	かに座	1
skyleo	しし座	星座(春・黄道12星座)	ししざ	♌	春の代表的な星座。1等星レグルスと、ししの頭を作る?マークを裏返した形のししの大がまが目じるし。7月23日〜8月22日生まれの星座。	sky	10.6	15	しし座	1
skyvirgo	おとめ座	星座(春・黄道12星座)	おとめざ	♍	春の星座で、全天で2番目に大きい。1等星スピカが目じるし。たくさんの銀河が集まるおとめ座銀河団がある。8月23日〜9月22日生まれの星座。	sky	13.3	-3	おとめ座	1
skylibra	てんびん座	星座(春・黄道12星座)	てんびんざ	♎	黄道12星座で唯一 生き物でない星座。おとめ座とさそり座のあいだにある。昔はさそりのはさみだった。9月23日〜10月23日生まれの星座。	sky	15.2	-15	てんびん座	1
skyscorpius	さそり座	星座(夏・黄道12星座)	さそりざ	♏	夏の南の空に低く見える、S字にならぶ星座。赤い1等星アンタレスがさそりの心臓。オリオンをさしたさそり。10月24日〜11月22日生まれの星座。	sky	16.9	-30	さそり座	1
skysagittarius	いて座	星座(夏・黄道12星座)	いてざ	♐	夏の南の空、さそり座の東にある星座。天の川がいちばん濃く、銀河系の中心がこの方向にある。11月23日〜12月21日生まれの星座。	sky	19.1	-28	いて座	1
skycapricornus	やぎ座	星座(秋・黄道12星座)	やぎざ	♑	秋の星座で、上半身がヤギ、下半身が魚の姿。逆三角形にならぶ暗い星の集まり。12月22日〜1月19日生まれの星座。	sky	21.0	-18	やぎ座	1
skyaquarius	みずがめ座	星座(秋・黄道12星座)	みずがめざ	♒	秋の星座で、水がめから水を流す若者の姿。明るい星は少ないが広い。らせん星雲がある。1月20日〜2月18日生まれの星座。	sky	22.3	-10	みずがめ座	1
skypisces	うお座	星座(秋・黄道12星座)	うおざ	♓	秋の星座で、ひもでつながれた2匹の魚の姿。ペガススの四辺形の南と東にVの字にならぶ。春分点がここにある。2月19日〜3月20日生まれの星座。	sky	0.8	12	うお座	1
skyorion	オリオン座	星座(冬)	おりおんざ	⭐	冬の代表的な星座。ベテルギウスとリゲルの2つの1等星と、まん中にならぶ三つ星が目じるし。狩人オリオンの姿で、三つ星の下に大星雲がある。	sky	5.6	5	オリオン座	1
skycma	おおいぬ座	星座(冬)	おおいぬざ	🐕	冬の星座で、全天でいちばん明るい恒星シリウスがある。オリオンがつれた猟犬の姿。シリウスは冬の大三角のひとつ。	sky	6.8	-22	おおいぬ座	1
skycmi	こいぬ座	星座(冬)	こいぬざ	🐶	冬の星座で、1等星プロキオンがある小さな星座。星は2つしかはっきり見えない。プロキオンは冬の大三角のひとつ。	sky	7.6	6	こいぬ座	1
skyauriga	ぎょしゃ座	星座(冬)	ぎょしゃざ	🐐	冬の星座で、黄色い1等星カペラが目じるし。五角形にならぶ星のうち1つはおうし座の星。馬車を走らせる人の姿。	sky	5.9	42	ぎょしゃ座	
skyuma	おおぐま座	星座(春)	おおぐまざ	🐻	北の空に見える大きな星座。しっぽから背中の7つの星が北斗七星。ひしゃくの先の2つの星をのばすと北極星が見つかる。	sky	11.3	52	おおぐま座	1
skyumi	こぐま座	星座(春)	こぐまざ	🐻	北極星をしっぽの先にもつ小さな星座。小さなひしゃくの形なので小北斗ともよばれる。北の空で1年中見える。	sky	15.0	78	こぐま座	1
skycassiopeia	カシオペヤ座	星座(秋)	かしおぺやざ	👑	北の空にW字にならぶ5つの星の星座。北斗七星の反対側にあり、ここからも北極星をさがせる。エチオピアの王妃カシオペヤの姿。	sky	1.0	62	カシオペヤ座	1
skycepheus	ケフェウス座	星座(秋)	けふぇうすざ	👑	カシオペヤ座のとなりにある、五角形の家のような形の星座。エチオピアの王。明るさが規則正しく変わる変光星デルタ星が有名。	sky	22.0	71	ケフェウス座	
skydraco	りゅう座	星座(春)	りゅうざ	🐉	北の空で、おおぐま座とこぐま座のあいだをうねる長い星座。約5000年前はりゅう座のトゥバンが北極星だった。	sky	17.0	65	りゅう座	
skylyra	こと座	星座(夏)	ことざ	🎵	夏の星座で、青白い1等星ベガ(織姫星)がある。小さな平行四辺形の形。ベガは夏の大三角のひとつで、環状星雲もある。	sky	18.8	37	こと座	1
skycygnus	はくちょう座	星座(夏)	はくちょうざ	🦢	夏の天の川の中を飛ぶ白鳥の姿。十字の形で北十字ともいう。しっぽの1等星デネブは夏の大三角のひとつ。くちばしには二重星アルビレオ。	sky	20.6	45	はくちょう座	1
skyaquila	わし座	星座(夏)	わしざ	🦅	夏の星座で、1等星アルタイル(彦星)がある。アルタイルは両わきに星をしたがえて天の川の岸に光る。夏の大三角のひとつ。	sky	19.7	4	わし座	1
skypegasus	ペガスス座	星座(秋)	ぺがすすざ	🐴	秋の星座で、4つの星が大きな四角形を作る秋の四辺形が目じるし。翼のある馬の姿。四辺形の1つの星はアンドロメダ座の星。	sky	22.7	20	ペガスス座	
skyandromeda	アンドロメダ座	星座(秋)	あんどろめだざ	👸	秋の星座で、鎖につながれた王女の姿。ペガススの四辺形から東へのびる。アンドロメダ銀河が肉眼でも ぼんやり見える。	sky	0.8	38	アンドロメダ座	
skyperseus	ペルセウス座	星座(秋)	ぺるせうすざ	🗡️	秋から冬の星座で、怪物メドゥーサの首を持つ勇者の姿。明るさが変わる変光星アルゴルがある。8月のペルセウス座流星群で有名。	sky	3.2	45	ペルセウス座	
skylepus	うさぎ座	星座(冬)	うさぎざ	🐇	オリオン座の足もとにある小さな星座。狩人オリオンにねらわれたウサギの姿。冬の南の空、シリウスの西にある。	sky	5.5	-19	うさぎ座	
skyeridanus	エリダヌス座	星座(冬)	えりだぬすざ	🌊	オリオン座のリゲルの近くから南へ長く流れる川の星座。全天で6番目に大きい。南のはしには1等星アケルナルがある。	sky	3.5	-28	エリダヌス座	
skycetus	くじら座	星座(秋)	くじらざ	🐋	秋の南の空に広がる大きな星座。アンドロメダをおそった海の怪物の姿。約11か月の周期で明るさが大きく変わる変光星ミラがある。	sky	1.7	-8	くじら座	
skybootes	うしかい座	星座(春)	うしかいざ	🌾	春の星座で、オレンジ色の1等星アークトゥルス(麦星)がある。ネクタイのような形。北斗七星の柄をのばすと見つかる。	sky	14.7	31	うしかい座	
skycrb	かんむり座	星座(春)	かんむりざ	👑	うしかい座の東にある、7つの星が半円にならぶ小さな星座。ティアラのような形で見つけやすい。ギリシャ神話の王女の冠。	sky	15.8	33	かんむり座	
skyhercules	ヘルクレス座	星座(夏)	へるくれすざ	💪	夏の星座で、全天で5番目に大きい。明るい星はないが、球状星団M13がある。ギリシャ神話の英雄ヘラクレスの姿。	sky	17.4	27	ヘルクレス座	
skyophiuchus	へびつかい座	星座(夏)	へびつかいざ	🐍	夏の星座で、大きなヘビをつかむ医者の姿。太陽の通り道の黄道にかかっているが、黄道12星座には入っていない。	sky	17.2	-7	へびつかい座	
skyserpens	へび座	星座(夏)	へびざ	🐍	へびつかい座につかまれたヘビの星座。頭と尾の2つの部分に分かれた、全天でただひとつの星座。尾のほうにわし星雲がある。	sky	15.8	8	へび座	
skydelphinus	いるか座	星座(夏)	いるかざ	🐬	夏の天の川のそばにある小さな星座。4つの星がひし形にならび、イルカがジャンプしているように見える。	sky	20.7	12	いるか座	
skyvulpecula	こぎつね座	星座(夏)	こぎつねざ	🦊	はくちょう座の南にある暗い星座。明るい星はないが、鉄アレイの形のあれい状星雲がある。	sky	20.2	24	こぎつね座	
skysagitta	や座	星座(夏)	やざ	🏹	わし座の北にある、全天で3番目に小さい星座。4つの星が矢の形にならぶ。夏の大三角の中にある。	sky	19.7	18	や座	
skypsa	みなみのうお座	星座(秋)	みなみのうおざ	🐟	秋の南の空に低く見える星座。1等星フォーマルハウトは秋の空でただひとつの1等星で、秋のひとつ星とよばれる。	sky	22.3	-31	みなみのうお座	
skycra	みなみのかんむり座	星座(夏)	みなみのかんむりざ	👑	いて座の南にある、星が半円にならぶ小さな星座。日本からは南の低い空に見える。北のかんむり座と対になる。	sky	18.6	-41	みなみのかんむり座	
skycentaurus	ケンタウルス座	星座(春)	けんたうるすざ	🏹	南の空の大きな星座。太陽にいちばん近い恒星アルファ・ケンタウリと、1等星ハダルがある。日本では南の一部しか見えない。	sky	13.1	-47	ケンタウルス座	
skylupus	おおかみ座	星座(春)	おおかみざ	🐺	ケンタウルス座とさそり座のあいだにある星座。ケンタウルスがつかまえたオオカミの姿。日本の南の空に低く見える。	sky	15.2	-43	おおかみ座	
skycorvus	からす座	星座(春)	からすざ	🐦‍⬛	春の南の空、おとめ座のスピカの西にある小さな星座。4つの星が台形にならぶ。太陽神アポロンの使いのカラス。	sky	12.4	-18	からす座	
skycrater	コップ座	星座(春)	こっぷざ	🏆	からす座の西にある暗い星座。うみへび座の背中に乗ったコップの姿。アポロンの神話でカラスといっしょに出てくる。	sky	11.4	-15	コップ座	
skyhydra	うみへび座	星座(春)	うみへびざ	🐍	全天でいちばん大きな星座。春の南の空を頭から尾まで100度以上も長くのびる。心臓の星アルファルドがひとつだけ明るい。	sky	10.5	-14	うみへび座	
skycoma	かみのけ座	星座(春)	かみのけざ	💇	しし座とうしかい座のあいだにある、暗い星がぼんやり集まった星座。エジプトの王妃の髪の毛。銀河がたくさん見つかる。	sky	12.8	23	かみのけ座	
skycvn	りょうけん座	星座(春)	りょうけんざ	🐕	北斗七星の柄の下にある小さな星座。うしかいがつれた2匹の猟犬。子持ち銀河M51がある。	sky	13.0	40	りょうけん座	
skylynx	やまねこ座	星座(冬)	やまねこざ	🐱	ぎょしゃ座とおおぐま座のあいだの暗い星座。ヤマネコのように目のいい人でないと見えないという意味で名づけられた。	sky	7.9	47	やまねこ座	
skycamelopardalis	きりん座	星座(冬)	きりんざ	🦒	北極星の近くにある大きいが暗い星座。ぎょしゃ座とこぐま座のあいだに広がる。17世紀に作られた新しい星座。	sky	6.0	70	きりん座	
skylacerta	とかげ座	星座(秋)	とかげざ	🦎	はくちょう座とアンドロメダ座のあいだにある小さな暗い星座。ジグザグに星がならぶ。17世紀に作られた。	sky	22.5	46	とかげ座	
skytriangulum	さんかく座	星座(秋)	さんかくざ	🔺	アンドロメダ座の南にある、3つの星が細長い三角形を作る小さな星座。さんかく座銀河M33がある。	sky	2.2	31	さんかく座	
skyfornax	ろ座	星座(秋)	ろざ	🔥	エリダヌス座の曲がりの内側にある暗い星座。化学の実験に使う炉の姿。ろ座銀河団など多くの銀河が見つかる。	sky	2.8	-32	ろ座	
skysculptor	ちょうこくしつ座	星座(秋)	ちょうこくしつざ	🗿	秋の南の空に低く見える暗い星座。彫刻家のアトリエの姿。銀河系の南極の方向がここにある。	sky	0.4	-33	ちょうこくしつ座	
skyphoenix	ほうおう座	星座(秋)	ほうおうざ	🐦‍🔥	秋の南の空に低く見える星座。炎の中からよみがえる伝説の鳥フェニックス。日本からは南のはしが見えにくい。	sky	0.9	-48	ほうおう座	
skygrus	つる座	星座(秋)	つるざ	🦩	みなみのうお座の南にある星座。首の長いツルの姿。日本の南の地方では秋の低い空に見える。	sky	22.4	-47	つる座	
skycolumba	はと座	星座(冬)	はとざ	🕊️	おおいぬ座の南西にある小さな星座。ノアの箱舟から放たれた鳩の姿。冬の南の空に低く見える。	sky	5.8	-35	はと座	
skypuppis	とも座	星座(冬)	ともざ	⛵	冬の南の空、おおいぬ座の東にある星座。昔のアルゴ座という大きな星座を4つに分けたひとつで、船の後ろの部分。	sky	7.3	-32	とも座	
skypyxis	らしんばん座	星座(春)	らしんばんざ	🧭	とも座の東にある小さな星座。船の方角を知る羅針盤の姿で、昔のアルゴ座を分けたときに船の部品として作られた。	sky	8.9	-28	らしんばん座	
skyantlia	ポンプ座	星座(春)	ぽんぷざ	🔧	うみへび座の南にある暗い星座。空気ポンプの姿で、18世紀に作られた。明るい星がなく見つけにくい。	sky	10.3	-32	ポンプ座	
skysextans	ろくぶんぎ座	星座(春)	ろくぶんぎざ	📐	しし座のレグルスの南にある暗い星座。星の位置をはかる六分儀という道具の姿。17世紀に作られた。	sky	10.3	-2	ろくぶんぎ座	
skylmi	こじし座	星座(春)	こじしざ	🦁	しし座とおおぐま座のあいだにある小さな暗い星座。子ライオンの姿。17世紀に作られた。	sky	10.3	32	こじし座	
skyequuleus	こうま座	星座(秋)	こうまざ	🐴	ペガスス座のとなりにある、全天で2番目に小さい星座。子馬の頭の部分だけの姿で、4つの暗い星でできている。	sky	21.2	8	こうま座	
skyscutum	たて座	星座(夏)	たてざ	🛡️	わし座の南、天の川の中にある小さな星座。ポーランド王のたてをかたどった。天の川が明るく、星団が多い。	sky	18.7	-10	たて座	
skycrux	みなみじゅうじ座	星座(南天)	みなみじゅうじざ	✝️	全天でいちばん小さい星座。4つの星が十字にならび南十字星とよばれる。日本では沖縄など南の地方でだけ見える。南をさがす目じるし。	sky	12.4	-60	みなみじゅうじ座	
skysirius	シリウス	恒星(おおいぬ座)	しりうす	⭐	夜空でいちばん明るい恒星。青白く光り、地球から8.6光年と近い。冬の大三角のひとつで、白色矮星の伴星をもつ。	sky	6.75	-16.7	シリウス	1
skycanopus	カノープス	恒星(りゅうこつ座)	かのーぷす	⭐	全天で2番目に明るい恒星。日本では冬の南の地平線すれすれにしか見えず、見ると長生きできるといわれる南極老人星。	sky	6.40	-52.7	カノープス	
skyrigilkent	アルファ・ケンタウリ	恒星(ケンタウルス座)	あるふぁけんたうり	⭐	太陽系にいちばん近い恒星系。約4.3光年。3つの星からなり、全天で3番目に明るい。リギル・ケンタウルスともいう。	sky	14.66	-60.8	ケンタウルス座アルファ星	
skyarcturus	アークトゥルス	恒星(うしかい座)	あーくとぅるす	⭐	春の空でいちばん明るいオレンジ色の1等星。麦の刈り入れのころに見えるので日本では麦星とよばれる。春の大三角のひとつ。	sky	14.26	19.2	アークトゥルス	
skyvega	ベガ	恒星(こと座)	べが	⭐	こと座の青白い1等星で、七夕の織姫星。夏の大三角のひとつで、夏の夜空でいちばん明るい。約1万2000年後には北極星になる。	sky	18.62	38.8	ベガ	1
skycapella	カペラ	恒星(ぎょしゃ座)	かぺら	⭐	ぎょしゃ座の黄色い1等星。冬の空でいちばん北に見える1等星で、冬のダイヤモンドのひとつ。名前は子ヤギの意味。	sky	5.28	46.0	カペラ (恒星)	
skyrigel	リゲル	恒星(オリオン座)	りげる	⭐	オリオン座の右下の青白い1等星。表面温度は約1万2000度と高く、太陽の何万倍も明るい超巨星。日本では源氏星ともよばれる。	sky	5.24	-8.2	リゲル	
skyprocyon	プロキオン	恒星(こいぬ座)	ぷろきおん	⭐	こいぬ座の1等星。地球から11.5光年と近い。名前はシリウスより先にのぼる星という意味。冬の大三角のひとつ。	sky	7.66	5.2	プロキオン	1
skyachernar	アケルナル	恒星(エリダヌス座)	あけるなる	⭐	エリダヌス座の川の終わりにある青白い1等星。高速で自転しているため、ひらたい形をしている。日本では沖縄でしか見えない。	sky	1.63	-57.2	アケルナル	
skybetelgeuse	ベテルギウス	恒星(オリオン座)	べてるぎうす	🔴	オリオン座の左上の赤い1等星。太陽の約900倍もある赤色超巨星で、やがて超新星爆発を起こすと考えられている。日本では平家星。	sky	5.92	7.4	ベテルギウス	1
skyhadar	ハダル	恒星(ケンタウルス座)	はだる	⭐	ケンタウルス座の青白い1等星。全天で11番目に明るい。アルファ・ケンタウリとならんで南十字星をさがす目じるしになる。	sky	14.06	-60.4	ハダル	
skyaltair	アルタイル	恒星(わし座)	あるたいる	⭐	わし座の1等星で、七夕の彦星。地球から17光年と近い。夏の大三角のひとつで、天の川をはさんでベガと向かいあう。	sky	19.85	8.9	アルタイル	1
skyacrux	アクルックス	恒星(みなみじゅうじ座)	あくるっくす	⭐	南十字星の足もとにある青白い1等星。全天で13番目に明るい。日本の本土からは見えず、沖縄の南の地平線ちかくに見える。	sky	12.44	-63.1	アクルックス	
skyaldebaran	アルデバラン	恒星(おうし座)	あるでばらん	🔴	おうし座の赤い1等星で、牛の目にあたる。すばるのあとからのぼるので、あとに続くものという意味の名前。冬のダイヤモンドのひとつ。	sky	4.60	16.5	アルデバラン	
skyantares	アンタレス	恒星(さそり座)	あんたれす	🔴	さそり座の心臓で赤く光る1等星。太陽の約700倍の赤色超巨星。火星に負けないほど赤いので、火星に対抗するものという名前。	sky	16.49	-26.4	アンタレス	1
skyspica	スピカ	恒星(おとめ座)	すぴか	⭐	おとめ座の青白い1等星。麦の穂という意味で、日本では真珠星ともよばれる。春の大三角のひとつ。	sky	13.42	-11.2	スピカ	
skypollux	ポルックス	恒星(ふたご座)	ぽるっくす	⭐	ふたご座の弟の頭にあたるオレンジ色の1等星。兄のカストルより明るい。惑星をもつことが分かっている。冬のダイヤモンドのひとつ。	sky	7.76	28.0	ポルックス (恒星)	
skyfomalhaut	フォーマルハウト	恒星(みなみのうお座)	ふぉーまるはうと	⭐	みなみのうお座の1等星。秋の夜空でただひとつの1等星なので秋のひとつ星とよばれる。まわりにちりの円盤がある。	sky	22.96	-29.6	フォーマルハウト	
skydeneb	デネブ	恒星(はくちょう座)	でねぶ	⭐	はくちょう座のしっぽの白い1等星。夏の大三角のひとつ。約1400光年とはるかに遠いのに明るく見える、とても明るい超巨星。	sky	20.69	45.3	デネブ	1
skymimosa	ミモザ	恒星(みなみじゅうじ座)	みもざ	⭐	南十字星の左の横棒にある青白い1等星。全天で20番目に明るい。ベータ・クルーシスともいう。	sky	12.80	-59.7	ミモザ (恒星)	
skyregulus	レグルス	恒星(しし座)	れぐるす	⭐	しし座の心臓にあたる青白い1等星。小さな王という意味。黄道のすぐそばにあるので、月や惑星がよく近くを通る。	sky	10.14	12.0	レグルス	
skypolaris	北極星	恒星(こぐま座)	ほっきょくせい	🌟	こぐま座のしっぽの先にある2等星ポラリス。ほぼ真北にあって1日中ほとんど動かないので、昔から方角の目じるし。北斗七星から見つける。	sky	2.53	89.3	ポラリス (恒星)	1
skycastor	カストル	恒星(ふたご座)	かすとる	⭐	ふたご座の兄の頭にあたる白い2等星。望遠鏡で見ると2つに分かれ、じつは6つの星が集まった星。ポルックスとならぶ。	sky	7.58	31.9	カストル (恒星)	
skyalgol	アルゴル	恒星(ペルセウス座)	あるごる	👁️	ペルセウス座にある、約2.9日ごとに明るさが変わる有名な変光星。2つの星がおたがいをかくしあうため。悪魔の星という意味の名前。	sky	3.14	41.0	アルゴル	
skymira	ミラ	恒星(くじら座)	みら	🔴	くじら座の赤い変光星。約11か月の周期で、肉眼で見えるほど明るくなったり見えなくなったりする。ふしぎな星という意味。	sky	2.32	-3.0	ミラ (恒星)	
skydenebola	デネボラ	恒星(しし座)	でねぼら	⭐	しし座のしっぽにある白い2等星。春の大三角のひとつで、アークトゥルス、スピカとともに大きな三角形を作る。	sky	11.82	14.6	デネボラ	
skyalbireo	アルビレオ	恒星(はくちょう座)	あるびれお	💛	はくちょう座のくちばしにある二重星。望遠鏡で見ると金色と青色の星がならび、夜空でいちばん美しい二重星といわれる。	sky	19.51	28.0	アルビレオ	
skymizar	ミザール	恒星(おおぐま座)	みざーる	⭐	北斗七星の柄の先から2番目の星。すぐそばに4等星アルコルがよりそい、昔はこの2つが見分けられるかで視力を調べた。	sky	13.40	54.9	ミザール	
skyalcor	アルコル	恒星(おおぐま座)	あるこる	⭐	北斗七星のミザールにぴったりよりそう4等星。ミザールと合わせて視力検査の星とよばれた。死兆星の名前でも知られる。	sky	13.42	55.0	アルコル	
skyalpheratz	アルフェラッツ	恒星(アンドロメダ座)	あるふぇらっつ	⭐	アンドロメダ座の頭の2等星で、秋の四辺形の北東の角の星でもある。ペガススの背中とアンドロメダの頭を兼ねている。	sky	0.14	29.1	アルフェラッツ	
skybellatrix	ベラトリックス	恒星(オリオン座)	べらとりっくす	⭐	オリオン座の右上にある青白い2等星。女戦士という意味の名前。ベテルギウスと向かいあってオリオンの両肩を作る。	sky	5.42	6.3	ベラトリックス	
skysaiph	サイフ	恒星(オリオン座)	さいふ	⭐	オリオン座の左下にある青白い2等星。リゲルと向かいあって狩人の両足を作る。名前は巨人の剣という意味。	sky	5.80	-9.7	サイフ (恒星)	
skyalnilam	アルニラム	恒星(オリオン座)	あるにらむ	⭐	オリオン座の三つ星のまん中の青白い星。真珠の糸という意味。三つ星は東の空からほぼ縦に、南の空で横一列にならぶ。	sky	5.60	-1.2	アルニラム	
skymintaka	ミンタカ	恒星(オリオン座)	みんたか	⭐	オリオン座の三つ星の右はしの星。ほぼ天の赤道の上にあるので、真東からのぼって真西にしずむ。方角を知る目じるしになる。	sky	5.53	-0.3	ミンタカ	
skyalnitak	アルニタク	恒星(オリオン座)	あるにたく	⭐	オリオン座の三つ星の左はしの青白い星。すぐ南に馬の頭の形をした暗黒星雲の馬頭星雲がある。	sky	5.68	-1.9	アルニタク	
skythuban	トゥバン	恒星(りゅう座)	とぅばん	⭐	りゅう座の3等星。地球の自転軸がゆっくりぶれるため、約5000年前のエジプトのピラミッドの時代には北極星だった。	sky	14.07	64.4	トゥバン	
skycorcaroli	コル・カロリ	恒星(りょうけん座)	こるかろり	⭐	りょうけん座でいちばん明るい星。名前はチャールズの心臓という意味で、イギリスの王にちなむ。望遠鏡で2つに分かれる二重星。	sky	12.93	38.3	コル・カロリ	
skyproxima	プロキシマ・ケンタウリ	恒星(ケンタウルス座)	ぷろきしまけんたうり	🔴	太陽からいちばん近い恒星。約4.2光年。小さく暗い赤色矮星で肉眼では見えない。地球に似た大きさの惑星が見つかっている。	sky	14.49	-62.7	プロキシマ・ケンタウリ	
skybarnard	バーナード星	恒星(へびつかい座)	ばーなーどせい	🔴	太陽から2番目に近い恒星系。約6光年。星座の中を動く速さが全天でいちばん速く、約180年で月の直径ぶん動く。	sky	17.96	4.7	バーナード星	
skyschedar	シェダル	恒星(カシオペヤ座)	しぇだる	⭐	カシオペヤ座のW字のうち、いちばん明るいオレンジ色の2等星。王妃の胸にあたる。名前はアラビア語で胸の意味。	sky	0.68	56.5	カシオペヤ座アルファ星	
skydubhe	ドゥーベ	恒星(おおぐま座)	どぅーべ	⭐	北斗七星のひしゃくの先の星。となりのメラクと合わせて指極星とよばれ、2つの間を5倍のばすと北極星が見つかる。	sky	11.06	61.8	ドゥーベ	
skymerak	メラク	恒星(おおぐま座)	めらく	⭐	北斗七星のひしゃくの先から2番目の星。ドゥーベとともに北極星をさがす指極星。名前はアラビア語で腰の意味。	sky	11.03	56.4	おおぐま座ベータ星	
skyalkaid	アルカイド	恒星(おおぐま座)	あるかいど	⭐	北斗七星の柄のいちばん先にある青白い2等星。ここから曲線をのばすとアークトゥルス、スピカにとどく春の大曲線のはじまり。	sky	13.79	49.3	アルカイド	
skypleiades	プレアデス星団	星団(おうし座)	ぷれあですせいだん	✨	おうし座にある若い星の集まりで、日本では すばる とよばれる。肉眼で6〜7個、双眼鏡でたくさん見える。清少納言も枕草子にほめた。	sky	3.79	24.1	プレアデス星団	1
skyhyades	ヒアデス星団	星団(おうし座)	ひあですせいだん	✨	おうし座の牛の顔にあたるV字形の星の集まり。地球にいちばん近い散開星団で約150光年。アルデバランは手前にあって仲間ではない。	sky	4.45	15.9	ヒアデス星団	
skypraesepe	プレセペ星団	星団(かに座)	ぷれせぺせいだん	✨	かに座のまん中にある散開星団。肉眼ではぼんやりした雲のように見え、双眼鏡で星に分かれる。かいば桶や蜂の巣ともよばれる。	sky	8.67	19.7	プレセペ星団	
skydoublecluster	二重星団	星団(ペルセウス座)	にじゅうせいだん	✨	ペルセウス座にある、2つの散開星団がならんだ星団。カシオペヤ座とペルセウス座のあいだにあり、双眼鏡でとても美しく見える。	sky	2.33	57.1	二重星団	
skym13	ヘルクレス座球状星団	星団(ヘルクレス座)	へるくれすざきゅうじょうせいだん	✨	M13。数十万個の星がボールのように集まった球状星団で、北の空でいちばん見ごたえがある。1974年に宇宙人へ向けて電波が送られた。	sky	16.69	36.5	M13 (天体)	
skyomegacen	オメガ星団	星団(ケンタウルス座)	おめがせいだん	✨	銀河系でいちばん大きな球状星団。約1000万個の星が集まり、昔 銀河系にのみこまれた小さな銀河の中心だったと考えられる。	sky	13.45	-47.5	オメガ星団	
skym42	オリオン大星雲	星雲(オリオン座)	おりおんだいせいうん	🌌	オリオン座の三つ星の下にぼんやり見える、鳥が羽を広げたような星雲。ガスの中で新しい星が生まれている、地球にいちばん近い星の工場。	sky	5.59	-5.4	オリオン大星雲	
skyhorsehead	馬頭星雲	星雲(オリオン座)	ばとうせいうん	🐴	オリオン座の三つ星のすぐ下にある、馬の頭の形をした暗黒星雲。後ろの明るい星雲を、手前の冷たいガスとちりがかくして黒く見える。	sky	5.68	-2.5	馬頭星雲	
skycrab	かに星雲	星雲(おうし座)	かにせいうん	🦀	1054年に藤原定家の日記にも記録された超新星爆発の残がい。おうし座にあり、中心には1秒に30回まわる中性子星パルサーがある。	sky	5.58	22.0	かに星雲	
skyeagle	わし星雲	星雲(へび座)	わしせいうん	🦅	へび座にある星雲。ハッブル望遠鏡がとった、星が生まれているガスの柱 創造の柱 の写真で世界的に有名になった。	sky	18.31	-13.8	わし星雲	
skyrosette	ばら星雲	星雲(いっかくじゅう座)	ばらせいうん	🌹	いっかくじゅう座にある、バラの花のように見える大きな星雲。まん中の若い星たちの光でガスが赤く光っている。	sky	6.55	4.9	ばら星雲	
skylagoon	干潟星雲	星雲(いて座)	ひがたせいうん	🌌	いて座にある、天の川の中で肉眼でも見える明るい星雲。干潟のような暗い帯が横切る。新しい星が生まれている。	sky	18.06	-24.4	干潟星雲	
skytrifid	三裂星雲	星雲(いて座)	さんれつせいうん	🌌	いて座の干潟星雲のすぐ北にある星雲。暗黒星雲の帯で3つに割れて見える。赤い部分と青い部分がならぶ美しい星雲。	sky	18.04	-23.0	三裂星雲	
skynorthamerica	北アメリカ星雲	星雲(はくちょう座)	きたあめりかせいうん	🗺️	はくちょう座のデネブの近くにある、北アメリカ大陸そっくりの形の星雲。とても大きいが淡いので、写真でよく分かる。	sky	20.98	44.3	北アメリカ星雲	
skyring	環状星雲	星雲(こと座)	かんじょうせいうん	💍	こと座にある、ドーナツのようなリングの形の惑星状星雲。M57。太陽くらいの星が一生の終わりにガスをふき出してできた。	sky	18.89	33.0	環状星雲	
skydumbbell	あれい状星雲	星雲(こぎつね座)	あれいじょうせいうん	🏋️	こぎつね座にある、鉄アレイの形の惑星状星雲。M27。1764年にメシエがはじめて見つけた惑星状星雲で、双眼鏡でも見える。	sky	19.99	22.7	亜鈴状星雲	
skyhelix	らせん星雲	星雲(みずがめ座)	らせんせいうん	👁️	みずがめ座にある、地球にいちばん近い惑星状星雲のひとつ。約650光年。写真では巨大な目のように見え、神の目とよばれる。	sky	22.49	-20.8	らせん星雲	
skyandromedagal	アンドロメダ銀河	銀河(アンドロメダ座)	あんどろめだぎんが	🌌	約250万光年はなれた、銀河系のとなりの大きな渦巻銀河。肉眼で見える いちばん遠い天体のひとつ。約40億年後に銀河系と衝突するといわれる。	sky	0.71	41.3	アンドロメダ銀河	1
skytriangulumgal	さんかく座銀河	銀河(さんかく座)	さんかくざぎんが	🌌	M33。約270万光年にある渦巻銀河で、銀河系・アンドロメダ銀河につぐ局部銀河群で3番目に大きい銀河。空が暗ければ肉眼で見える。	sky	1.56	30.7	さんかく座銀河	
skylmc	大マゼラン雲	銀河(かじき座)	だいまぜらんうん	🌌	銀河系のそばをまわる小さな銀河。約16万光年。南半球では雲のように肉眼で見える。1987年にここで起きた超新星のニュートリノを日本のカミオカンデがとらえた。	sky	5.39	-69.8	大マゼラン雲	
skysmc	小マゼラン雲	銀河(きょしちょう座)	しょうまぜらんうん	🌌	大マゼラン雲とならぶ、銀河系のそばの小さな銀河。約20万光年。マゼランの世界一周のときに記録されたので この名前がついた。	sky	0.88	-72.8	小マゼラン雲	
skywhirlpool	子持ち銀河	銀河(りょうけん座)	こもちぎんが	🌀	M51。大きな渦巻銀河に小さな銀河がくっついて見えるので子持ち銀河。渦巻の形が最初にはっきり分かった銀河。	sky	13.50	47.2	子持ち銀河	
skysombrero	ソンブレロ銀河	銀河(おとめ座)	そんぶれろぎんが	🎩	M104。横から見た円盤にちりの帯が走り、メキシコの帽子ソンブレロのように見える銀河。約3000万光年。	sky	12.67	-11.6	ソンブレロ銀河	
skym87	M87	銀河(おとめ座)	えむはちじゅうなな	🕳️	おとめ座銀河団の中心にある巨大なだ円銀河。2019年に人類ではじめて撮影されたブラックホールの影は、この銀河の中心のもの。	sky	12.51	12.4	M87 (天体)	
skyvirgocluster	おとめ座銀河団	銀河団(おとめ座)	おとめざぎんがだん	🌌	おとめ座からかみのけ座にかけて、約2000個の銀河が集まっている いちばん近い大きな銀河団。約5900万光年。銀河系もその引力を受けている。	sky	12.3	13.5	おとめ座銀河団	
skybigdipper	北斗七星	ことば	ほくとしちせい	🥄	おおぐま座の背中からしっぽにならぶ7つの星。ひしゃくの形で、先の2つの星の間を5倍のばすと北極星が見つかる。春の北の空に高い。	sky	12.0	56	北斗七星	1
skysummertriangle	夏の大三角	ことば	なつのだいさんかく	🔺	こと座のベガ、わし座のアルタイル、はくちょう座のデネブを結んだ大きな三角形。夏の夜空の目じるしで、まん中を天の川が流れる。	sky	19.7	30	夏の大三角	1
skywintertriangle	冬の大三角	ことば	ふゆのだいさんかく	🔺	オリオン座のベテルギウス、おおいぬ座のシリウス、こいぬ座のプロキオンを結んだ ほぼ正三角形。冬の夜空の目じるし。	sky	7.2	-3	冬の大三角	1
skyspringtriangle	春の大三角	ことば	はるのだいさんかく	🔺	うしかい座のアークトゥルス、おとめ座のスピカ、しし座のデネボラを結んだ三角形。北斗七星の柄からのびる春の大曲線とともに春の目じるし。	sky	13.2	5	春の大三角	
skywinterhexagon	冬のダイヤモンド	ことば	ふゆのだいやもんど	💎	シリウス、プロキオン、ポルックス、カペラ、アルデバラン、リゲルの6つの1等星を結んだ大きな六角形。冬の大六角形ともいう。	sky	6.2	12	冬のダイヤモンド	
skyautumnsquare	秋の四辺形	ことば	あきのしへんけい	⬜	ペガスス座の3つの星とアンドロメダ座の1つの星が作る大きな四角形。秋の夜空の目じるしで、ここからアンドロメダ銀河をさがせる。	sky	23.3	25	秋の四辺形	
skymilkyway	天の川	ことば	あまのがわ	🌌	夜空を横切る光の帯。わたしたちのいる銀河系を内側から見た姿で、無数の星の光が重なっている。夏に南の空でいちばん濃く見える。	sky	20.3	-5	天の川	1
skygalaxy	銀河系	ことば	ぎんがけい	🌌	太陽系がある、約2000億個の星の集まり。直径約10万光年の渦巻銀河で、太陽は中心から約2万6000光年のところをまわる。天の川銀河ともいう。	sky	15.8	-50	銀河系	1
skylightyear	光年	ことば	こうねん	📏	光が1年間に進む距離で、約9兆5000億km。宇宙の距離を表す単位。いちばん近い恒星まで約4.2光年、アンドロメダ銀河まで約250万光年。	sky	16.0	-65	光年	
skymagnitude	等級	ことば	とうきゅう	🔆	星の明るさを表す数字。数字が小さいほど明るく、1等星は6等星の100倍明るい。肉眼で見える限界は約6等星。	sky	9.5	40	等級 (天文)	
skystarcolor	星の色と温度	ことば	ほしのいろとおんど	🌡️	星の色は表面温度で決まる。青白い星が約1万度以上でいちばん熱く、白、黄色、オレンジ、赤の順に低くなる。太陽は約6000度の黄色。	sky	4.0	5	スペクトル分類	
skydiurnal	日周運動	ことば	にっしゅううんどう	🔄	地球の自転のせいで、太陽や星が1日に1回 東から西へ回って見えること。1時間に約15度動く。北の空の星は北極星を中心に反時計回り。	sky	3.5	80	日周運動	
skyannual	年周運動	ことば	ねんしゅううんどう	🔁	地球の公転のせいで、同じ時刻に見える星座が1年かけて西へ移っていくこと。1か月に約30度、1日に約1度ずつ動く。	sky	21.0	80	公転	
skyecliptic	黄道	ことば	こうどう	☀️	天球上で太陽が1年かけて通る道。この道にそって黄道12星座がならぶ。月や惑星も黄道の近くを動く。	sky	1.6	9	黄道	
skycelestialsphere	天球	ことば	てんきゅう	🔮	星がはりついていると考えた、地球を中心とする大きな仮想の球。星の位置を天球上の場所で表す。北極星の近くに天の北極がある。	sky	8.0	82	天球	
skyplanisphere	星座早見盤	ことば	せいざはやみばん	🧭	日付と時刻を合わせると、そのとき見える星座が分かる円形の道具。見たい方角を下にして頭の上にかざして使う。東と西が地図と逆なのは空を見上げるから。	sky	16.5	84	星座早見盤	1
skydoublestar	二重星	ことば	にじゅうせい	👯	望遠鏡で見ると2つにならんで見える星。本当に引きあってまわる連星と、たまたま同じ方向に見えるだけのものがある。アルビレオが有名。	sky	18.0	18	二重星	
skyvariable	変光星	ことば	へんこうせい	💫	明るさが変わる星。星そのものがふくらんだり縮んだりするミラ、2つの星がかくしあうアルゴルなどの種類がある。	sky	1.9	47	変光星	
cosbigbang	ビッグバン	ことば	びっぐばん	💥	約138億年前に宇宙が超高温・超高密度の小さな点から始まった大爆発。そこから宇宙は広がりつづけ、星や銀河が生まれた。	sky	23.6	-10	ビッグバン	
cosexpansion	宇宙の膨張	ことば	うちゅうのぼうちょう	🎈	宇宙がいまも広がりつづけていること。1929年にハッブルが、遠い銀河ほど速く遠ざかっていることから発見した。	sky	11.6	-42	ハッブル–ルメートルの法則	
coscmb	宇宙背景放射	ことば	うちゅうはいけいほうしゃ	📻	宇宙のあらゆる方向からとどく弱い電波。ビッグバンから約38万年後の光のなごりで、宇宙がビッグバンで始まった証拠になった。	sky	23.5	-58	宇宙マイクロ波背景放射	
cosdarkmatter	ダークマター	ことば	だーくまたー	🌑	光では見えないのに重力だけがある、正体不明の物質。銀河の回り方から存在が分かった。宇宙の物質の8割以上をしめる。暗黒物質。	sky	9.2	62	暗黒物質	
cosdarkenergy	ダークエネルギー	ことば	だーくえねるぎー	⚡	宇宙の膨張をどんどん速めている、正体不明のエネルギー。宇宙全体の約7割をしめるとされる。2011年のノーベル物理学賞の発見。	sky	3.6	-55	ダークエネルギー	
coscluster	銀河団	ことば	ぎんがだん	🌌	数百から数千個の銀河が、重力で集まってできた大きな集団。銀河系は局部銀河群という小さな集団に属し、おとめ座銀河団の外にある。	sky	12.0	30	銀河団	
cosblackhole	ブラックホール	ことば	ぶらっくほーる	🕳️	重力がとても強く、光さえも出てこられない天体。重い星が一生の終わりにつぶれてできる。銀河系の中心にも太陽の400万倍の質量のものがある。	sky	17.76	-19	ブラックホール	1
cosneutronstar	中性子星	ことば	ちゅうせいしせい	⚪	超新星爆発のあとに残る、ほとんど中性子でできた超高密度の星。直径約20kmしかないのに太陽より重く、角砂糖1個ぶんが10億トンにもなる。	sky	8.3	3	中性子星	
cospulsar	パルサー	ことば	ぱるさー	📡	高速で自転して、灯台のように規則正しく電波を出す中性子星。1967年に発見されたときは宇宙人からの信号かと思われた。	sky	22.5	5	パルサー	
cossupernova	超新星	ことば	ちょうしんせい	💥	重い星が一生の終わりに起こす大爆発。一時的に銀河全体と同じくらい明るく光る。鉄より重い元素の一部はここで作られて宇宙にまき散らされる。	sky	4.9	30	超新星	
cosredgiant	赤色巨星	ことば	せきしょくきょせい	🔴	年をとった星が大きくふくらんで赤くなった姿。太陽も約50億年後に赤色巨星になり、地球の近くまでふくらむと考えられている。	sky	15.5	-2	赤色巨星	
coswhitedwarf	白色矮星	ことば	はくしょくわいせい	⚪	太陽くらいの星が一生の終わりに外側のガスを放出し、あとに残った地球ほどの大きさの小さく熱い星。シリウスの伴星が有名。	sky	9.6	-10	白色矮星	
cosmainsequence	主系列星	ことば	しゅけいれつせい	⭐	中心で水素の核融合をして安定して光っている、星の一生でいちばん長い時期の星。太陽もいま主系列星で、寿命は約100億年。	sky	0.5	75	主系列星	
cosstar	恒星	ことば	こうせい	⭐	自分で光を出している星。太陽も恒星のひとつ。位置がほとんど変わらないので恒星という。惑星は恒星の光を反射して光っている。	sky	21.5	60	恒星	
cosstellarlife	星の一生	ことば	ほしのいっしょう	♻️	星雲から生まれ、主系列星として長く光り、赤色巨星になって、白色矮星か超新星爆発で終わる。重い星ほど短い一生で、中性子星やブラックホールを残す。	sky	7.5	65	恒星進化論	
cosplanetarynebula	惑星状星雲	ことば	わくせいじょうせいうん	💍	太陽くらいの星が一生の終わりに外側のガスをふき出して光っている天体。望遠鏡で惑星のようにまるく見えたのでこの名前。環状星雲が代表。	sky	21.0	-50	惑星状星雲	
cosexoplanet	系外惑星	ことば	けいがいわくせい	🪐	太陽以外の恒星をまわる惑星。1995年に太陽に似た星ではじめて見つかり、いまでは5000個以上。2019年に発見者がノーベル物理学賞を受けた。	sky	19.3	50	太陽系外惑星	
coshabitable	ハビタブルゾーン	ことば	はびたぶるぞーん	🌱	恒星のまわりで、惑星の表面に液体の水がありえる ちょうどよい距離の範囲。生命がいるかもしれない惑星をさがす目安。地球はこの中にある。	sky	10.8	-62	ハビタブルゾーン	
cosbinary	連星	ことば	れんせい	👯	2つの星がおたがいの重力で引きあい、まわりあっているもの。じつは恒星の多くが連星。シリウスもアルファ・ケンタウリも連星。	sky	16.8	52	連星	
cosquasar	クエーサー	ことば	くえーさー	💡	とても遠くにあるのに、銀河全体の何百倍も明るく輝く天体。銀河の中心の巨大ブラックホールにガスが落ちこんで光っている。	sky	1.0	-20	クエーサー	
cosgravwave	重力波	ことば	じゅうりょくは	〰️	重い天体がぶつかったときなどに、空間のゆがみが波のように伝わる現象。アインシュタインが予言し、2015年にはじめて観測された。	sky	3.1	-12	重力波 (相対論)	
cosrelativity	相対性理論	ことば	そうたいせいりろん	🧠	アインシュタインが作った、時間と空間と重力についての理論。速く動くと時間がゆっくり進む。GPSの時計もこの理論で補正している。	sky	19.8	-50	相対性理論	
cosgalaxyword	銀河	ことば	ぎんが	🌌	数億から数千億個の星が重力で集まった大きな集団。渦巻銀河、だ円銀河、不規則銀河などの形がある。宇宙には数千億個以上あるといわれる。	sky	11.3	-27	銀河	
cosstarcluster	星団	ことば	せいだん	✨	星がたくさん集まっているもの。若い星がゆるく集まる散開星団(すばる)と、古い星がボールのように集まる球状星団(M13)がある。	sky	23.0	62	星団	
cosnebulaword	星雲	ことば	せいうん	☁️	宇宙にただようガスやちりの雲。星が生まれる散光星雲、光をさえぎる暗黒星雲、星の最期にできる惑星状星雲や超新星残骸がある。	sky	5.0	-45	星雲	
cosuniverse	宇宙	ことば	うちゅう	🌌	すべての空間・時間・物質をふくむ全体。約138億年前のビッグバンで始まり、いまも広がりつづけている。地上約100kmより上を宇宙空間とよぶ。	sky	14.0	72	宇宙	1
cosastronomy	天文学	ことば	てんもんがく	🔭	星や惑星、銀河など宇宙のすべてを研究する学問。いちばん古い学問のひとつで、暦や航海に役立ってきた。日本では国立天文台が中心。	sky	9.8	-47	天文学	
cosobservatory	天文台	ことば	てんもんだい	🏛️	望遠鏡をそなえて星を観測する施設。空気がすんで晴れの多い高い山の上に作られる。日本の国立天文台の本部は東京の三鷹にある。	sky	15.3	50	天文台	
cossubaru	すばる望遠鏡	ことば	すばるぼうえんきょう	🔭	ハワイのマウナケア山の頂上にある、日本の国立天文台の巨大な望遠鏡。鏡の直径は8.2m。遠い宇宙の銀河や系外惑星を観測している。	sky	21.5	-72	すばる望遠鏡	
costelescope	望遠鏡	ことば	ぼうえんきょう	🔭	遠くのものを大きく見る道具。レンズを使う屈折望遠鏡と鏡を使う反射望遠鏡がある。1609年にガリレオが夜空に向けて月や木星を観測した。	sky	8.5	-72	望遠鏡	1
cosradiotelescope	電波望遠鏡	ことば	でんぱぼうえんきょう	📡	天体が出す電波をとらえる、大きなお皿の形のアンテナ。目に見えない宇宙のようすが分かる。世界中のものをつないでブラックホールの影を撮影した。	sky	2.5	-75	電波望遠鏡	
cosexolife	地球外生命	ことば	ちきゅうがいせいめい	👽	地球以外の天体にいるかもしれない生き物。火星やエウロパ、エンケラドゥス、系外惑星で水や生命の痕跡がさがされている。まだ見つかっていない。	sky	17.5	-58	地球外生命	
cossgra	いて座Aスター	ブラックホール(いて座)	いてざえーすたー	🕳️	銀河系の中心にある、太陽の約400万倍の質量をもつ巨大ブラックホール。2022年に電波望遠鏡でその影が撮影された。	sky	17.76	-29.0	いて座A*	
solplanet	惑星	ことば	わくせい	🪐	太陽のような恒星のまわりを回る、じゅうぶん大きくて丸い天体で、通り道のまわりのほかの天体を はらいのけたもの。太陽系には水星から海王星まで8つある。	solar	0.63	0.25	惑星	
soldwarf	準惑星	ことば	じゅんわくせい	⚪	太陽のまわりを回り 丸い形をしているが、通り道のまわりに ほかの天体が残っている天体。2006年に 冥王星が 惑星から このなかまに 移された。	solar	0.87	0.25	準惑星	
solmoons	衛星	ことば	えいせい	🌙	惑星などのまわりを回る天体。地球の衛星は月ひとつだけだが、木星や土星には それぞれ90個以上の衛星が見つかっている。	solar	0.53	-0.3	衛星	
solasteroid	小惑星	ことば	しょうわくせい	🪨	太陽のまわりを回る、惑星よりずっと小さい岩などの天体。多くは火星と木星のあいだの小惑星帯にある。はやぶさが訪れたイトカワも そのひとつ。	solar	0.39	0.15	小惑星	
solrings	土星の環	ことば	どせいのわ	💍	土星のまわりを取りまく平たい環。ほとんどが氷のつぶでできている。はばは地球の直径の何倍もあるのに、厚さは ふつう1kmもない。	solar	0.59	-0.15	土星の環	
solredspot	大赤斑	ことば	だいせきはん	🌀	木星の表面にある、赤っぽい大きなうずまきの嵐。地球がすっぽり入るほどの大きさで、150年以上前から ずっと観測されている。	solar	0.47	0.15	大赤斑	
solmorning	明けの明星	ことば	あけのみょうじょう	🌅	明け方の東の空に 明るくかがやく金星のこと。太陽と月の次に明るく見える天体で、日の出の前の しばらくのあいだだけ見える。	solar	0.15	-0.25	明けの明星	
solevening	宵の明星	ことば	よいのみょうじょう	🌆	夕方の西の空に 明るくかがやく金星のこと。金星は地球より内側を回るので、真夜中には見えず、夕方か明け方にだけ見える。	solar	0.17	0.25	宵の明星	
cosprotostar	原始星	ことば	げんしせい	🥚	ガスやちりの雲がちぢんで生まれたばかりの、星のたまご。まだ中心で核融合が始まっていない。オリオン大星雲などで たくさん見つかっている。	sky	5.8	-9	原始星	
cosredshift	赤方偏移	ことば	せきほうへんい	🔴	遠ざかる天体の光が、赤い色(波長の長いほう)へずれて見えること。遠い銀河ほど大きくずれることから、宇宙が膨張しているとわかった。	sky	13.0	20	赤方偏移	
coslensing	重力レンズ	ことば	じゅうりょくれんず	🔍	重い銀河などの重力で光の通り道が曲がり、うしろの天体がゆがんだり いくつにも見えたりすること。アインシュタインの相対性理論で予言された。	sky	16.6	66	重力レンズ	
