# key	名前	場所	よみ	Commons の検索語	解説	緯度	経度
chambord	シャンボール城	フランス	しゃんぼーるじょう	Château de Chambord	ロワール川の近くに建つ フランス最大の城。二重のらせん階段は レオナルド・ダ・ヴィンチが考えたともいわれる。	47.616	1.517
carcassonne	カルカソンヌ	フランス	かるかそんぬ	Carcassonne cite walls	二重の城壁にかこまれた中世の城塞都市。52の塔があり、ヨーロッパ最大級。世界遺産。	43.206	2.364
etretat	エトルタの断崖	フランス	えとるたのだんがい	Étretat cliffs arch	海にむかう白い崖に、波がけずった大きなアーチがある。画家モネがくり返し描いた風景。	49.71	0.20
nice	ニース	フランス	にーす	Nice Promenade des Anglais beach	地中海にのぞむ 南フランスのリゾート地。青い海ぞいの「プロムナード・デ・ザングレ」を人々が散歩する。	43.695	7.265
strasbourg	ストラスブール大聖堂	フランス	すとらすぶーるだいせいどう	Strasbourg Cathedral	高さ142mの塔をもつ大聖堂。赤みがかった石でできていて、中には天文時計がある。	48.582	7.751
amalfi	アマルフィ海岸	イタリア	あまるふぃかいがん	Amalfi coast Positano	崖にカラフルな家がはりつくように建つ海岸。レモンの名産地で、世界遺産。	40.628	14.485
cinqueterre	チンクエ・テッレ	イタリア	ちんくえてっれ	Cinque Terre Manarola	「5つの村」という意味。海にせまる崖に色とりどりの家が建ち、村と村は歩道と電車でむすばれている。	44.107	9.727
pantheon	パンテオン	イタリア・ローマ	ぱんておん	Pantheon Rome exterior	約1900年前に建てられた ローマの神殿。丸い天井のまん中に穴があいていて、そこから光が入る。	41.899	12.477
spanishsteps	スペイン広場	イタリア・ローマ	すぺいんひろば	Spanish Steps Rome	135段の階段がある広場。映画「ローマの休日」でヒロインがジェラートを食べた場所として有名。	41.906	12.482
dolomites	ドロミテ	イタリア	どろみて	Dolomites Tre Cime di Lavaredo	北イタリアのアルプス。ギザギザの岩山がそびえ、夕日で岩がピンクにそまる。世界自然遺産。	46.62	12.30
jungfrau	ユングフラウヨッホ	スイス	ゆんぐふらうよっほ	Jungfraujoch	標高3454mにある ヨーロッパでいちばん高い駅。登山電車で登れて、氷河と雪の山を見わたせる。	46.547	7.985
lucerne	ルツェルンのカペル橋	スイス	るつぇるんのかぺるばし	Chapel Bridge Lucerne	14世紀にかけられた 屋根つきの木の橋。ヨーロッパ最古の木の橋の一つで、花でかざられている。	47.052	8.307
montblanc	モンブラン	フランス・イタリア	もんぶらん	Mont Blanc from Chamonix	標高4808mで アルプスの最高峰。「白い山」という意味で、ふもとのシャモニーから ロープウェイで近づける。	45.833	6.865
rothenburg	ローテンブルク	ドイツ	ろーてんぶるく	Rothenburg ob der Tauber Plönlein	中世の町並みがそのまま残る町。城壁にかこまれ、カラフルな木組みの家がならぶ。	49.375	10.179
heidelberg	ハイデルベルク城	ドイツ	はいでるべるくじょう	Heidelberg Castle	川を見おろす丘に建つ 赤い石の城あと。中には約22万リットルも入る世界最大級のワインだるがある。	49.410	8.715
dresden	ドレスデンのフラウエン教会	ドイツ	どれすでんのふらうえんきょうかい	Frauenkirche Dresden	戦争でくずれた教会を、がれきの石を使って2005年に建て直した。黒い石が元の部分。	51.052	13.741
berlinwall	ベルリンの壁	ドイツ	べるりんのかべ	Berlin Wall memorial Bernauer Strasse	1961年から1989年まで 東西ベルリンを分けていた壁。今も一部が残り、歴史を伝えている。	52.535	13.390
windsor	ウィンザー城	イギリス	うぃんざーじょう	Windsor Castle	約1000年前から使われている 世界最古で最大の「今も人が住む城」。イギリス国王の住まいの一つ。	51.484	-0.604
cotswolds	コッツウォルズ	イギリス	こっつうぉるず	Bibury Arlington Row	はちみつ色の石の家がならぶ 田園地帯。「イギリスでいちばん美しい村」とよばれるバイブリーがある。	51.758	-1.834
sevensisters	セブン・シスターズ	イギリス	せぶんしすたーず	Seven Sisters cliffs Sussex	白い崖が7つの波のようにつづく海岸。チョークでできていて、海からよく目立つ。	50.75	0.15
lakedistrict	湖水地方	イギリス	こすいちほう	Lake District Windermere	湖と山がつづく美しい地方。「ピーターラビット」の作者がここに住み、物語の舞台にした。	54.37	-2.93
giantscauseway	ジャイアンツ・コーズウェイ	イギリス・北アイルランド	じゃいあんつこーずうぇい	Giant's Causeway	六角形の柱の岩が約4万本もならぶ海岸。火山の溶岩が冷えてできた。「巨人の道」という意味。	55.241	-6.512
moher	モハーの断崖	アイルランド	もはーのだんがい	Cliffs of Moher	高さ最大214m、長さ8kmの崖が大西洋にそびえる。アイルランドでいちばん人気の観光地。	52.972	-9.427
lochness	ネス湖	イギリス・スコットランド	ねすこ	Loch Ness Urquhart Castle	怪獣「ネッシー」の伝説で有名な細長い湖。深さは約230mあり、ほとりに古い城あとが立つ。	57.32	-4.44
warsaw	ワルシャワ旧市街	ポーランド	わるしゃわきゅうしがい	Warsaw Old Town Market Square	戦争でほとんどこわされた町を、絵や写真をもとに元どおりに建て直した。その努力で世界遺産になった。	52.250	21.012
krakow	クラクフ旧市街	ポーランド	くらくふきゅうしがい	Kraków Main Square Cloth Hall	ポーランドの古い都。ヨーロッパ最大級の中世の広場があり、まん中に織物会館が建つ。	50.062	19.937
meteora	メテオラ	ギリシャ	めておら	Meteora monasteries	高さ数百mの岩の柱の上に建つ修道院。「空中にうかぶ」という意味で、昔は はしごやロープで登った。	39.716	21.630
mykonos	ミコノス島	ギリシャ	みこのすとう	Mykonos windmills	白い壁と青い屋根の家、丘の上の風車で知られる島。エーゲ海の「白い宝石」とよばれる。	37.445	25.325
ephesus	エフェソス	トルコ	えふぇそす	Ephesus Library of Celsus	古代ギリシャ・ローマの大きな都市のあと。図書館のりっぱな正面や、2万5千人が入った劇場が残る。	37.939	27.341
pamukkale	パムッカレ	トルコ	ぱむっかれ	Pamukkale travertine terraces	温泉の石灰がつもってできた 真っ白な段々の池。「綿の城」という意味で、青い水がたまる。	37.924	29.123
kremlin	クレムリン	ロシア・モスクワ	くれむりん	Moscow Kremlin Spasskaya tower	ロシアの大統領がいる 城壁にかこまれた宮殿。赤い壁と金の塔、大きな時計のスパスカヤ塔がある。	55.752	37.617
hermitage	エルミタージュ美術館	ロシア・サンクトペテルブルク	えるみたーじゅびじゅつかん	Winter Palace Hermitage Saint Petersburg	皇帝の宮殿(冬宮)を使った 世界最大級の美術館。約300万点の作品を持ち、緑と白の建物が美しい。	59.940	30.313
helsinki	ヘルシンキ大聖堂	フィンランド	へるしんきだいせいどう	Helsinki Cathedral	白い壁に緑のドームの教会。高い階段の上に建ち、ヘルシンキのシンボル。	60.170	24.952
tallinn	タリン旧市街	エストニア	たりんきゅうしがい	Tallinn Old Town	中世の城壁と塔がそのまま残る町。「おとぎの国」のような赤い屋根の町並みが世界遺産。	59.437	24.745
nyhavn	ニューハウン	デンマーク・コペンハーゲン	にゅーはうん	Nyhavn Copenhagen	色とりどりの古い家が運河ぞいにならぶ港。童話作家アンデルセンもここに住んでいた。	55.680	12.591
gamlastan	ガムラスタン	スウェーデン・ストックホルム	がむらすたん	Gamla stan Stockholm	ストックホルムの古い町。島の上に中世の細い道と 色のちがう建物がならび、王宮もある。	59.325	18.071
geiranger	ガイランゲルフィヨルド	ノルウェー	がいらんげるふぃよるど	Geirangerfjord	氷河がけずった深い入り江。両側に高い崖がせまり、「七姉妹」など たくさんの滝が落ちる。世界遺産。	62.10	7.09
preikestolen	プレーケストーレン	ノルウェー	ぷれーけすとーれん	Preikestolen	フィヨルドの上 高さ604mにつき出した 平らな岩。「説教壇」という意味で、歩いて登れる。	58.986	6.190
bluelagoon	ブルーラグーン	アイスランド	ぶるーらぐーん	Blue Lagoon Iceland	地熱発電所の湯を使った 世界最大級の露天風呂。ミルクのような青白い湯で、溶岩にかこまれている。	63.880	-22.449
gullfoss	グトルフォス	アイスランド	ぐとるふぉす	Gullfoss waterfall	2段に落ちる大きな滝。「黄金の滝」という意味で、晴れた日には虹がかかる。	64.327	-20.121
dubrovnik	ドブロブニク	クロアチア	どぶろぶにく	Dubrovnik old town	「アドリア海の真珠」とよばれる 城壁にかこまれた町。オレンジ色の屋根がならび、城壁の上を歩ける。	42.641	18.108
plitvice	プリトヴィツェ湖群	クロアチア	ぷりとゔぃつぇこぐん	Plitvice Lakes	16の湖が滝でつながり、階段のように流れ落ちる。水はエメラルド色で、木の道を歩いて回る。	44.88	15.62
brussels	グラン・プラス	ベルギー・ブリュッセル	ぐらんぷらす	Grand Place Brussels	金でかざられた古い建物にかこまれた広場。2年に一度、花のじゅうたんで広場がうめつくされる。	50.847	4.352
bruges	ブルージュ	ベルギー	ぶるーじゅ	Bruges Rozenhoedkaai	運河がめぐる中世の町。「北のベニス」とよばれ、レンガの家と鐘楼が水にうつる。	51.208	3.227
amsterdam	アムステルダムの運河	オランダ	あむすてるだむのうんが	Amsterdam canal houses	町の中に運河が165本もあり、細長い家がならぶ。自転車で移動する人が多い。	52.372	4.893
keukenhof	キューケンホフ公園	オランダ	きゅーけんほふこうえん	Keukenhof tulips	春だけ開く 世界最大級の花の公園。約700万本のチューリップなどがいっせいにさく。	52.270	4.546
pena	ペーナ宮殿	ポルトガル・シントラ	ぺーなきゅうでん	Pena Palace Sintra	山の上に建つ赤と黄色のカラフルな宮殿。いろいろな様式がまざった おとぎ話のような姿。	38.788	-9.391
belem	ベレンの塔	ポルトガル・リスボン	べれんのとう	Belém Tower	大航海時代に船を見はるため 川のほとりに建てられた塔。白い石のかざりが美しく世界遺産。	38.692	-9.216
porto	ポルト	ポルトガル	ぽると	Porto Ribeira Dom Luís bridge	川ぞいにカラフルな家がならぶ港町。二階建ての鉄の橋「ドン・ルイス1世橋」がシンボル。	41.140	-8.611
seville	セビリア大聖堂	スペイン	せびりあだいせいどう	Seville Cathedral Giralda	世界でもっとも大きな ゴシック様式の大聖堂。コロンブスのお墓があり、高さ約100mの塔に登れる。	37.386	-5.993
toledo	トレド	スペイン	とれど	Toledo Spain panorama	川に三方をかこまれた丘の上の古い町。キリスト教・イスラム教・ユダヤ教の文化がまざっている。	39.857	-4.024
guell	グエル公園	スペイン・バルセロナ	ぐえるこうえん	Park Güell	建築家ガウディが作った公園。カラフルなタイルのトカゲやベンチがあり、街を見わたせる。	41.414	2.153
santiago	サンティアゴ大聖堂	スペイン	さんてぃあごだいせいどう	Santiago de Compostela Cathedral	聖ヤコブのお墓の上に建つ大聖堂。ヨーロッパ中から歩いてくる巡礼の道の ゴール。	42.881	-8.545
valletta	バレッタ	マルタ	ばれった	Valletta Malta	地中海の小さな島国の首都。はちみつ色の石の建物がならび、町ぜんたいが世界遺産。	35.899	14.514
monaco	モナコ	モナコ	もなこ	Monaco Monte Carlo harbour	世界で2番目に小さな国。港に豪華なヨットがならび、街の道を走るF1レースで有名。	43.738	7.425
praguecastle	プラハ城	チェコ	ぷらはじょう	Prague Castle Vltava	世界でもっとも大きな古い城。中に聖ヴィート大聖堂があり、川の向こうから見る姿が美しい。	50.091	14.401
stephansdom	シュテファン大聖堂	オーストリア・ウィーン	しゅてふぁんだいせいどう	Stephansdom Vienna	ウィーンのまん中に立つ 高さ137mの塔をもつ大聖堂。屋根の色つき瓦のもようが目をひく。	48.209	16.373
salzburg	ザルツブルク	オーストリア	ざるつぶるく	Salzburg Hohensalzburg	山の上の城が見おろす古い町。作曲家モーツァルトが生まれ、映画「サウンド・オブ・ミュージック」の舞台。	47.795	13.047
rila	リラ修道院	ブルガリア	りらしゅうどういん	Rila Monastery	山の中にある ブルガリアでいちばん大きな修道院。白黒のしま模様のアーチと 色あざやかな壁画で有名。	42.133	23.340
bran	ブラン城	ルーマニア	ぶらんじょう	Bran Castle	「ドラキュラ城」とよばれる 岩の上の城。小説のモデルになったといわれ、細い階段と塔がある。	45.515	25.367
domeofrock	岩のドーム	エルサレム	いわのどーむ	Dome of the Rock	金色のドームをもつ イスラム教の建物。エルサレムの旧市街の中心にあり、いくつもの宗教の聖地。	31.778	35.235
deadsea	死海	ヨルダン	しかい	Dead Sea salt shore	海面より約430m低い場所にある湖。塩の濃さが海の10倍で、体がぷかぷかとうく。	31.5	35.5
wadirum	ワディ・ラム	ヨルダン	わでぃらむ	Wadi Rum desert	赤い砂と岩山の砂漠。「月の谷」とよばれ、火星の映画の撮影にも使われた。	29.58	35.42
burj	ブルジュ・ハリファ	アラブ首長国連邦・ドバイ	ぶるじゅはりふぁ	Burj Khalifa	高さ828mで世界一高いビル。2010年に完成し、160階以上ある。展望台は555mの高さ。	25.197	55.274
zayed	シェイク・ザイード・グランドモスク	アラブ首長国連邦・アブダビ	しぇいくざいーどぐらんどもすく	Sheikh Zayed Grand Mosque domes minarets	真っ白な大理石でできた 世界最大級のモスク。82のドームがあり、中のじゅうたんは世界一大きい。	24.412	54.475
persepolis	ペルセポリス	イラン	ぺるせぽりす	Persepolis	約2500年前のペルシャ帝国の都のあと。大きな石の階段や柱、動物の彫刻が残る。世界遺産。	29.935	52.891
isfahan	イマーム広場	イラン・イスファハン	いまーむひろば	Naqsh-e Jahan Square Isfahan	世界で2番目に大きな広場。青いタイルのモスクにかこまれ、「世界の半分」とたたえられた町の中心。	32.657	51.677
marrakech	ジャマ・エル・フナ広場	モロッコ・マラケシュ	じゃまえるふなひろば	Jemaa el-Fnaa day	マラケシュの旧市街の広場。昼は市場、夜は大道芸人や屋台でにぎわう。	31.626	-7.989
chefchaouen	シャウエン	モロッコ	しゃうえん	Chefchaouen blue street	家も道も 青くぬられた山の町。「青い真珠」とよばれ、写真をとる人でにぎわう。	35.169	-5.264
hassan	ハッサン2世モスク	モロッコ・カサブランカ	はっさんにせいもすく	Hassan II Mosque	海にせり出すように建つ大きなモスク。塔の高さは210mで、世界でもっとも高い塔をもつモスクの一つ。	33.608	-7.633
sossusvlei	ソススフレイ	ナミビア	そすすふれい	Sossusvlei Deadvlei	世界最古の砂漠にある オレンジ色の砂丘。白い干上がった湖に 枯れた木が立つ「デッドフレイ」で有名。	-24.73	15.34
serengeti	セレンゲティ	タンザニア	せれんげてぃ	Serengeti wildebeest migration	ライオンやゾウがくらす広い草原。毎年150万頭のヌーが草を求めて大移動する。	-2.33	34.83
lalibela	ラリベラの岩窟教会	エチオピア	らりべらのがんくつきょうかい	Lalibela Church of Saint George	大きな一枚の岩を上からほって作った教会群。十字の形の聖ギオルギス教会がいちばん有名。	12.033	39.041
karnak	カルナック神殿	エジプト・ルクソール	かるなっくしんでん	Karnak Temple Great Hypostyle Hall	古代エジプト最大の神殿。高さ20m以上の柱が134本も林のようにならぶ大列柱室がある。	25.719	32.657
valleyofkings	王家の谷	エジプト・ルクソール	おうけのたに	Valley of the Kings	古代エジプトの王たちのお墓が集まる谷。少年王ツタンカーメンの墓が、宝物とともに見つかった。	25.740	32.601
capeofgoodhope	喜望峰	南アフリカ	きぼうほう	Cape of Good Hope	アフリカ大陸の南西のはしにある岬。1488年にヨーロッパの船がここを回って、インドへの道が開けた。	-34.357	18.474
boulders	ボルダーズビーチ	南アフリカ	ぼるだーずびーち	Boulders Beach penguins	大きな丸い岩と白い砂の浜。野生のアフリカペンギンが約2000羽くらし、すぐ近くで見られる。	-34.197	18.451
okavango	オカバンゴ・デルタ	ボツワナ	おかばんごでるた	Okavango Delta aerial	砂漠のまん中に川が広がってできた 世界最大級の内陸の三角州。ゾウやカバがくらす。	-19.28	22.90
masaimara	マサイマラ	ケニア	まさいまら	Masai Mara elephants	ケニアの草原の保護区。ライオン・ゾウ・キリンなどに会えるサファリで有名。マサイの人々の土地。	-1.49	35.14
tiantan	天壇	中国・北京	てんだん	Temple of Heaven Hall of Prayer	皇帝が豊作をいのった祭壇。青い瓦の丸い屋根が3段に重なる「祈年殿」が有名。	39.882	116.407
summerpalace	頤和園	中国・北京	いわえん	Summer Palace Beijing Kunming Lake	皇帝の夏の宮殿。大きな湖と丘があり、長さ728mの絵が描かれた回廊がつづく。	39.999	116.275
bund	外灘	中国・上海	わいたん	The Bund Shanghai	上海の川ぞいの通り。古い西洋風の建物がならび、川の向こうに超高層ビルがそびえる。	31.24	121.49
jiuzhaigou	九寨溝	中国	きゅうさいこう	Jiuzhaigou lake	山の谷に 青や緑にすきとおった湖が100以上ある。石灰がとけた水で、秋は紅葉がうつる。	33.26	103.92
zhangjiajie	張家界	中国	ちょうかかい	Zhangjiajie National Forest Park	高さ200m以上の岩の柱が3000本以上そびえる。映画「アバター」の浮かぶ山のモデルになった。	29.32	110.43
huangshan	黄山	中国	こうざん	Huangshan mountains	ふしぎな形の岩と松、雲海で知られる山。昔から山水画の題材になった。世界遺産。	30.13	118.17
leshan	楽山大仏	中国	らくさんだいぶつ	Leshan Giant Buddha	川ぞいの崖にほられた 高さ71mの世界最大の石の仏像。約1200年前に完成した。	29.545	103.773
lijiang	麗江古城	中国	れいこうこじょう	Lijiang Old Town	800年前からの町並みが残る。水路が町中を流れ、石だたみの道と木の家がつづく。世界遺産。	26.87	100.23
victoriapeak	ビクトリア・ピーク	香港	びくとりあぴーく	Victoria Peak Hong Kong daytime	香港でいちばん高い山。頂上からは高層ビルの森と港が見わたせ、急な坂をトラムで登る。	22.275	114.145
macau	聖ポール天主堂跡	マカオ	せいぽーるてんしゅどうあと	Ruins of St. Paul's Macau	火事で正面の壁だけが残った教会あと。石の壁に日本人が作ったといわれる彫刻がある。	22.198	113.541
taipei101	台北101	台湾・台北	たいぺいいちまるいち	Taipei 101	高さ508mの超高層ビル。竹の節のような形で、2004年の完成時は世界一高かった。	25.034	121.565
jiufen	九份	台湾	きゅうふん	Jiufen old street daytime	山の斜面に赤いちょうちんの店がならぶ町。金の採掘でにぎわい、今は茶芸館や屋台が人気。	25.109	121.845
taroko	太魯閣	台湾	たろこ	Taroko Gorge	大理石の岩が高くそびえる峡谷。川がけずった白い岩の谷に、道とトンネルが通っている。	24.16	121.49
gyeongbok	景福宮	韓国・ソウル	けいふくきゅう	Gyeongbokgung Geunjeongjeon	朝鮮王朝の王の宮殿。色あざやかな門と屋根があり、衛兵の交代式が見られる。	37.580	126.977
grandpalace	ワット・プラケオ	タイ・バンコク	わっとぷらけお	Wat Phra Kaew Grand Palace Bangkok	王宮の中にある寺。金色に光る仏塔と、ヒスイでできたエメラルド仏がまつられている。	13.751	100.492
ayutthaya	アユタヤ	タイ	あゆたや	Ayutthaya Wat Mahathat	400年つづいた王国の都のあと。木の根に包まれた仏像の頭や、たくさんの仏塔が残る。世界遺産。	14.357	100.568
doisuthep	ドイ・ステープ	タイ・チェンマイ	どいすてーぷ	Wat Phra That Doi Suthep	山の上にある金色の仏塔の寺。306段の階段を登ると、チェンマイの町を見わたせる。	18.805	98.922
railay	ライレイ	タイ・クラビ	らいれい	Railay Beach Krabi	石灰岩の崖にかこまれ、船でしか行けないビーチ。白い砂とエメラルドの海で、ロッククライミングでも有名。	8.01	98.84
hoian	ホイアン	ベトナム	ほいあん	Hoi An Ancient Town	昔の貿易港の町。黄色い壁の古い家と 色とりどりのランタンがならび、日本人が作ったといわれる橋がある。	15.877	108.327
hue	フエの王宮	ベトナム	ふえのおうきゅう	Hue Imperial City Ngo Mon	ベトナム最後の王朝の都。城壁の中に赤い門と宮殿があり、川のそばに建つ。世界遺産。	16.470	107.579
luangprabang	ルアンパバーン	ラオス	るあんぱばーん	Luang Prabang Wat Xieng Thong	メコン川ぞいの古い都。金色にかがやく寺が多く、朝にはお坊さんの托鉢の列が歩く。	19.886	102.135
petronas	ペトロナスツインタワー	マレーシア・クアラルンプール	ぺとろなすついんたわー	Petronas Twin Towers	高さ452mの2つの塔。41階と42階が橋でつながっていて、ツインタワーとしては世界一高い。	3.158	101.712
marinabay	マリーナベイ・サンズ	シンガポール	まりーなべいさんず	Marina Bay Sands	3つのビルの上に船のような屋上がのった ホテル。屋上のプールは地上200mの高さにある。	1.284	103.860
merlion	マーライオン	シンガポール	まーらいおん	Merlion statue Singapore	頭がライオン、体が魚の像。口から水を出しながら港を見ている、シンガポールのシンボル。	1.287	103.855
prambanan	プランバナン	インドネシア	ぷらんばなん	Prambanan temple	9世紀に建てられたヒンドゥー教の寺院群。高さ47mの塔をふくめ、とがった塔がならぶ。	-7.752	110.492
tanahlot	タナロット寺院	インドネシア・バリ島	たなろっとじいん	Tanah Lot	海の岩の上に建つ寺。潮が満ちると島になり、夕日とともに見る姿が有名。	-8.621	115.087
tegalalang	テガララン	インドネシア・バリ島	てがららん	Tegallalang rice terraces	谷の斜面に階段のように広がる田んぼ。1000年つづく水の分け方「スバック」で守られている。	-8.432	115.279
komodo	コモド島	インドネシア	こもどとう	Komodo dragon Komodo island	世界最大のトカゲ、コモドオオトカゲがすむ島。体長3m以上になり、この島のまわりにしかいない。	-8.55	119.49
bromo	ブロモ山	インドネシア	ぶろもさん	Mount Bromo	砂の海のまん中にそびえる火山。今も煙を上げていて、朝日に照らされる姿が人気。	-7.942	112.953
chocolatehills	チョコレートヒルズ	フィリピン	ちょこれーとひるず	Chocolate Hills Bohol	高さ30〜50mのまるい丘が1200以上ならぶ。乾季に草が茶色になり、チョコレートのように見える。	9.83	124.14
banaue	バナウェの棚田	フィリピン	ばなうぇのたなだ	Banaue Rice Terraces	2000年前から山の斜面に作られてきた田んぼ。「天国への階段」とよばれ世界遺産。	16.93	121.06
hawamahal	風の宮殿	インド・ジャイプール	かぜのきゅうでん	Hawa Mahal	ピンク色の壁に953の小さな窓がならぶ宮殿。宮殿の女性たちが外の様子を見るために作られた。	26.924	75.827
amber	アンベール城	インド・ジャイプール	あんべーるじょう	Amber Fort Jaipur	丘の上に建つ 黄色い石の城。ゾウに乗って坂を登り、鏡でかざられた部屋が有名。	26.985	75.851
varanasi	バラナシ	インド	ばらなし	Varanasi ghats Ganges	ガンジス川のほとりの聖なる町。川岸の階段(ガート)で人々が沐浴し、いのりをささげる。	25.31	83.01
ellora	エローラ石窟	インド	えろーらせっくつ	Ellora Kailasa temple	岩山をほって作った34の寺院。カイラーサ寺院は一枚の岩を上から下へ100年かけてほった。	20.026	75.179
gateway	インド門	インド・ムンバイ	いんどもん	Gateway of India Mumbai	港に立つ高さ26mの門。イギリス国王の来訪を記念して1924年に建てられた。	18.922	72.835
sigiriya	シギリヤ・ロック	スリランカ	しぎりやろっく	Sigiriya rock	高さ約200mの岩の上に王宮のあとがある。1500年前の壁画「シギリヤ・レディ」でも有名。	7.957	80.760
taktsang	タクツァン僧院	ブータン	たくつぁんそういん	Taktsang Paro	崖にはりつくように建つ寺。「虎の巣」という意味で、標高3000mの山道を歩いて登る。	27.492	89.363
boudhanath	ボダナート	ネパール・カトマンズ	ぼだなーと	Boudhanath stupa	世界最大級の仏塔。白いドームの上に「ブッダの目」が描かれていて、四方を見ている。	27.721	85.362
registan	レギスタン広場	ウズベキスタン・サマルカンド	れぎすたんひろば	Registan Samarkand	青いタイルでかざられた3つの学校(マドラサ)にかこまれた広場。シルクロードの中心だった。	39.655	66.976
baikal	バイカル湖	ロシア	ばいかるこ	Lake Baikal	深さ1642mで世界一深い湖。世界の淡水の約2割がここにあり、冬は透明な氷におおわれる。	53.5	108.0
yosemite	ヨセミテ	アメリカ	よせみて	Yosemite Valley Tunnel View	氷河がけずった大きな谷。高さ1000mの岩「エル・キャピタン」や、ハーフドームがそびえる。	37.746	-119.593
zion	ザイオン	アメリカ	ざいおん	Zion National Park canyon	赤い岩の崖が高さ600mもそびえる谷。川の中を歩く「ナローズ」というコースで有名。	37.30	-113.05
delicatearch	デリケート・アーチ	アメリカ	でりけーとあーち	Delicate Arch	赤い岩が自然にけずられてできた 高さ16mのアーチ。アーチーズ国立公園には2000以上のアーチがある。	38.744	-109.499
bryce	ブライスキャニオン	アメリカ	ぶらいすきゃにおん	Bryce Canyon amphitheater	オレンジ色の岩の柱「フードゥー」が何千本も立つ。朝日に照らされると赤くかがやく。	37.593	-112.187
horseshoe	ホースシューベンド	アメリカ	ほーすしゅーべんど	Horseshoe Bend	コロラド川が馬のひづめの形に大きく曲がる場所。高さ300mの崖の上から見おろす。	36.879	-111.510
hollywood	ハリウッドサイン	アメリカ・ロサンゼルス	はりうっどさいん	Hollywood Sign	丘の上に立つ高さ14mの白い文字。1923年に不動産の広告として作られ、映画の町のシンボルになった。	34.134	-118.322
alcatraz	アルカトラズ島	アメリカ・サンフランシスコ	あるかとらずとう	Alcatraz Island	湾にうかぶ小さな島。かつて「脱出できない刑務所」があり、今は見学できる。	37.827	-122.423
spaceneedle	スペースニードル	アメリカ・シアトル	すぺーすにーどる	Space Needle	1962年の万博で建てられた高さ184mの塔。UFOのような展望台がのっている。	47.620	-122.349
brooklyn	ブルックリン橋	アメリカ・ニューヨーク	ぶるっくりんばし	Brooklyn Bridge	1883年にできた石の塔をもつつり橋。完成したときは世界一長いつり橋だった。歩いてわたれる。	40.706	-73.997
centralpark	セントラルパーク	アメリカ・ニューヨーク	せんとらるぱーく	Central Park aerial	高層ビルにかこまれた 大きな公園。広さは東京ドーム約73個分で、池や動物園がある。	40.782	-73.965
washington	ワシントン記念塔	アメリカ・ワシントン	わしんとんきねんとう	Washington Monument	初代大統領ワシントンを記念した高さ169mの塔。白い石でできていて、池にうつる姿が有名。	38.889	-77.035
waikiki	ワイキキビーチ	アメリカ・ハワイ	わいききびーち	Waikiki Beach Diamond Head	ハワイでいちばん有名なビーチ。ホテルがならぶ浜からダイヤモンドヘッドが見え、サーフィンが人気。	21.277	-157.827
kilauea	キラウエア火山	アメリカ・ハワイ	きらうえあかざん	Kilauea volcano Hawaii caldera	世界でもっとも活発な火山の一つ。火口から溶岩が流れ出し、新しい土地を作りつづけている。	19.421	-155.287
napali	ナパリコースト	アメリカ・ハワイ	なぱりこーすと	Na Pali Coast	カウアイ島の北西にそびえる 緑の崖の海岸。道が無く、船やヘリコプターから見る。	22.18	-159.65
denali	デナリ	アメリカ・アラスカ	でなり	Denali mountain	標高6190mで北アメリカでいちばん高い山。「偉大なもの」という意味の先住民の言葉。	63.069	-151.007
deathvalley	デスバレー	アメリカ	ですばれー	Death Valley Zabriskie Point	北アメリカでいちばん暑く低い場所。気温56.7℃の世界記録があり、しま模様の岩の丘が広がる。	36.42	-116.87
louise	レイクルイーズ	カナダ	れいくるいーず	Lake Louise Alberta	氷河がとけたエメラルド色の湖。カナディアンロッキーの山にかこまれ、湖のほとりにホテルがある。	51.417	-116.217
moraine	モレーン湖	カナダ	もれーんこ	Moraine Lake	10の山にかこまれた青い湖。昔のカナダの20ドル札に描かれていた。	51.328	-116.182
cntower	CNタワー	カナダ・トロント	しーえぬたわー	CN Tower Toronto	高さ553mの塔。1976年から30年以上 世界一高い塔だった。ガラスの床の展望台がある。	43.643	-79.387
quebec	ケベック旧市街	カナダ	けべっくきゅうしがい	Quebec City Château Frontenac	城壁にかこまれた北アメリカで唯一の町。お城のようなホテルが崖の上に立ち、フランス語が話される。	46.812	-71.205
tulum	トゥルム遺跡	メキシコ	とぅるむいせき	Tulum ruins	カリブ海の崖の上に建つマヤの遺跡。青い海を見おろす神殿があり、ビーチで泳げる。	20.215	-87.429
guanajuato	グアナフアト	メキシコ	ぐあなふあと	Guanajuato colorful city	銀で栄えた山の町。色とりどりの家が谷にひしめき、町の下を地下道が通る。世界遺産。	21.019	-101.257
havana	ハバナ旧市街	キューバ	はばなきゅうしがい	Havana old town street	カラフルな古い建物と、1950年代のアメリカ車が走る町。世界遺産。	23.136	-82.359
panama	パナマ運河	パナマ	ぱなまうんが	Panama Canal Miraflores locks	太平洋と大西洋をむすぶ全長80kmの運河。船を水の階段(閘門)で持ち上げて山をこえる。	8.995	-79.591
arenal	アレナル火山	コスタリカ	あれなるかざん	Arenal Volcano	きれいな円すいの形をした火山。ふもとに温泉があり、ジャングルにはナマケモノもいる。	10.463	-84.703
galapagos	ガラパゴス諸島	エクアドル	がらぱごすしょとう	Galapagos giant tortoise	ゾウガメやイグアナなど めずらしい生き物がくらす島々。ダーウィンが進化論を考えるきっかけになった。	-0.6	-90.4
nazca	ナスカの地上絵	ペルー	なすかのちじょうえ	Nazca Lines hummingbird	砂漠に描かれた 何百もの巨大な絵。ハチドリやサルなど、空から見ないと形がわからない。	-14.70	-75.14
cusco	クスコ	ペルー	くすこ	Cusco Plaza de Armas	インカ帝国の都だった町。カミソリの刃も通らないといわれる石組みの壁が残る。標高3400m。	-13.517	-71.978
titicaca	チチカカ湖	ペルー・ボリビア	ちちかかこ	Lake Titicaca Uros islands	標高3800mにある「船が通れる いちばん高い湖」。アシで作った浮き島に人がくらしている。	-15.9	-69.3
rainbowmtn	レインボーマウンテン	ペルー	れいんぼーまうんてん	Vinicunca Rainbow Mountain	赤・黄・緑・青など 7色のしま模様の山。標高5000mを歩いて登る。	-13.870	-71.303
torres	トーレス・デル・パイネ	チリ	とーれすでるぱいね	Torres del Paine	3本の岩の塔がそびえる パタゴニアの国立公園。氷河と青い湖、グアナコなどの動物がいる。	-51.0	-73.0
atacama	アタカマ砂漠	チリ	あたかまさばく	Atacama Valle de la Luna	世界でもっとも乾いた砂漠。「月の谷」のような風景で、夜空がきれいなため天文台が多い。	-22.92	-68.20
caminito	カミニート	アルゼンチン・ブエノスアイレス	かみにーと	Caminito La Boca	色とりどりにぬられた家がならぶ通り。タンゴが生まれた港町ボカ地区にある。	-34.639	-58.363
sugarloaf	ポン・ヂ・アスーカル	ブラジル・リオデジャネイロ	ぽんぢあすーかる	Sugarloaf Mountain Rio	「砂糖パン」という意味の高さ396mの岩山。ロープウェイで登ると、リオの海岸が見わたせる。	-22.949	-43.155
lencois	レンソイス	ブラジル	れんそいす	Lençóis Maranhenses	真っ白な砂丘の間に、雨季だけ青い湖がいくつも現れる。「シーツ」という意味の名前。	-2.55	-43.0
amazon	アマゾン川	ブラジル	あまぞんがわ	Amazon river rainforest aerial	世界でいちばん水の量が多い川。まわりの熱帯雨林は「地球の肺」とよばれ、たくさんの生き物がくらす。	-3.1	-60.0
cartagena	カルタヘナ	コロンビア	かるたへな	Cartagena old town colonial	カリブ海にのぞむ城壁の町。カラフルな家とバルコニーが、スペイン時代のまま残る。	10.424	-75.551
twelveapostles	12使徒	オーストラリア	じゅうにしと	Twelve Apostles Victoria	海にそびえる石灰岩の柱。グレート・オーシャン・ロードのハイライトで、波にけずられて数がへっている。	-38.666	143.104
bluemountains	ブルー・マウンテンズ	オーストラリア	ぶるーまうんてんず	Blue Mountains Three Sisters	ユーカリの森がつづく山地。3本の岩「スリー・シスターズ」が有名で、森が青くかすんで見える。	-33.732	150.312
whitehaven	ホワイトヘブンビーチ	オーストラリア	ほわいとへぶんびーち	Whitehaven Beach	7kmつづく真っ白な砂浜。砂は98%がシリカで、雪のように白く さらさらしている。	-20.28	149.04
tekapo	テカポ湖	ニュージーランド	てかぽこ	Lake Tekapo Church of the Good Shepherd	ミルキーブルーの湖のほとりに小さな石の教会が建つ。夜空がきれいで、星空の保護区。	-44.004	170.477
mtcook	マウント・クック	ニュージーランド	まうんとくっく	Aoraki Mount Cook	標高3724mでニュージーランドの最高峰。氷河をたたえ、先住民の言葉で「雲をつきぬける山」。	-43.595	170.142
rotorua	ロトルア	ニュージーランド	ろとるあ	Rotorua Pohutu geyser	温泉と間欠泉の町。「ポフツ」の間欠泉は高さ30mまで湯をふき上げる。マオリの文化も体験できる。	-38.16	176.25
borabora	ボラボラ島	フランス領ポリネシア	ぼらぼらとう	Bora Bora lagoon	青いラグーンにかこまれた火山の島。水上コテージが並ぶ「太平洋の真珠」。	-16.5	-151.74
# ── 2026-09-24 追加(世界遺産検定レベル: 世界の代表的な世界遺産)
auschwitz	アウシュヴィッツ強制収容所	ポーランド	あうしゅゔぃっつきょうせいしゅうようじょ	Auschwitz I main gate	第二次世界大戦中にナチス・ドイツが100万人以上を殺害した収容所。二度と繰り返さないための「負の遺産」。	50.03	19.20
wieliczka	ヴィエリチカ岩塩坑	ポーランド	ゔぃえりちかがんえんこう	Wieliczka Salt Mine chapel	700年以上掘られてきた岩塩の鉱山。地下に塩で作った礼拝堂やシャンデリアがある。	49.98	20.05
sanssouci	サンスーシ宮殿	ドイツ・ポツダム	さんすーしきゅうでん	Sanssouci Palace	プロイセン王フリードリヒ2世の夏の宮殿。名前は「憂いなし」の意味。段々のぶどう畑の上に建つ。	52.40	13.04
aachen	アーヘン大聖堂	ドイツ	あーへんだいせいどう	Aachen Cathedral	カール大帝が建てた8世紀の礼拝堂が中心。ドイツで最初に世界遺産になった建物。	50.77	6.08
lubeck	リューベック	ドイツ	りゅーべっく	Lübeck Holstentor	ハンザ同盟の中心だった港町。赤レンガの門ホルステン門と、教会の塔がならぶ旧市街。	53.87	10.68
wartburg	ヴァルトブルク城	ドイツ	ゔぁるとぶるくじょう	Wartburg Castle	ルターが聖書をドイツ語に翻訳した城。中世の騎士の歌合戦の舞台。	50.97	10.31
wurzburg	ヴュルツブルク司教館	ドイツ	ゔゅるつぶるくしきょうかん	Würzburg Residence	バロック様式の豪華な宮殿。階段の間の天井には世界最大級のフレスコ画。	49.79	9.94
chartres	シャルトル大聖堂	フランス	しゃるとるだいせいどう	Chartres Cathedral	ゴシック建築の最高傑作の一つ。「シャルトル・ブルー」とよばれる青いステンドグラスが有名。	48.45	1.49
pontdugard	ポン・デュ・ガール	フランス	ぽんでゅがーる	Pont du Gard	古代ローマの水道橋。3段のアーチで高さ49m。2000年前の技術を今に伝える。	43.95	4.54
avignon	アヴィニョン	フランス	あゔぃにょん	Palais des Papes Avignon	14世紀にローマ教皇が住んだ教皇宮殿と、途中で切れた橋「サン・ベネゼ橋」。	43.95	4.81
lascaux	ラスコー洞窟	フランス	らすこーどうくつ	Lascaux cave painting	約2万年前の旧石器時代の壁画。牛や馬が生き生きと描かれている。本物は保存のため非公開。	45.05	1.17
reims	ランス大聖堂	フランス	らんすだいせいどう	Reims Cathedral	歴代のフランス王が戴冠式を行った大聖堂。「微笑みの天使」の彫刻で知られる。	49.25	4.03
lyon	リヨン旧市街	フランス	りよんきゅうしがい	Vieux Lyon	絹織物で栄えた町。ルネサンス期の建物と、建物の間を抜ける通路「トラブール」。美食の町。	45.76	4.83
siena	シエナ	イタリア	しえな	Siena Piazza del Campo	中世の姿を残す丘の町。貝の形をしたカンポ広場で、年2回の競馬「パリオ」が行われる。	43.32	11.33
sangimignano	サン・ジミニャーノ	イタリア	さんじみにゃーの	San Gimignano towers	中世の塔が14本もそびえる「塔の町」。トスカーナの丘の上。	43.47	11.04
assisi	アッシジ	イタリア	あっしじ	Assisi Basilica of San Francesco	聖フランチェスコの生まれた町。大聖堂にはジョットのフレスコ画がある。	43.07	12.61
alberobello	アルベロベッロ	イタリア	あるべろべっろ	Alberobello trulli	とんがり屋根の白い家「トゥルッリ」が1000軒以上ならぶ町。	40.78	17.24
matera	マテーラ	イタリア	まてーら	Matera Sassi	岩をくりぬいた洞窟住居「サッシ」が斜面いっぱいに広がる町。石器時代から人が住む。	40.67	16.61
ravenna	ラヴェンナ	イタリア	らゔぇんな	Ravenna San Vitale mosaic	5〜6世紀のビザンティン様式のモザイクで飾られた8つの建物。	44.42	12.20
agrigento	アグリジェント	イタリア・シチリア	あぐりじぇんと	Valley of the Temples Agrigento	古代ギリシャの神殿が並ぶ「神殿の谷」。コンコルディア神殿は保存状態が良い。	37.29	13.59
verona	ヴェローナ	イタリア	ゔぇろーな	Verona Arena	ローマ時代の円形闘技場「アレーナ」が残る町。「ロミオとジュリエット」の舞台。	45.44	10.99
lastsupper	最後の晩餐	イタリア・ミラノ	さいごのばんさん	Santa Maria delle Grazie Milan	レオナルド・ダ・ヴィンチの壁画がある修道院。教会と壁画が世界遺産。	45.47	9.17
cordoba	コルドバ	スペイン	こるどば	Mezquita Cordoba	イスラム時代のモスク「メスキータ」が大聖堂になった町。赤と白の縞のアーチが850本。	37.88	-4.78
segovia	セゴビア	スペイン	せごびあ	Segovia aqueduct	ローマ時代の水道橋が町のまん中にそびえる。白雪姫の城のモデルといわれるアルカサル。	40.95	-4.12
casabatllo	カサ・バトリョ	スペイン・バルセロナ	かさばとりょ	Casa Batlló	ガウディが改築した住宅。骨のようなバルコニーと竜の背中のような屋根。	41.39	2.16
casamila	カサ・ミラ	スペイン・バルセロナ	かさみら	Casa Milà	ガウディの設計で、直線がほとんどない石の建物。「石切り場」とよばれた。	41.40	2.16
altamira	アルタミラ洞窟	スペイン	あるたみらどうくつ	Altamira bison painting	約1万5千年前の野牛の壁画で有名。「先史時代のシスティーナ礼拝堂」。	43.38	-4.12
durham	ダラム大聖堂	イギリス	だらむだいせいどう	Durham Cathedral	イングランド北部の丘に建つノルマン様式の大聖堂。映画「ハリー・ポッター」の撮影にも使われた。	54.77	-1.58
canterbury	カンタベリー大聖堂	イギリス	かんたべりーだいせいどう	Canterbury Cathedral	イギリス国教会の総本山。「カンタベリー物語」の巡礼の目的地。	51.28	1.08
bath	バース	イギリス	ばーす	Roman Baths Bath	ローマ時代の温泉浴場が残る町。町の名前が「お風呂」の語源になった。	51.38	-2.36
toweroflondon	ロンドン塔	イギリス	ろんどんとう	Tower of London	テムズ川のほとりの要塞。牢獄としても使われ、今は王冠の宝石を展示。ワタリガラスが飼われている。	51.51	-0.08
ironbridge	アイアンブリッジ	イギリス	あいあんぶりっじ	Iron Bridge Shropshire	1779年にできた世界最初の鉄の橋。産業革命の象徴。	52.63	-2.49
delphi	デルフィ	ギリシャ	でるふぃ	Delphi Tholos	古代ギリシャで「世界のへそ」とされた聖地。アポロンの神託を受けに人々が集まった。	38.48	22.50
olympia	オリンピア	ギリシャ	おりんぴあ	Ancient Olympia stadium	古代オリンピックが行われた聖地。今も聖火はここで採火される。	37.64	21.63
rhodes	ロードス島	ギリシャ	ろーどすとう	Rhodes old town Street of the Knights	騎士団が築いた城壁の町。古代には巨像「ロードス島の巨人」があった。	36.44	28.23
mycenae	ミケーネ	ギリシャ	みけーね	Mycenae Lion Gate	紀元前1600年ごろの古代都市。「獅子の門」と黄金のマスクで知られる。	37.73	22.76
troy	トロイ	トルコ	とろい	Troy ruins Hisarlik	「トロイの木馬」の伝説の都市。シュリーマンが発掘した。	39.96	26.24
nemrut	ネムルト山	トルコ	ねむるとさん	Mount Nemrut statues	山頂に王の墓と、頭部だけになった巨大な神々の石像がならぶ。	37.98	38.74
gobekli	ギョベクリ・テペ	トルコ	ぎょべくりてぺ	Göbekli Tepe	約1万2千年前の世界最古の神殿遺跡。農業が始まる前に作られた。	37.22	38.92
saintcatherine	聖カトリーナ修道院	エジプト	せいかとりーなしゅうどういん	Saint Catherine Monastery Sinai	モーセが十戒を授かったとされるシナイ山のふもとの修道院。6世紀から続く。	28.56	33.98
baalbek	バールベック	レバノン	ばーるべっく	Baalbek Temple of Bacchus	ローマ時代の巨大な神殿群。バッカス神殿は保存状態が良く、柱の高さは20m。	34.01	36.20
palmyra	パルミラ	シリア	ぱるみら	Palmyra Temple of Bel	砂漠のオアシスに栄えたローマ時代の隊商都市。内戦で一部が破壊された。	34.55	38.27
shibam	シバーム	イエメン	しばーむ	Shibam Yemen	土のレンガで建てた高層の家が500軒もならぶ「砂漠の摩天楼」。	15.93	48.63
wutai	五台山	中国	ごだいさん	Mount Wutai temple	文殊菩薩の聖地とされる山。5つの平らな峰に53の寺がある。	39.08	113.56
taishan	泰山	中国	たいざん	Mount Taishan	中国五岳の第一。歴代の皇帝が天をまつる儀式を行った聖なる山。	36.25	117.10
qufu	曲阜の孔廟	中国	きょくふのこうびょう	Confucius Temple Qufu	孔子の生まれた町。孔子をまつる孔廟と、子孫の屋敷、墓が世界遺産。	35.60	116.99
mogao	莫高窟	中国・敦煌	ばっこうくつ	Mogao Caves	シルクロードの要所 敦煌の石窟寺院。735の洞窟に仏像と壁画。	40.04	94.81
longmen	龍門石窟	中国	りゅうもんせっくつ	Longmen Grottoes	岩の壁に10万体以上の仏像を彫った石窟。高さ17mの大仏(奉先寺)が有名。	34.56	112.47
yungang	雲崗石窟	中国	うんこうせっくつ	Yungang Grottoes	5世紀に作られた石窟寺院。252の洞窟に5万体以上の仏像。	40.11	113.12
suzhou	蘇州古典園林	中国	そしゅうこてんえんりん	Humble Administrator's Garden Suzhou	「東洋のベニス」蘇州の庭園群。拙政園など、池と石と建物の美しい庭。	31.32	120.63
pingyao	平遥古城	中国	へいようこじょう	Pingyao city wall	明・清時代の城壁の町がそのまま残る。中国最初の銀行「票号」が生まれた。	37.20	112.18
chengde	承徳避暑山荘	中国	しょうとくひしょさんそう	Chengde Mountain Resort	清の皇帝の夏の離宮。周囲に外八廟とよばれる寺院群。	40.99	117.94
mingtombs	明の十三陵	中国	みんのじゅうさんりょう	Ming Tombs sacred way	明の皇帝13人の墓。参道に石の動物や役人の像がならぶ。	40.29	116.23
tulou	福建土楼	中国	ふっけんどろう	Fujian Tulou	客家の人々が建てた円形や方形の巨大な集合住宅。土の壁で、1つに数百人が住んだ。	24.66	116.96
seokguram	石窟庵	韓国・慶州	せっくつあん	Seokguram Buddha	8世紀に作られた石窟の中の仏像。仏国寺とともに世界遺産。	35.79	129.35
hwaseong	水原華城	韓国	すいげんかじょう	Hwaseong Fortress Suwon	18世紀に築かれた城壁の町。東洋と西洋の築城技術を組み合わせた。	37.29	127.01
changdeok	昌徳宮	韓国・ソウル	しょうとくきゅう	Changdeokgung	朝鮮王朝の宮殿。自然の地形を生かした庭園「秘苑」で知られる。	37.58	126.99
jongmyo	宗廟	韓国・ソウル	そうびょう	Jongmyo Shrine	朝鮮王朝の歴代の王をまつる霊廟。今も年に一度の祭礼と雅楽が続く。	37.57	126.99
haeinsa	海印寺	韓国	かいいんじ	Haeinsa Janggyeong Panjeon	8万枚の木版「高麗大蔵経」を700年以上保存している寺。	35.80	128.10
ajanta	アジャンター石窟	インド	あじゃんたーせっくつ	Ajanta Caves	断崖に掘られた30の仏教石窟。壁画は法隆寺の壁画にも影響したといわれる。	20.55	75.70
khajuraho	カジュラーホ	インド	かじゅらーほ	Khajuraho Kandariya Mahadeva temple	精巧な彫刻におおわれたヒンドゥー教の寺院群。	24.85	79.93
sanchi	サーンチー	インド	さーんちー	Sanchi Stupa	紀元前3世紀のアショーカ王が建てた仏塔(ストゥーパ)。現存する最古の仏教建築。	23.48	77.74
konark	コナーラクの太陽神寺院	インド	こなーらくのたいようしんじいん	Konark Sun Temple	巨大な戦車の形をした13世紀の寺院。24の車輪の彫刻。	19.89	86.09
hampi	ハンピ	インド	はんぴ	Hampi Virupaksha temple	ヴィジャヤナガル王国の都のあと。巨岩の間に寺院や宮殿の遺跡が点在。	15.34	76.46
fatehpur	ファテープル・シークリー	インド	ふぁてーぷるしーくりー	Fatehpur Sikri Buland Darwaza	ムガル帝国のアクバル帝が築いた都。水不足で14年で放棄された。	27.09	77.66
redfort	レッド・フォート	インド・デリー	れっどふぉーと	Red Fort Delhi	ムガル帝国の赤い砂岩の城。独立記念日に首相が演説する場所。	28.66	77.24
kandy	キャンディ	スリランカ	きゃんでぃ	Temple of the Tooth Kandy	仏陀の歯をまつる「仏歯寺」がある古都。夏の祭りペラヘラで象の行列。	7.29	80.64
anuradhapura	アヌラーダプラ	スリランカ	あぬらーだぷら	Anuradhapura Ruwanwelisaya	スリランカ最古の都。巨大な白い仏塔と、世界最古の植樹記録がある菩提樹。	8.35	80.40
preahvihear	プレア・ヴィヒア	カンボジア	ぷれあゔぃひあ	Preah Vihear temple	崖の上に建つクメール様式の寺院。タイとの国境にあり、領有をめぐって争われた。	14.39	104.68
sukhothai	スコータイ	タイ	すこーたい	Sukhothai Wat Mahathat	タイ最初の王朝の都。「幸福の夜明け」の意味。優雅な仏像と蓮池。	17.02	99.70
malaccatown	マラッカ	マレーシア	まらっか	Malacca Christ Church	海峡貿易で栄えた港町。ポルトガル・オランダ・イギリスの支配を受け、赤い教会と広場が残る。	2.19	102.25
georgetown	ジョージタウン	マレーシア・ペナン	じょーじたうん	George Town Penang street	ペナン島の町。中国・インド・イギリスの文化が混ざる町並み。	5.42	100.34
kinabalu	キナバル山	マレーシア	きなばるさん	Mount Kinabalu	ボルネオ島の標高4095mの山。世界最大の花ラフレシアが咲く公園。	6.08	116.56
kakadu	カカドゥ国立公園	オーストラリア	かかどぅこくりつこうえん	Kakadu Ubirr rock art	アボリジニの岩絵と、湿地の野生動物。文化と自然の両方で世界遺産。	-12.85	132.85
sharkbay	シャーク湾	オーストラリア	しゃーくわん	Shark Bay stromatolites	35億年前から続く生物「ストロマトライト」が今も生きている海。ジュゴンもすむ。	-25.9	113.8
fraser	フレーザー島	オーストラリア	ふれーざーとう	Fraser Island K'gari	世界最大の砂の島。砂の上に熱帯雨林が育ち、透明な湖がある。	-25.25	153.15
tasmania	タスマニア原生地域	オーストラリア	たすまにあげんせいちいき	Tasmanian Wilderness Cradle Mountain	氷河が作った山と湖、太古の森。タスマニアデビルがすむ。	-42.0	146.0
tongariro	トンガリロ国立公園	ニュージーランド	とんがりろこくりつこうえん	Tongariro National Park volcano	マオリの聖地の火山群。世界で最初に「文化的景観」として登録された。	-39.2	175.6
mesaverde	メサ・ヴェルデ	アメリカ	めさゔぇるで	Mesa Verde Cliff Palace	断崖の岩かげに作られた先住民プエブロの住居あと。13世紀ごろのもの。	37.18	-108.49
independencehall	独立記念館	アメリカ・フィラデルフィア	どくりつきねんかん	Independence Hall Philadelphia	1776年にアメリカ独立宣言が採択された建物。	39.95	-75.15
tikal	ティカル	グアテマラ	てぃかる	Tikal Temple I	ジャングルの中のマヤ最大級の都市遺跡。高さ70mのピラミッド型神殿。	17.22	-89.62
copan	コパン	ホンジュラス	こぱん	Copan ruins stela	マヤ文明の遺跡。精巧な石碑と、文字が刻まれた「神聖文字の階段」。	14.84	-89.14
palenque	パレンケ	メキシコ	ぱれんけ	Palenque Temple of Inscriptions	ジャングルの中のマヤ遺跡。パカル王の墓が見つかった「碑文の神殿」。	17.48	-92.05
montealban	モンテ・アルバン	メキシコ	もんてあるばん	Monte Alban	山の上を平らにして作られたサポテカ文明の都市遺跡。	17.04	-96.77
puebla	プエブラ	メキシコ	ぷえぶら	Puebla cathedral	色タイルで飾られた教会と建物が並ぶ町。メキシコ料理モーレの発祥地。	19.04	-98.20
quito	キト	エクアドル	きと	Quito historic centre	標高2850mにあるエクアドルの首都。植民地時代の教会が並び、世界遺産第1号の一つ。	-0.22	-78.51
chanchan	チャン・チャン	ペルー	ちゃんちゃん	Chan Chan ruins	日干しレンガで作られたチムー王国の都。世界最大の土の都市遺跡。	-8.11	-79.08
potosi	ポトシ	ボリビア	ぽとし	Potosi Cerro Rico	銀の山「セロ・リコ」のふもとの町。16世紀に世界の銀の半分を産出した。	-19.58	-65.75
salvador	サルバドール	ブラジル	さるばどーる	Salvador Pelourinho	ブラジル最初の首都。カラフルな旧市街ペロウリーニョと、アフリカ系の文化。	-12.97	-38.51
ouropreto	オウロ・プレット	ブラジル	おうろぷれっと	Ouro Preto	18世紀の金鉱で栄えた町。「黒い金」の意味。バロックの教会が丘に並ぶ。	-20.39	-43.50
valparaiso	バルパライソ	チリ	ばるぱらいそ	Valparaiso hills	丘に色とりどりの家が並ぶ港町。古いケーブルカー(アセンソール)が坂を登る。	-33.05	-71.62
zanzibar	ザンジバル	タンザニア	ざんじばる	Stone Town Zanzibar	奴隷と香辛料の貿易で栄えた島の町「ストーン・タウン」。アラブとアフリカの文化が混ざる。	-6.16	39.19
timbuktu	トンブクトゥ	マリ	とんぶくとぅ	Timbuktu mosque	サハラ砂漠の南にある「黄金の都」。土で作られたモスクとイスラムの学問の中心。	16.77	-3.01
djenne	ジェンネ	マリ	じぇんね	Great Mosque of Djenné	世界最大の泥のモスク。毎年住民が総出で壁を塗り直す。	13.91	-4.56
fez	フェズ	モロッコ	ふぇず	Fez tanneries	迷路のような世界最大級の旧市街(メディナ)。皮なめし場の色とりどりの染料おけ。	34.06	-4.98
carthage	カルタゴ	チュニジア	かるたご	Carthage ruins	紀元前にローマと戦った古代都市のあと。地中海を見おろす遺跡。	36.85	10.32
greatzimbabwe	グレート・ジンバブエ	ジンバブエ	ぐれーとじんばぶえ	Great Zimbabwe ruins	11〜15世紀の石の都市遺跡。国の名前の由来で、国旗の鳥もここから。	-20.27	30.93
robben	ロベン島	南アフリカ	ろべんとう	Robben Island prison	ネルソン・マンデラが18年間収容された刑務所の島。負の遺産として世界遺産。	-33.81	18.37
axum	アクスム	エチオピア	あくすむ	Axum obelisk	古代アクスム王国の都。高さ24mの石のオベリスクが立つ。	14.13	38.72
kizhi	キジ島	ロシア	きじとう	Kizhi Pogost	オネガ湖の島に建つ木造教会。くぎを使わず22の玉ねぎ屋根を組み上げた。	62.07	35.22
ceskykrumlov	チェスキー・クルムロフ	チェコ	ちぇすきーくるむろふ	Český Krumlov	川が蛇行する中の中世の町。城と赤い屋根の町並みが絵本のよう。	48.81	14.32
split	スプリット	クロアチア	すぷりっと	Diocletian's Palace Split	ローマ皇帝ディオクレティアヌスの宮殿が、そのまま町になった。	43.51	16.44
kotor	コトル	モンテネグロ	ことる	Kotor bay old town	フィヨルドのような湾の奥にある城壁の町。山の上まで城壁が続く。	42.42	18.77
ohrid	オフリド	北マケドニア	おふりど	Lake Ohrid church	透明な湖のほとりの古い町。ビザンティン様式の教会が多く、自然と文化の複合遺産。	41.12	20.80
mountathos	アトス山	ギリシャ	あとすさん	Mount Athos monastery	20の修道院がある正教会の聖地。今も女性は立ち入り禁止。	40.16	24.33
bern	ベルン旧市街	スイス	べるんきゅうしがい	Bern old town	アーレ川に囲まれた中世の町。アーケードの続く通りと時計塔。スイスの首都。	46.95	7.45
bryggen	ブリッゲン	ノルウェー・ベルゲン	ぶりっげん	Bryggen Bergen	ハンザ商人の木造倉庫が港に並ぶ。カラフルな三角屋根の建物。	60.40	5.32
kronborg	クロンボー城	デンマーク	くろんぼーじょう	Kronborg Castle	シェイクスピア「ハムレット」の舞台のモデルになった海辺の城。	56.04	12.62
suomenlinna	スオメンリンナ	フィンランド	すおめんりんな	Suomenlinna fortress	ヘルシンキ沖の島に築かれた海の要塞。18世紀にスウェーデンが建てた。	60.15	24.99
thingvellir	シンクヴェトリル	アイスランド	しんくゔぇとりる	Thingvellir rift	930年に世界最古の議会が開かれた場所。大陸のプレートの裂け目が見える。	64.26	-21.13
