# ツボ(WHO標準 361か所)。key	名前	経絡	よみ	絵文字	解説	図(tfront|tback|thead)	x	y	Wikipedia題名	はじめのレベル
tsblu01	中府	肺経	ちゅうふ	🫁	胸の上の外がわ、鎖骨の下のくぼみから指1本ほど下にあるツボ。腕を前に出すと少しへこむところ。昔から、せきや息苦しさ、肩こりのときに使われてきたツボとされる。(LU1)	tfront	0.372	0.211	手の太陰肺経	1
tsblu02	雲門	肺経	うんもん	🫁	鎖骨の外がわのはしの、すぐ下にあるくぼみのツボ。腕を前に上げると、ぽこっとへこむところ。昔から、せきや肩の痛みによいと言われるツボ。(LU2)	tfront	0.374	0.195	手の太陰肺経	
tsblu03	天府	肺経	てんぷ	💪	二の腕の内がわ、力こぶの外がわのふちにあるツボ。わきの下のしわから、指4本分ほど下のあたり。昔から、鼻血やせきのときに使われてきたと言われる。(LU3)	tfront	0.318	0.287	手の太陰肺経	
tsblu04	侠白	肺経	きょうはく	💪	二の腕の内がわ、力こぶの外がわのふちにあるツボ。天府よりさらに指1本分ほど下。昔から、胸の苦しさや腕の痛みによいと言われるツボ。(LU4)	tfront	0.315	0.297	手の太陰肺経	
tsblu05	尺沢	肺経	しゃくたく	💪	ひじを曲げたときにできるしわの上で、太いすじの親指がわにあるツボ。ひじの内がわのまん中より少し外。昔から、せきやのどの痛み、ひじの痛みによいと言われる。(LU5)	tfront	0.290	0.350	手の太陰肺経	1
tsblu06	孔最	肺経	こうさい	💪	うでの内がわ、親指がわのふちにあるツボ。ひじのしわから手首に向かって、指4本分ほど下がったところ。昔から、せきや声のかすれのときに使われてきたツボとされる。(LU6)	tfront	0.266	0.405	手の太陰肺経	1
tsblu07	列欠	肺経	れっけつ	✋	手首の親指がわ、少しとがった骨のすぐ上にあるツボ。手首のしわから指2本分ほどひじ寄り。昔から、首のこりや頭の痛みによいと言われるツボ。(LU7)	tfront	0.232	0.465	手の太陰肺経	
tsblu08	経渠	肺経	けいきょ	✋	手首の内がわ、親指がわにあるツボ。脈をはかるところのすぐ近くで、手首のしわから指1本分ひじ寄り。昔から、せきやのどの不調のツボとされる。(LU8)	tfront	0.236	0.472	手の太陰肺経	
tsblu09	太淵	肺経	たいえん	✋	手首の内がわのしわの上で、親指がわのはしにあるツボ。脈がとくとくふれるところ。昔から、せきや息のととのえによいと言われるツボ。(LU9)	tfront	0.233	0.482	手の太陰肺経	
tsblu10	魚際	肺経	ぎょさい	👍	手のひらの親指のつけねのふくらみで、骨のまん中あたりの、手のひらと手の甲の色が変わるところ。昔から、のどの痛みによいと言われるツボ。(LU10)	tfront	0.203	0.503	手の太陰肺経	
tsblu11	少商	肺経	しょうしょう	👍	親指のつめのはえぎわの、外がわ(人さし指とは反対がわ)の角のすぐそばにあるツボ。昔から、のどのはれや痛みのときに使われてきたツボとされる。(LU11)	tfront	0.190	0.533	手の太陰肺経	
tsbli01	商陽	大腸経	しょうよう	☝️	人さし指のつめのはえぎわで、親指がわの角のすぐそばにあるツボ。昔から、のどの痛みや歯の痛みのときに使われてきたツボとされる。(LI1)	tfront	0.205	0.571	商陽穴	
tsbli02	二間	大腸経	じかん	☝️	人さし指の親指がわで、つけねの関節より指先がわにある小さなくぼみのツボ。こぶしを軽くにぎると分かりやすい。昔から、歯やのどの痛みによいと言われる。(LI2)	tfront	0.203	0.541	二間穴	
tsbli03	三間	大腸経	さんかん	☝️	人さし指の親指がわで、つけねの関節より手首がわにあるくぼみのツボ。二間のすぐ近く。昔から、歯の痛みや目の痛みによいと言われるツボ。(LI3)	tfront	0.204	0.528	三間穴	
tsbli04	合谷	大腸経	ごうこく	👆	手の甲の、親指と人さし指の骨が合わさるところの手前にあるくぼみ。人さし指の骨のまん中あたりのきわ。昔から、頭痛や歯の痛み、肩こりのツボとして有名。(LI4)	tfront	0.208	0.516	合谷穴	1
tsbli05	陽渓	大腸経	ようけい	✋	手首の甲がわの親指のつけねで、親指をそらすと出てくる2本のすじのあいだのくぼみにあるツボ。昔から、手首の痛みや頭の痛みによいと言われる。(LI5)	tfront	0.226	0.486	陽谿穴	
tsbli06	偏歴	大腸経	へんれき	💪	うでの親指がわで、手首から指4本分ほどひじに向かったところにあるツボ。陽渓と曲池をむすぶ線の上。昔から、鼻血やむくみのときに使われてきたとされる。(LI6)	tfront	0.241	0.449	偏歴穴	
tsbli07	温溜	大腸経	おんる	💪	うでの親指がわ、手首とひじのちょうどまん中より少し手首寄りにあるツボ。陽渓と曲池をむすぶ線の上。昔から、歯の痛みや頭痛によいと言われるツボ。(LI7)	tfront	0.248	0.427	温溜穴	
tsbli08	下廉	大腸経	げれん	💪	うでの親指がわで、ひじの曲がりめから指5本分ほど手首に向かったところにあるツボ。昔から、腕のしびれや痛み、お腹のはりによいと言われる。(LI8)	tfront	0.252	0.394	下廉穴	
tsbli09	上廉	大腸経	じょうれん	💪	うでの親指がわで、ひじの曲がりめから指4本分ほど手首に向かったところのツボ。下廉と手三里のあいだ。昔から、腕の疲れや肩の痛みによいと言われる。(LI9)	tfront	0.254	0.383	上廉穴	
tsbli10	手三里	大腸経	てさんり	💪	ひじを曲げたときのしわの外がわのはしから、手首に向かって指3本分ほど下がったところのツボ。おすと少しひびく。昔から、腕の疲れや胃腸のツボとされる。(LI10)	tfront	0.257	0.372	手三里穴	1
tsbli11	曲池	大腸経	きょくち	💪	ひじを曲げたときにできるしわの、外がわ(親指がわ)のはしにあるツボ。昔から、ひじの痛みや肌のあれ、熱っぽいときによいと言われる有名なツボ。(LI11)	tfront	0.268	0.350	曲池穴	1
tsbli12	肘髎	大腸経	ちゅうりょう	💪	ひじの外がわ、出っぱった骨のすぐ上で、骨のへりにあるツボ。曲池から少し肩のほうへ上がったところ。昔から、ひじの痛みやしびれによいと言われる。(LI12)	tfront	0.267	0.338	手の陽明大腸経	
tsbli13	手五里	大腸経	てごり	💪	二の腕の外がわで、ひじの曲がりめ(曲池)から肩に向かって指4本分ほど上がったところのツボ。昔から、ひじや腕の痛みによいと言われるツボ。(LI13)	tfront	0.289	0.305	手五里穴	
tsbli14	臂臑	大腸経	ひじゅ	💪	二の腕の外がわで、肩の丸い筋肉のふくらみが下で終わるあたりにあるツボ。曲池から肩へ向かう線の上。昔から、腕の痛みや目の疲れによいと言われる。(LI14)	tfront	0.300	0.258	手の陽明大腸経	
tsbli15	肩髃	大腸経	けんぐう	💪	腕を横に上げたとき、肩の先にできる2つのくぼみのうち、前がわのくぼみにあるツボ。昔から、肩の痛みや腕が上がりにくいときのツボとされる。(LI15)	tfront	0.318	0.200	肩髃穴	
tsbli16	巨骨	大腸経	ここつ	💪	肩の上で、鎖骨の外がわのはしと、背中の肩の骨の出っぱりとのあいだにあるくぼみのツボ。昔から、肩の痛みや肩こりによいと言われるツボ。(LI16)	tback	0.632	0.188	巨骨穴	
tsbli17	天鼎	大腸経	てんてい	🙂	首の横で、首をななめに走る太い筋肉のうしろのふちにあるツボ。のどぼとけの下の、かたい軟骨と同じ高さ。昔から、のどの痛みによいと言われる。(LI17)	thead	0.535	0.760	天鼎穴	
tsbli18	扶突	大腸経	ふとつ	🙂	首の横で、のどぼとけと同じ高さにあるツボ。首をななめに走る太い筋肉の、前のふちとうしろのふちのまん中。昔から、せきやのどの不調によいと言われる。(LI18)	thead	0.510	0.705	手の陽明大腸経	
tsbli19	禾髎	大腸経	かりょう	👃	鼻の穴のすぐ下で、鼻と上くちびるのあいだのみぞから少し外がわにあるツボ。鼻の穴の外のはしの真下あたり。昔から、鼻づまりによいと言われるツボ。(LI19)	thead	0.240	0.492	手の陽明大腸経	
tsbli20	迎香	大腸経	げいこう	👃	小鼻のふくらみのすぐ横の、ほうれい線のみぞの中にあるツボ。昔から、鼻づまりや鼻水など、鼻の不調のツボとしてよく知られている。(LI20)	thead	0.272	0.468	迎香穴	1
tsbst01	承泣	胃経	しょうきゅう	👀	黒目の真下で、目の下のほねのふちのすぐ上にあるツボ。まっすぐ前を見たときに、ひとみの下にくるところ。昔から、目の疲れによいと言われるツボ。(ST1)	thead	0.308	0.385	足の陽明胃経	
tsbst02	四白	胃経	しはく	👀	黒目の真下で、目の下のほねのふちから指1本分ほど下の小さなくぼみにあるツボ。昔から、目の疲れや顔のむくみによいと言われるツボ。(ST2)	thead	0.310	0.405	足の陽明胃経	1
tsbst03	巨髎	胃経	こりょう	🙂	黒目の真下の線と、鼻の穴の下のはしの高さが交わるところにあるツボ。ほおのやわらかいところ。昔から、鼻づまりや顔の痛みによいと言われる。(ST3)	thead	0.310	0.478	足の陽明胃経	
tsbst04	地倉	胃経	ちそう	👄	口の両はしのすぐ外がわにあるツボ。口角から指の幅の半分ほど外。昔から、口もとのこわばりやよだれが出やすいときに使われてきたツボとされる。(ST4)	thead	0.290	0.546	足の陽明胃経	
tsbst05	大迎	胃経	だいげい	🙂	下あごのふちで、あごの角から少し前に進んだくぼみにあるツボ。脈がふれるところ。昔から、歯の痛みやほおのはれによいと言われるツボ。(ST5)	thead	0.425	0.625	足の陽明胃経	
tsbst06	頬車	胃経	きょうしゃ	🙂	あごの角から指1本分ほど、ななめ前上にあるツボ。歯をかみしめると筋肉がもり上がるところ。昔から、歯の痛みやあごの疲れによいと言われる。(ST6)	thead	0.470	0.550	足の陽明胃経	
tsbst07	下関	胃経	げかん	🙂	耳の穴の前で、ほおの骨の下のくぼみにあるツボ。口をあけるとふさがり、とじるとくぼむところ。昔から、歯やあごの痛み、耳なりによいと言われる。(ST7)	thead	0.495	0.440	足の陽明胃経	
tsbst08	頭維	胃経	ずい	🙂	おでこの角の、かみの毛のはえぎわから少し上にあるツボ。顔のまん中の線から指6本分ほど横。昔から、頭痛や目のかすみによいと言われるツボ。(ST8)	thead	0.335	0.257	足の陽明胃経	
tsbst09	人迎	胃経	じんげい	🙂	のどぼとけの横で、首の脈がどくどくふれるところにあるツボ。首の太い筋肉の前のふち。昔から、のどのはれや痛みによいと言われるツボ。(ST9)	thead	0.460	0.705	足の陽明胃経	
tsbst10	水突	胃経	すいとつ	🙂	首の前の横で、人迎と、鎖骨の上の気舎とのまん中あたりにあるツボ。首の太い筋肉の前のふち。昔から、せきやのどの不調によいと言われる。(ST10)	thead	0.465	0.765	足の陽明胃経	
tsbst11	気舎	胃経	きしゃ	🙂	鎖骨の内がわのはしのすぐ上で、首の太い筋肉の2本のすじのあいだにある小さなくぼみのツボ。昔から、のどの不調や肩こりによいと言われる。(ST11)	tfront	0.475	0.183	足の陽明胃経	
tsbst12	欠盆	胃経	けつぼん	🫁	鎖骨の上の大きなくぼみのまん中にあるツボ。乳首の真上の線と鎖骨が交わるあたり。昔から、せきや肩こりのときに使われてきたツボとされる。(ST12)	tfront	0.410	0.177	足の陽明胃経	
tsbst13	気戸	胃経	きこ	🫁	鎖骨のすぐ下で、乳首の真上の線にあるツボ。胸のまん中の線から指6本分ほど外。昔から、せきや胸の苦しさによいと言われるツボ。(ST13)	tfront	0.408	0.196	足の陽明胃経	
tsbst14	庫房	胃経	こぼう	🫁	胸の上のほうで、乳首の真上の線の上、1本目と2本目のあばら骨のすきまにあるツボ。気戸の少し下。昔から、胸のはりやせきによいと言われる。(ST14)	tfront	0.408	0.210	足の陽明胃経	
tsbst15	屋翳	胃経	おくえい	🫁	乳首の真上の線の上で、2本目と3本目のあばら骨のすきまにあるツボ。庫房の少し下。昔から、胸の痛みやせきによいと言われるツボ。(ST15)	tfront	0.408	0.229	足の陽明胃経	
tsbst16	膺窓	胃経	ようそう	🫁	乳首の真上の線の上で、3本目と4本目のあばら骨のすきまにあるツボ。乳首の少し上。昔から、胸のはりや息苦しさによいと言われるツボ。(ST16)	tfront	0.408	0.248	足の陽明胃経	
tsbst17	乳中	胃経	にゅうちゅう	🫁	乳首のまん中にあたるツボ。胸のほかのツボをさがすときの目じるしとして使われ、昔から、はりやお灸はしない場所とされている。(ST17)	tfront	0.408	0.268	足の陽明胃経	
tsbst18	乳根	胃経	にゅうこん	🫁	乳首の真下で、1つ下のあばら骨のすきま(5本目と6本目のあいだ)にあるツボ。昔から、胸の痛みやせきのときに使われてきたツボとされる。(ST18)	tfront	0.408	0.287	足の陽明胃経	
tsbst19	不容	胃経	ふよう	👕	おへそから指8本分ほど上で、体のまん中の線から指3本分ほど外にあるツボ。あばら骨のふちのすぐ下。昔から、胃の不調によいと言われるツボ。(ST19)	tfront	0.453	0.319	足の陽明胃経	
tsbst20	承満	胃経	しょうまん	👕	おへそから指7本分ほど上で、体のまん中の線から指3本分ほど外にあるツボ。不容のすぐ下。昔から、胃のもたれやお腹のはりによいと言われる。(ST20)	tfront	0.453	0.329	足の陽明胃経	
tsbst21	梁門	胃経	りょうもん	👕	おへそとみぞおちのあいだの高さで、体のまん中の線から指3本分ほど外にあるツボ。昔から、食欲がないときや胃の不調によいと言われるツボ。(ST21)	tfront	0.453	0.339	足の陽明胃経	
tsbst22	関門	胃経	かんもん	👕	おへそから指4本分ほど上で、体のまん中の線から指3本分ほど外にあるツボ。梁門のすぐ下。昔から、お腹のはりや食欲不振によいと言われる。(ST22)	tfront	0.453	0.350	足の陽明胃経	
tsbst23	太乙	胃経	たいいつ	👕	おへそから指3本分ほど上で、体のまん中の線から指3本分ほど外にあるツボ。昔から、胃の痛みや気持ちが落ちつかないときによいと言われるツボ。(ST23)	tfront	0.453	0.360	足の陽明胃経	
tsbst24	滑肉門	胃経	かつにくもん	👕	おへそから指1本半ほど上で、体のまん中の線から指3本分ほど外にあるツボ。天枢のすぐ上。昔から、吐き気や胃の不調によいと言われる。(ST24)	tfront	0.453	0.371	足の陽明胃経	
tsbst25	天枢	胃経	てんすう	👕	おへその真横で、指3本分ほど外にあるツボ。左右に1つずつある。昔から、便秘や下痢など、お腹の調子をととのえるツボとして知られている。(ST25)	tfront	0.453	0.381	足の陽明胃経	1
tsbst26	外陵	胃経	がいりょう	👕	おへそから指1本半ほど下で、体のまん中の線から指3本分ほど外にあるツボ。天枢のすぐ下。昔から、下腹の痛みによいと言われるツボ。(ST26)	tfront	0.453	0.397	足の陽明胃経	
tsbst27	大巨	胃経	だいこ	👕	おへそから指3本分ほど下で、体のまん中の線から指3本分ほど外にあるツボ。昔から、便秘や下腹のはりのときに使われてきたツボとされる。(ST27)	tfront	0.453	0.413	足の陽明胃経	
tsbst28	水道	胃経	すいどう	👕	おへそから指4本分ほど下で、体のまん中の線から指3本分ほど外にあるツボ。昔から、むくみやおしっこの出にくさによいと言われるツボ。(ST28)	tfront	0.453	0.430	足の陽明胃経	
tsbst29	帰来	胃経	きらい	👕	おへそから指5本分ほど下で、体のまん中の線から指3本分ほど外にあるツボ。水道のすぐ下。昔から、下腹の冷えや女性の不調によいと言われる。(ST29)	tfront	0.453	0.446	足の陽明胃経	
tsbst30	気衝	胃経	きしょう	👕	足のつけねのすぐ上で、恥骨のふちの高さ、体のまん中の線から指3本分ほど外にあるツボ。脈がふれる近く。昔から、足の冷えによいと言われる。(ST30)	tfront	0.453	0.462	足の陽明胃経	
tsbst31	髀関	胃経	ひかん	🦵	太ももの前のつけね近くで、腰の前の出っぱった骨の真下の線上、足のつけねのしわのあたりにあるツボ。昔から、太ももの痛みやだるさによいと言われる。(ST31)	tfront	0.378	0.490	足の陽明胃経	
tsbst32	伏兎	胃経	ふくと	🦵	太ももの前の外がわで、ひざのお皿の外の上角から指8本分ほど上にあるツボ。もり上がった筋肉のところ。昔から、足のだるさや冷えによいと言われる。(ST32)	tfront	0.396	0.588	足の陽明胃経	
tsbst33	陰市	胃経	いんし	🦵	太ももの前の外がわで、ひざのお皿の外の上角から指4本分ほど上にあるツボ。昔から、ひざの冷えや足のしびれのときに使われてきたツボとされる。(ST33)	tfront	0.400	0.620	足の陽明胃経	
tsbst34	梁丘	胃経	りょうきゅう	🦵	ひざのお皿の外の上角から、指3本分ほど上にあるツボ。足を伸ばすと少しくぼむところ。昔から、急な胃の痛みやひざの痛みによいと言われる。(ST34)	tfront	0.401	0.631	足の陽明胃経	
tsbst35	犢鼻	胃経	とくび	🦵	ひざを曲げたとき、ひざのお皿の下で、外がわにできるくぼみにあるツボ。子牛の鼻の穴に形がにていることから名づけられたとされる。昔から、ひざの痛みのツボ。(ST35)	tfront	0.405	0.695	足の陽明胃経	
tsbst36	足三里	胃経	あしさんり	🦵	ひざのお皿の下の外がわのくぼみから、指4本分ほど下で、すねの骨の外がわにあるツボ。昔から、胃腸の調子や足の疲れによいと言われる、とても有名なツボ。(ST36)	tfront	0.403	0.732	足三里穴	1
tsbst37	上巨虚	胃経	じょうこきょ	🦵	すねの骨の外がわで、足三里からさらに指4本分ほど下にあるツボ。昔から、お腹の調子、とくに腸の不調のときに使われてきたツボとされる。(ST37)	tfront	0.403	0.768	足の陽明胃経	
tsbst38	条口	胃経	じょうこう	🦵	すねの骨の外がわで、ひざの下のくぼみと足首のまん中の高さにあるツボ。上巨虚よりさらに下。昔から、肩の痛みや足のだるさによいと言われる。(ST38)	tfront	0.404	0.793	足の陽明胃経	
tsbst39	下巨虚	胃経	げこきょ	🦵	すねの骨の外がわで、条口から指1本半ほど下にあるツボ。昔から、下腹の不調やお腹のはりのときに使われてきたツボとされる。(ST39)	tfront	0.405	0.805	足の陽明胃経	
tsbst40	豊隆	胃経	ほうりゅう	🦵	すねの外がわで、ひざと足首のまん中の高さにあるツボ。条口から、さらに指2本分ほど外がわ。昔から、たんやせき、体の重さによいと言われる。(ST40)	tfront	0.392	0.793	足の陽明胃経	
tsbst41	解渓	胃経	かいけい	🦶	足首の前のまん中で、つま先を上げると出てくる2本のすじのあいだのくぼみにあるツボ。昔から、足首の痛みや頭痛によいと言われるツボ。(ST41)	tfront	0.422	0.893	足の陽明胃経	
tsbst42	衝陽	胃経	しょうよう	🦶	足の甲のいちばん高いところで、脈がふれるあたりにあるツボ。人さし指と中指の骨のつけねのあいだ。昔から、足の甲の痛みや胃の不調によいと言われる。(ST42)	tfront	0.403	0.917	足の陽明胃経	
tsbst43	陥谷	胃経	かんこく	🦶	足の甲で、人さし指と中指の骨のあいだ、指のつけねの関節から少し足首寄りのくぼみにあるツボ。昔から、むくみや足の甲の痛みによいと言われる。(ST43)	tfront	0.386	0.935	足の陽明胃経	
tsbst44	内庭	胃経	ないてい	🦶	足の人さし指と中指のあいだの、みずかきのすぐ手前にあるツボ。昔から、歯の痛みや食べすぎたときの胃の不調によいと言われるツボ。(ST44)	tfront	0.382	0.945	足の陽明胃経	
tsbst45	厲兌	胃経	れいだ	🦶	足の人さし指のつめのはえぎわで、中指がわの角のすぐそばにあるツボ。昔から、寝つきの悪さや悪い夢を見るときに使われてきたツボとされる。(ST45)	tfront	0.385	0.956	足の陽明胃経	
tsbsp01	隠白	脾経	いんぱく	🦶	足の親指のつめのはえぎわで、内がわ(ほかの指と反対がわ)の角のすぐそばにあるツボ。昔から、お腹のはりや鼻血のときに使われてきたツボとされる。(SP1)	tfront	0.434	0.951	足の太陰脾経	
tsbsp02	大都	脾経	だいと	🦶	足の親指の内がわで、つけねの関節より指先がわにあるくぼみのツボ。足の裏と甲の色が変わるところ。昔から、胃腸の不調によいと言われる。(SP2)	tfront	0.440	0.940	足の太陰脾経	
tsbsp03	太白	脾経	たいはく	🦶	足の内がわで、親指のつけねの関節より、かかとがわにあるくぼみのツボ。足の裏と甲の色が変わるところ。昔から、胃腸のはたらきによいと言われる。(SP3)	tfront	0.446	0.931	足の太陰脾経	
tsbsp04	公孫	脾経	こうそん	🦶	足の内がわ、土ふまずのアーチの上で、親指の骨のつけねの手前にあるくぼみのツボ。太白から指2本分ほどかかと寄り。昔から、胃の痛みによいと言われる。(SP4)	tfront	0.449	0.919	足の太陰脾経	
tsbsp05	商丘	脾経	しょうきゅう	🦶	足首の内がわで、内くるぶしのななめ前下にあるくぼみのツボ。昔から、足首の痛みや、お腹の調子がよくないときに使われてきたツボとされる。(SP5)	tfront	0.442	0.901	足の太陰脾経	
tsbsp06	三陰交	脾経	さんいんこう	🦵	内くるぶしのいちばん高いところから、指4本分ほど上で、すねの骨の内がわのふちにあるツボ。昔から、冷えや女性の不調によいと言われる有名なツボ。(SP6)	tfront	0.439	0.853	三陰交穴	1
tsbsp07	漏谷	脾経	ろうこく	🦵	すねの内がわで、骨のふちのすぐうしろにあるツボ。内くるぶしから指8本分ほど上、三陰交のさらに上。昔から、むくみやお腹のはりによいと言われる。(SP7)	tfront	0.445	0.817	漏谷穴	
tsbsp08	地機	脾経	ちき	🦵	すねの内がわで、骨のふちのすぐうしろにあるツボ。ひざの内がわの下のくぼみ(陰陵泉)から指4本分ほど下。昔から、生理のときの痛みによいと言われる。(SP8)	tfront	0.452	0.750	地機穴	
tsbsp09	陰陵泉	脾経	いんりょうせん	🦵	すねの骨の内がわのふちを、下から指でなで上げていくと、ひざの下で指が止まるところのくぼみ。昔から、むくみや足のだるさによいと言われるツボ。(SP9)	tfront	0.450	0.713	陰陵泉穴	1
tsbsp10	血海	脾経	けっかい	🦵	ひざのお皿の内がわの上の角から、指3本分ほど上にあるツボ。太ももの内がわのもり上がった筋肉のところ。昔から、肌の不調や女性の不調のツボとされる。(SP10)	tfront	0.452	0.632	血海穴	1
tsbsp11	箕門	脾経	きもん	🦵	太ももの内がわで、ひざのお皿の内の上角と、足のつけねとをむすぶ線のまん中より少し上にあるツボ。昔から、足のむくみやだるさによいと言われる。(SP11)	tfront	0.443	0.527	箕門穴	
tsbsp12	衝門	脾経	しょうもん	👕	足のつけねのしわの上で、脈がとくとくふれるところのすぐ外がわにあるツボ。体のまん中の線から指5本分ほど外。昔から、下腹の痛みによいと言われる。(SP12)	tfront	0.420	0.472	足の太陰脾経	
tsbsp13	府舎	脾経	ふしゃ	👕	下腹の外がわで、足のつけねの衝門から、指1本分ほど上にあるツボ。体のまん中の線から指5本分ほど外。昔から、下腹の痛みやはりによいと言われる。(SP13)	tfront	0.408	0.451	足の太陰脾経	
tsbsp14	腹結	脾経	ふっけつ	👕	おへそから指2本分ほど下の高さで、体のまん中の線から指6本分ほど外にあるツボ。大横のすぐ下。昔から、便秘や下痢によいと言われるツボ。(SP14)	tfront	0.408	0.402	足の太陰脾経	
tsbsp15	大横	脾経	だいおう	👕	おへその真横で、指6本分ほど外にあるツボ。乳首の真下の線と交わるあたり。昔から、便秘やお腹のはりのときに使われてきたツボとされる。(SP15)	tfront	0.408	0.381	大横穴	
tsbsp16	腹哀	脾経	ふくあい	👕	おへそから指4本分ほど上の高さで、体のまん中の線から指6本分ほど外にあるツボ。大横の真上。昔から、消化の不調やお腹の痛みによいと言われる。(SP16)	tfront	0.408	0.350	足の太陰脾経	
tsbsp17	食竇	脾経	しょくとく	🫁	胸の横のほうで、5本目と6本目のあばら骨のすきまにあるツボ。体のまん中の線から指9本分ほど外。昔から、胸やわき腹のはりによいと言われる。(SP17)	tfront	0.375	0.286	足の太陰脾経	
tsbsp18	天渓	脾経	てんけい	🫁	胸の横のほうで、乳首と同じ高さのあばら骨のすきまにあるツボ。乳首から指3本分ほど外。昔から、胸の痛みやせきのときに使われてきたとされる。(SP18)	tfront	0.373	0.267	足の太陰脾経	
tsbsp19	胸郷	脾経	きょうきょう	🫁	胸の横のほうで、3本目と4本目のあばら骨のすきまにあるツボ。天渓のすぐ上。昔から、胸やわき腹の痛みによいと言われるツボ。(SP19)	tfront	0.372	0.248	足の太陰脾経	
tsbsp20	周栄	脾経	しゅうえい	🫁	胸の横のほうで、2本目と3本目のあばら骨のすきまにあるツボ。胸郷のすぐ上で、わきの前に近いところ。昔から、せきや胸のはりによいと言われる。(SP20)	tfront	0.372	0.229	足の太陰脾経	
tsbsp21	大包	脾経	だいほう	🫁	わきの下のまん中から、まっすぐ指8本分ほど下がった、わき腹のあばら骨のすきまにあるツボ。昔から、体のだるさや、わき腹の痛みによいと言われる。(SP21)	tfront	0.373	0.312	大包穴	
tsbht01	極泉	心経	きょくせん	💪	わきの下のくぼみのいちばん深いまん中にあるツボ。脈がとくとくふれるところ。昔から、腕のしびれや胸の苦しさのときに使われてきたツボとされる。(HT1)	tfront	0.357	0.261	手の少陰心経	
tsbht02	青霊	心経	せいれい	💪	二の腕の内がわで、ひじのしわの内がわのはしから、指4本分ほどわきの下に向かったところにあるツボ。昔から、腕や肩の痛みによいと言われる。(HT2)	tfront	0.344	0.315	手の少陰心経	
tsbht03	少海	心経	しょうかい	💪	ひじを曲げたときのしわの、内がわ(小指がわ)のはしと、出っぱった骨とのあいだにあるツボ。昔から、ひじの痛みや手のふるえによいと言われる。(HT3)	tfront	0.336	0.350	少海穴	
tsbht04	霊道	心経	れいどう	✋	手首の内がわの小指がわで、手首のしわから指2本分ほどひじ寄り、すじのすぐ親指がわにあるツボ。昔から、気持ちが落ちつかないときのツボとされる。(HT4)	tfront	0.272	0.465	手の少陰心経	
tsbht05	通里	心経	つうり	✋	手首の内がわの小指がわで、手首のしわから指1本分ほどひじ寄り、すじのすぐ親指がわにあるツボ。昔から、胸のどきどきや声の出にくさによいと言われる。(HT5)	tfront	0.271	0.471	通里穴	
tsbht06	陰郄	心経	いんげき	✋	手首の内がわの小指がわで、しわから指の幅半分ほどひじ寄り、すじのすぐ親指がわにあるツボ。昔から、寝ているときの汗によいと言われるツボ。(HT6)	tfront	0.270	0.477	手の少陰心経	
tsbht07	神門	心経	しんもん	✋	手首の内がわのしわの上で、小指がわのはしにある、すじのすぐ親指がわのくぼみのツボ。昔から、眠れないときや気持ちを落ちつけたいときのツボとされる。(HT7)	tfront	0.268	0.482	神門穴	1
tsbht08	少府	心経	しょうふ	✋	手のひらで、指を軽くにぎったとき、小指の先があたるところにあるツボ。薬指と小指の骨のあいだ。昔から、胸のどきどきや手のほてりによいと言われる。(HT8)	tfront	0.258	0.518	手の少陰心経	
tsbht09	少衝	心経	しょうしょう	☝️	小指のつめのはえぎわで、薬指がわの角のすぐそばにあるツボ。昔から、胸のどきどきや、気を失いそうなときの気つけのツボとして使われてきたとされる。(HT9)	tfront	0.262	0.562	手の少陰心経	
tsbsi01	少沢	小腸経	しょうたく	👆	小指の爪の生えぎわで、薬指とは反対がわの角にあるツボ。手の中でいちばん外がわの指先です。昔から母乳の出をたすけるツボとされてきました。(SI1)	tback	0.738	0.567	手の太陽小腸経	
tsbsi02	前谷	小腸経	ぜんこく	👆	小指のつけ根の関節より指先がわ、手のひらと手の甲の境めにあるへこみ。こぶしをにぎると見つけやすいです。のどの痛みによいと言われてきました。(SI2)	tback	0.766	0.543	手の太陽小腸経	
tsbsi03	後渓	小腸経	こうけい	👆	こぶしをにぎったとき、小指のつけ根の下にできる手のしわの外がわの端にあるツボ。昔から首や肩がこわばったときによいと言われています。(SI3)	tback	0.771	0.525	手の太陽小腸経	1
tsbsi04	腕骨	小腸経	わんこつ	👆	小指がわの手首の近く、手の甲と手のひらの境めで、骨と骨のあいだにあるへこみ。昔から手首や指の痛みによいツボとされてきました。(SI4)	tback	0.769	0.504	手の太陽小腸経	
tsbsi05	陽谷	小腸経	ようこく	👆	手首の小指がわで、ぽこっと出た骨のすぐ先にあるへこみ。手首を曲げのばしすると見つけやすいです。手首の痛みによいと言われてきました。(SI5)	tback	0.768	0.492	手の太陽小腸経	
tsbsi06	養老	小腸経	ようろう	💪	手の甲がわの手首で、小指がわの丸い骨の、親指がわのきわにあるへこみ。名前のとおり、昔からお年よりの目や体をいたわるツボとされてきました。(SI6)	tback	0.760	0.480	手の太陽小腸経	
tsbsi07	支正	小腸経	しせい	💪	うでの小指がわのふちで、手首と肘のまんなかより少し手首がわにあるツボ。肘や腕の痛み、首のこわばりによいと言われてきました。(SI7)	tback	0.735	0.438	手の太陽小腸経	
tsbsi08	小海	小腸経	しょうかい	💪	肘を曲げたとき、肘の先のとがった骨と内がわの骨のあいだにできるへこみ。ぶつけるとビリッとくる所の近くです。肘の痛みによいとされてきました。(SI8)	tback	0.684	0.366	手の太陽小腸経	
tsbsi09	肩貞	小腸経	けんてい	🔙	うでを体につけたとき、わきの下の後ろのしわの端から指1本分ほど上にあるツボ。昔から肩の痛みや、うでが上がりにくいときのツボとされます。(SI9)	tback	0.645	0.243	手の太陽小腸経	
tsbsi10	臑兪	小腸経	じゅゆ	🔙	わきの下の後ろのしわの端をまっすぐ上にたどり、肩甲骨のでっぱり(肩甲棘)の下にあたるへこみ。肩やうでの痛みによいと言われます。(SI10)	tback	0.645	0.207	手の太陽小腸経	
tsbsi11	天宗	小腸経	てんそう	🔙	背中の肩甲骨のまんなかあたり、少しくぼんだ所にあるツボ。おすとずーんとひびきやすい場所です。昔から肩こりや背中のこりのツボとされます。(SI11)	tback	0.597	0.223	手の太陽小腸経	1
tsbsi12	秉風	小腸経	へいふう	🔙	肩甲骨の上のでっぱり(肩甲棘)の、まんなかのすぐ上のくぼみにあるツボ。うでを上げるとへこみます。肩の痛みやこりによいと言われます。(SI12)	tback	0.607	0.187	手の太陽小腸経	
tsbsi13	曲垣	小腸経	きょくえん	🔙	肩甲骨の上のでっぱりを背骨のほうへたどり、その内がわの端のすぐ上にあるくぼみ。昔から肩や背中のこりのツボとされてきました。(SI13)	tback	0.588	0.194	手の太陽小腸経	
tsbsi14	肩外兪	小腸経	けんがいゆ	🔙	首のつけ根の下の背骨から、指4本分ほど外がわ、肩甲骨の内がわの上の角のあたり。肩こりや首すじのこりによいと言われてきました。(SI14)	tback	0.565	0.182	手の太陽小腸経	
tsbsi15	肩中兪	小腸経	けんちゅうゆ	🔙	首を前に曲げるといちばん出っぱる骨のすぐ下から、指3本分ほど外がわのツボ。昔から肩こりや、せきが出るときによいとされてきました。(SI15)	tback	0.542	0.168	手の太陽小腸経	
tsbsi16	天窓	小腸経	てんそう	🙂	首の横で、のどぼとけと同じ高さ、首をななめに走る太い筋肉の後ろのふちにあるツボ。耳の聞こえやのどの痛みによいと言われてきました。(SI16)	thead	0.540	0.720	手の太陽小腸経	
tsbsi17	天容	小腸経	てんよう	🙂	耳たぶの下にある、あごのえらの角のすぐ後ろのくぼみ。首の太い筋肉の前のふちです。昔から耳鳴りやのどのはれのツボとされます。(SI17)	thead	0.522	0.592	手の太陽小腸経	
tsbsi18	顴髎	小腸経	けんりょう	🙂	目じりからまっすぐ下におりて、ほお骨のでっぱりの下にあたるへこみ。昔から顔のむくみや歯の痛みによいツボとされてきました。(SI18)	thead	0.326	0.440	手の太陽小腸経	
tsbsi19	聴宮	小腸経	ちょうきゅう	👂	耳の穴の前にある小さな出っぱりのすぐ前。口を開けるとへこむ所です。名前のとおり、昔から耳鳴りや耳の聞こえによいツボとされます。(SI19)	thead	0.515	0.448	手の太陽小腸経	1
tsbbl01	睛明	膀胱経	せいめい	👀	目頭のすぐ内がわで、鼻のつけ根との間の少し上にあるくぼみ。目のつかれによいと言われ、昔から目のツボとして知られています。(BL1)	thead	0.282	0.352	足の太陽膀胱経	1
tsbbl02	攅竹	膀胱経	さんちく	🙂	まゆ毛の、鼻がわのはじっこにある小さなくぼみ。親指でおすと気持ちよい所です。目のつかれや頭の重さによいと言われてきました。(BL2)	thead	0.232	0.318	足の太陽膀胱経	1
tsbbl03	眉衝	膀胱経	びしょう	🙂	まゆ毛の鼻がわの端(攅竹)をまっすぐ上にたどり、おでこの髪のはえぎわから少し入った所。頭痛や鼻づまりのツボとされてきました。(BL3)	thead	0.258	0.236	足の太陽膀胱経	
tsbbl04	曲差	膀胱経	きょくさ	🙂	おでこの髪のはえぎわから少し入り、頭のまんなかの線から指2本分ほど外がわ。昔から頭痛や鼻づまりのツボとされてきました。(BL4)	thead	0.268	0.245	足の太陽膀胱経	
tsbbl05	五処	膀胱経	ごしょ	🙂	おでこの髪のはえぎわから指1本分ほど上、頭のまんなかの線から指2本分ほど外がわ。頭痛やめまいによいと言われてきたツボです。(BL5)	thead	0.282	0.220	足の太陽膀胱経	
tsbbl06	承光	膀胱経	しょうこう	🙂	髪のはえぎわから頭のてっぺんへ向かって少し上がった所で、まんなかの線から指2本分ほど外がわ。昔から頭痛や目のかすみのツボとされます。(BL6)	thead	0.348	0.162	足の太陽膀胱経	
tsbbl07	通天	膀胱経	つうてん	🙂	頭のてっぺんの少し前で、まんなかの線から指2本分ほど外がわにあるツボ。名前は天に通じるという意味。鼻づまりによいとされてきました。(BL7)	thead	0.436	0.143	足の太陽膀胱経	
tsbbl08	絡却	膀胱経	らっきゃく	🙂	頭のてっぺんを少しこえた後ろがわで、まんなかの線から指2本分ほど外がわ。昔からめまいや耳鳴りによいツボとされてきました。(BL8)	thead	0.530	0.141	足の太陽膀胱経	
tsbbl09	玉枕	膀胱経	ぎょくちん	🙂	後頭部の出っぱった骨と同じ高さで、まんなかから指2本分ほど外がわ。まくらが当たるあたりです。頭痛や首のこりによいと言われます。(BL9)	thead	0.755	0.425	足の太陽膀胱経	
tsbbl10	天柱	膀胱経	てんちゅう	🙂	首の後ろ、髪のはえぎわのあたりで、たてに走る太い筋肉の外がわのくぼみ。昔から首や肩のこり、頭の重さによいとされる有名なツボです。(BL10)	thead	0.690	0.565	足の太陽膀胱経	1
tsbbl11	大杼	膀胱経	だいじょ	🔙	首のつけ根の出っぱった骨の、ひとつ下の背骨の下から、指2本分ほど外がわ。昔から肩こりや、かぜの引きはじめによいとされます。(BL11)	tback	0.532	0.182	足の太陽膀胱経	
tsbbl12	風門	膀胱経	ふうもん	🔙	背中の上のほうで、首のつけ根から背骨を2つ下がった所の、指2本分ほど外がわ。かぜの入り口という名前で、かぜの引きはじめのツボとされます。(BL12)	tback	0.532	0.196	足の太陽膀胱経	1
tsbbl13	肺兪	膀胱経	はいゆ	🔙	背中の上のほう、肩甲骨の内がわで、背骨から指2本分ほど外がわのツボ。名前に「肺」がつき、昔からせきやぜんそくのツボとされてきました。(BL13)	tback	0.532	0.209	足の太陽膀胱経	
tsbbl14	厥陰兪	膀胱経	けついんゆ	🔙	肩甲骨の内がわで、肺兪より背骨ひとつ下の、背骨から指2本分ほど外がわ。昔から胸の苦しさや、どうきのツボとされてきました。(BL14)	tback	0.532	0.223	足の太陽膀胱経	
tsbbl15	心兪	膀胱経	しんゆ	🔙	肩甲骨の内がわのまんなかあたりで、背骨から指2本分ほど外がわ。名前に「心」がつき、どうきや、ねむれないときによいと言われます。(BL15)	tback	0.532	0.237	足の太陽膀胱経	
tsbbl16	督兪	膀胱経	とくゆ	🔙	心兪より背骨ひとつ下で、背骨から指2本分ほど外がわにあるツボ。昔から胸の痛みやおなかの張りによいツボとされてきました。(BL16)	tback	0.532	0.251	足の太陽膀胱経	
tsbbl17	膈兪	膀胱経	かくゆ	🔙	肩甲骨のいちばん下の角と同じくらいの高さで、背骨から指2本分ほど外がわ。昔から、しゃっくりや胸のつかえのツボとされてきました。(BL17)	tback	0.532	0.265	足の太陽膀胱経	
tsbbl18	肝兪	膀胱経	かんゆ	🔙	背中のまんなかより少し上、肩甲骨の下の角より背骨2つ分下で、背骨から指2本分ほど外がわ。目のつかれやイライラによいと言われます。(BL18)	tback	0.532	0.292	足の太陽膀胱経	
tsbbl19	胆兪	膀胱経	たんゆ	🔙	肝兪から背骨ひとつ下がった所で、背骨から指2本分ほど外がわのツボ。昔から口のにがみや、わき腹の張りによいツボとされてきました。(BL19)	tback	0.532	0.306	足の太陽膀胱経	
tsbbl20	脾兪	膀胱経	ひゆ	🔙	背中のまんなかあたり、胆兪から背骨ひとつ下で、背骨から指2本分ほど外がわ。昔から胃腸のはたらきや食欲をととのえるツボとされます。(BL20)	tback	0.532	0.320	足の太陽膀胱経	
tsbbl21	胃兪	膀胱経	いゆ	🔙	脾兪のすぐ下で、いちばん下のろっ骨がつく背骨のあたり、背骨から指2本分ほど外がわ。胃もたれや食欲不振によいと言われてきました。(BL21)	tback	0.532	0.334	足の太陽膀胱経	
tsbbl22	三焦兪	膀胱経	さんしょうゆ	🔙	こしの少し上、腰の骨のいちばん上の背骨の下から、指2本分ほど外がわにあるツボ。昔からむくみやおなかの張りのツボとされてきました。(BL22)	tback	0.532	0.351	足の太陽膀胱経	
tsbbl23	腎兪	膀胱経	じんゆ	🔙	おへそのちょうど裏がわあたりの背骨から、指2本分ほど外がわ。手をこしに当てると親指がふれる所です。昔から腰の痛みやつかれによいとされる有名なツボです。(BL23)	tback	0.532	0.367	足の太陽膀胱経	1
tsbbl24	気海兪	膀胱経	きかいゆ	🔙	腎兪から背骨ひとつ下がった所で、背骨から指2本分ほど外がわにあるツボ。昔から腰の痛みや、足のだるさによいツボとされてきました。(BL24)	tback	0.532	0.383	足の太陽膀胱経	
tsbbl25	大腸兪	膀胱経	だいちょうゆ	🔙	左右の骨盤のいちばん高い所を結んだ線の高さで、背骨から指2本分ほど外がわ。昔から腰痛や、便秘・おなかの調子のツボとされます。(BL25)	tback	0.532	0.399	足の太陽膀胱経	
tsbbl26	関元兪	膀胱経	かんげんゆ	🔙	大腸兪から背骨ひとつ下、こしのいちばん下のほうで、背骨から指2本分ほど外がわ。昔から腰の痛みや下痢のツボとされてきました。(BL26)	tback	0.532	0.415	足の太陽膀胱経	
tsbbl27	小腸兪	膀胱経	しょうちょうゆ	🔙	おしりの上のほうにある平らな骨(仙骨)のいちばん上のあたりで、まんなかから指2本分ほど外がわ。昔からおなかの不調のツボとされます。(BL27)	tback	0.532	0.428	足の太陽膀胱経	
tsbbl28	膀胱兪	膀胱経	ぼうこうゆ	🔙	小腸兪のすぐ下で、仙骨の上から2番めの穴と同じ高さ、まんなかから指2本分ほど外がわ。昔からおしっこのトラブルのツボとされてきました。(BL28)	tback	0.532	0.441	足の太陽膀胱経	
tsbbl29	中膂兪	膀胱経	ちゅうりょゆ	🔙	仙骨の上から3番めの穴と同じ高さで、まんなかから指2本分ほど外がわのツボ。昔から腰や背中のこわばりによいと言われてきました。(BL29)	tback	0.532	0.454	足の太陽膀胱経	
tsbbl30	白環兪	膀胱経	はっかんゆ	🔙	仙骨のいちばん下の穴と同じ高さで、まんなかから指2本分ほど外がわ。おしりの割れめの上のあたりです。腰や足の痛みのツボとされます。(BL30)	tback	0.532	0.467	足の太陽膀胱経	
tsbbl31	上髎	膀胱経	じょうりょう	🔙	おしりの上の平らな骨(仙骨)にある4対の穴のうち、いちばん上の穴の上にあるツボ。昔から腰の痛みや、女性の体の不調によいとされます。(BL31)	tback	0.519	0.428	足の太陽膀胱経	
tsbbl32	次髎	膀胱経	じりょう	🔙	仙骨にならぶ穴の上から2番めにあるツボ。昔から腰の痛みや生理の痛みのとき、ここを温めるとよいと言われてきました。(BL32)	tback	0.516	0.441	足の太陽膀胱経	
tsbbl33	中髎	膀胱経	ちゅうりょう	🔙	仙骨にならぶ穴の上から3番めにあるツボ。上髎・次髎・下髎と4つで一組です。昔から腰の痛みや便秘のツボとされてきました。(BL33)	tback	0.513	0.454	足の太陽膀胱経	
tsbbl34	下髎	膀胱経	げりょう	🔙	仙骨にならぶ穴のいちばん下にあるツボで、おしりの割れめの上のあたりです。昔から腰の痛みや、おなかの下のほうの不調のツボとされます。(BL34)	tback	0.510	0.467	足の太陽膀胱経	
tsbbl35	会陽	膀胱経	えよう	🔙	おしりの割れめの上にある尾てい骨の先から、指1本分弱ほど外がわにあるツボ。昔から痔や下痢などのツボとされてきました。(BL35)	tback	0.511	0.482	足の太陽膀胱経	
tsbbl36	承扶	膀胱経	しょうふ	🦵	おしりと太ももの境めにできる横のしわの、ちょうどまんなかにあるツボ。昔から腰から足にひびく痛みや、おしりの痛みのツボとされます。(BL36)	tback	0.565	0.522	足の太陽膀胱経	
tsbbl37	殷門	膀胱経	いんもん	🦵	太ももの裏のまんなか、おしりの下のしわから手のひら2つ分ほど下がった所。昔から腰の痛みや、太ももの裏のはりによいツボとされます。(BL37)	tback	0.568	0.590	足の太陽膀胱経	
tsbbl38	浮郄	膀胱経	ふげき	🦵	ひざの裏のしわから指1本分ほど上で、外がわの太いすじ(大腿二頭筋の腱)の内がわ。昔からひざの痛みや足のしびれのツボとされます。(BL38)	tback	0.598	0.667	足の太陽膀胱経	
tsbbl39	委陽	膀胱経	いよう	🦵	ひざの裏の横のしわの上で、外がわの太いすじのすぐ内がわ。委中の外どなりです。昔から足のつりや、むくみのツボとされてきました。(BL39)	tback	0.600	0.678	足の太陽膀胱経	
tsbbl40	委中	膀胱経	いちゅう	🦵	ひざの裏にできる横のしわの、ちょうどまんなかにあるツボ。昔から「腰や背中はここ」と言われるほど、腰の痛みのツボとして有名です。(BL40)	tback	0.575	0.678	足の太陽膀胱経	1
tsbbl41	附分	膀胱経	ふぶん	🔙	首のつけ根から背骨を2つ下がった高さで、背骨から指4本分ほど外がわ。肩甲骨の内がわのふちのあたりです。肩や首のこりのツボとされます。(BL41)	tback	0.565	0.196	足の太陽膀胱経	
tsbbl42	魄戸	膀胱経	はくこ	🔙	肺兪と同じ高さで、背骨から指4本分ほど外がわ、肩甲骨の内がわのふちのあたり。昔からせきや、肩・背中のこりのツボとされてきました。(BL42)	tback	0.565	0.209	足の太陽膀胱経	
tsbbl43	膏肓	膀胱経	こうこう	🔙	肩甲骨の内がわのふちで、背骨から指4本分ほど外がわ。「病、膏肓に入る」の膏肓です。昔から肩こりや、長引くつかれのツボとされます。(BL43)	tback	0.565	0.223	足の太陽膀胱経	1
tsbbl44	神堂	膀胱経	しんどう	🔙	心兪と同じ高さで、背骨から指4本分ほど外がわ、肩甲骨の内がわのふちのあたり。昔から胸の苦しさや、背中のこりのツボとされます。(BL44)	tback	0.565	0.237	足の太陽膀胱経	
tsbbl45	譩譆	膀胱経	いき	🔙	背骨から指4本分ほど外がわ、肩甲骨の内がわの下のあたり。おすと思わず「いき」と声が出るのが名前の由来とも。せきや背中の痛みのツボとされます。(BL45)	tback	0.565	0.251	足の太陽膀胱経	
tsbbl46	膈関	膀胱経	かくかん	🔙	肩甲骨の下の角と同じくらいの高さで、背骨から指4本分ほど外がわ。膈兪の外どなりです。昔から、しゃっくりや胸のつかえのツボとされます。(BL46)	tback	0.565	0.265	足の太陽膀胱経	
tsbbl47	魂門	膀胱経	こんもん	🔙	肝兪と同じ高さで、背骨から指4本分ほど外がわにあるツボ。昔から、わき腹の痛みや胃腸の不調によいツボとされてきました。(BL47)	tback	0.565	0.292	足の太陽膀胱経	
tsbbl48	陽綱	膀胱経	ようこう	🔙	胆兪と同じ高さで、背骨から指4本分ほど外がわのツボ。昔から、おなかの張りや、ごはんが食べにくいときのツボとされてきました。(BL48)	tback	0.565	0.306	足の太陽膀胱経	
tsbbl49	意舎	膀胱経	いしゃ	🔙	脾兪と同じ高さで、背骨から指4本分ほど外がわにあるツボ。昔から、おなかの張りや、胃腸のはたらきをととのえるツボとされます。(BL49)	tback	0.565	0.320	足の太陽膀胱経	
tsbbl50	胃倉	膀胱経	いそう	🔙	胃兪と同じ高さで、背骨から指4本分ほど外がわのツボ。名前は胃の倉という意味。昔から胃のもたれや食欲不振のツボとされます。(BL50)	tback	0.565	0.334	足の太陽膀胱経	
tsbbl51	肓門	膀胱経	こうもん	🔙	こしの少し上、三焦兪と同じ高さで、背骨から指4本分ほど外がわ。昔から、みぞおちの痛みや便秘のツボとされてきました。(BL51)	tback	0.565	0.351	足の太陽膀胱経	
tsbbl52	志室	膀胱経	ししつ	🔙	腎兪と同じ高さで、背骨から指4本分ほど外がわ。こしに手を当てると親指のあたる所です。昔から腰の痛みやつかれのツボとされます。(BL52)	tback	0.565	0.367	足の太陽膀胱経	
tsbbl53	胞肓	膀胱経	ほうこう	🔙	おしりの上のほうで、膀胱兪と同じ高さ、まんなかから指4本分ほど外がわ。昔から腰の痛みや、おしっこのトラブルのツボとされます。(BL53)	tback	0.565	0.441	足の太陽膀胱経	
tsbbl54	秩辺	膀胱経	ちっぺん	🔙	おしりのまんなかより少し上、仙骨のいちばん下の穴と同じ高さで、まんなかから指4本分ほど外がわ。腰から足の痛みのツボとされます。(BL54)	tback	0.565	0.467	足の太陽膀胱経	
tsbbl55	合陽	膀胱経	ごうよう	🦵	ひざの裏のしわのまんなか(委中)から、指3本分ほど真下の所。ふくらはぎの上のほうです。昔から腰の痛みや足のしびれのツボとされます。(BL55)	tback	0.573	0.708	足の太陽膀胱経	
tsbbl56	承筋	膀胱経	しょうきん	🦵	ふくらはぎのいちばんふくらんだ所の、まんなかあたりにあるツボ。昔から、こむらがえりや、ふくらはぎのはりによいツボとされてきました。(BL56)	tback	0.575	0.752	足の太陽膀胱経	
tsbbl57	承山	膀胱経	しょうざん	🦵	つま先立ちをしたとき、ふくらはぎの筋肉の下にできる山形のくぼみ。昔から足のつかれや、こむらがえりによいとされるツボです。(BL57)	tback	0.577	0.796	足の太陽膀胱経	1
tsbbl58	飛揚	膀胱経	ひよう	🦵	外くるぶしの高さから手のひら2つ分より少し上で、ふくらはぎの外がわのふち。昔から足のだるさや、腰の痛みのツボとされてきました。(BL58)	tback	0.605	0.811	足の太陽膀胱経	
tsbbl59	跗陽	膀胱経	ふよう	🦵	外くるぶしの高さから指4本分ほど上で、すねの外がわの骨とアキレス腱のあいだ。昔から足首の痛みや、足の重さのツボとされます。(BL59)	tback	0.598	0.871	足の太陽膀胱経	
tsbbl60	崑崙	膀胱経	こんろん	🦶	外くるぶしのいちばん高い所と、かかとの太いすじ(アキレス腱)のあいだのくぼみ。昔から足首や腰の痛みによいとされる有名なツボです。(BL60)	tback	0.591	0.918	足の太陽膀胱経	1
tsbbl61	僕参	膀胱経	ぼくしん	🦶	崑崙からまっすぐ下におりた、かかとの外がわにあるツボ。足の裏と甲の境めです。昔から、かかとや足首の痛みのツボとされます。(BL61)	tback	0.593	0.948	足の太陽膀胱経	
tsbbl62	申脈	膀胱経	しんみゃく	🦶	外くるぶしのとがった先のすぐ下にあるくぼみ。昔から、めまいや、ねむりをととのえるツボとされ、足首の痛みにもよいと言われます。(BL62)	tback	0.607	0.935	足の太陽膀胱経	
tsbbl63	金門	膀胱経	きんもん	🦶	外くるぶしの前の下から、足の外がわのふちを少し指先へ進んだ所のへこみ。昔から足の外がわの痛みや、足のつりのツボとされます。(BL63)	tfront	0.377	0.910	足の太陽膀胱経	
tsbbl64	京骨	膀胱経	けいこつ	🦶	足の外がわのふちで、まんなかあたりにある骨の出っぱりのすぐ先。足の裏と甲の境めです。昔から頭痛や腰の痛みのツボとされます。(BL64)	tfront	0.366	0.927	足の太陽膀胱経	
tsbbl65	束骨	膀胱経	そっこつ	🦶	足の小指のつけ根の関節の、かかとがわにあるくぼみ。足の外がわのふちです。昔から頭痛や首のこわばりのツボとされてきました。(BL65)	tfront	0.358	0.936	足の太陽膀胱経	
tsbbl66	足通谷	膀胱経	あしのつうこく	🦶	足の小指のつけ根の関節の、指先がわにあるくぼみ。足の外がわのふちです。昔から頭の重さや、鼻血のツボとされてきました。(BL66)	tfront	0.353	0.944	足の太陽膀胱経	
tsbbl67	至陰	膀胱経	しいん	🦶	足の小指の爪の生えぎわで、外がわの角にあるツボ。昔から、おなかの赤ちゃんの向きをととのえるお灸のツボとされてきました。(BL67)	tfront	0.352	0.952	足の太陽膀胱経	1
tsbki01	湧泉	腎経	ゆうせん	🦶	足の裏で、足の指をぎゅっと曲げたとき、いちばんへこむ所。元気が泉のようにわくという名前で、昔からつかれや冷えによいツボとされます。(KI1)	tback	0.575	0.960	足の少陰腎経	1
tsbki02	然谷	腎経	ねんこく	🦶	足の内がわのふちで、土ふまずの上にある骨の出っぱりの下のくぼみ。足の裏と甲の境めです。昔から、のどの痛みや冷えのツボとされます。(KI2)	tfront	0.447	0.918	足の少陰腎経	
tsbki03	太渓	腎経	たいけい	🦶	内くるぶしのいちばん高い所と、かかとの太いすじ(アキレス腱)のあいだのくぼみ。脈がふれます。昔から足の冷えやつかれによいとされる有名なツボです。(KI3)	tback	0.557	0.905	太谿穴	1
tsbki04	大鐘	腎経	だいしょう	🦶	内くるぶしの後ろ下で、かかとの骨の上、アキレス腱のつけ根の前にあるくぼみ。昔から、かかとの痛みや、のどのかわきのツボとされます。(KI4)	tback	0.561	0.920	足の少陰腎経	
tsbki05	水泉	腎経	すいせん	🦶	太渓から指1本分ほど真下、かかとの骨の内がわにあるくぼみ。名前のとおり水にかかわるツボとされ、むくみや生理の不順によいと言われます。(KI5)	tback	0.550	0.926	水泉穴	
tsbki06	照海	腎経	しょうかい	🦶	内くるぶしのとがった先から、指1本分ほど真下にあるくぼみ。昔から、のどのかわきや、ねむれないとき、足首の痛みのツボとされてきました。(KI6)	tfront	0.451	0.899	照海穴	
tsbki07	復溜	腎経	ふくりゅう	🦵	内くるぶしのいちばん高い所から指3本分ほど上で、アキレス腱の前のふち。昔から、むくみや寝汗、足の冷えのツボとされてきました。(KI7)	tback	0.555	0.875	足の少陰腎経	
tsbki08	交信	腎経	こうしん	🦵	内くるぶしから指3本分ほど上で、すねの骨の内がわのふちのすぐ後ろ。復溜の前どなりです。昔から生理の不順や、下痢のツボとされます。(KI8)	tfront	0.440	0.856	足の少陰腎経	
tsbki09	築賓	腎経	ちくひん	🦵	内くるぶしから手のひら1つ分より少し上で、ふくらはぎの内がわのふくらみの下のあたり。昔から足のつかれや、気持ちを落ちつけるツボとされます。(KI9)	tback	0.550	0.831	足の少陰腎経	
tsbki10	陰谷	腎経	いんこく	🦵	ひざの裏の横のしわの、内がわの端近く。ひざを曲げると内がわに2本のすじが出るあいだです。昔から、ひざの痛みのツボとされます。(KI10)	tback	0.550	0.678	足の少陰腎経	
tsbki11	横骨	腎経	おうこつ	👕	おへそから手のひら1つ分以上下がった、恥骨の上のふちで、まんなかの線から少し外がわ。昔から、おしっこのトラブルのツボとされます。(KI11)	tfront	0.487	0.455	足の少陰腎経	
tsbki12	大赫	腎経	だいかく	👕	おへそから指5本分ほど下、まんなかの線から少し外がわ。横骨のすぐ上です。昔から、おなかの下のほうの冷えや不調のツボとされます。(KI12)	tfront	0.487	0.440	足の少陰腎経	
tsbki13	気穴	腎経	きけつ	👕	おへそから指4本分ほど下で、まんなかの線から少し外がわにあるツボ。昔から生理の不順や、おなかの下のほうの冷えのツボとされます。(KI13)	tfront	0.487	0.426	足の少陰腎経	
tsbki14	四満	腎経	しまん	👕	おへそから指3本分ほど下で、まんなかの線から少し外がわのツボ。昔から、おなかの張りや、生理の痛みのツボとされてきました。(KI14)	tfront	0.487	0.411	足の少陰腎経	
tsbki15	中注	腎経	ちゅうちゅう	👕	おへそから指1本分ほど下で、まんなかの線から少し外がわにあるツボ。昔から、便秘や、おなかの痛みのツボとされてきました。(KI15)	tfront	0.487	0.397	足の少陰腎経	
tsbki16	肓兪	腎経	こうゆ	👕	おへそのまんなかから、指1本分弱ほど外がわにあるツボ。おへそのすぐとなりです。昔から、便秘や下痢、おなかの痛みのツボとされます。(KI16)	tfront	0.487	0.382	肓兪穴	
tsbki17	商曲	腎経	しょうきょく	👕	おへそから指3本分ほど上で、まんなかの線から少し外がわのツボ。昔から、おなかの痛みや、胃腸の不調のツボとされてきました。(KI17)	tfront	0.487	0.360	足の少陰腎経	
tsbki18	石関	腎経	せきかん	👕	おへそから指4本分ほど上で、まんなかの線から少し外がわにあるツボ。昔から、胃の痛みや便秘のツボとされてきました。(KI18)	tfront	0.487	0.349	足の少陰腎経	
tsbki19	陰都	腎経	いんと	👕	おへそから指5本分ほど上で、まんなかの線から少し外がわのツボ。昔から、おなかの張りや、胃のむかつきのツボとされてきました。(KI19)	tfront	0.487	0.338	足の少陰腎経	
tsbki20	腹通谷	腎経	はらつうこく	👕	おへそから手のひら1つ分以上上で、みぞおちに近く、まんなかの線から少し外がわ。昔から、胃のむかつきや、はき気のツボとされます。(KI20)	tfront	0.487	0.327	腹通谷穴	
tsbki21	幽門	腎経	ゆうもん	👕	みぞおちのあたりで、おへそから指8本分ほど上、まんなかの線から少し外がわのツボ。昔から、胃の痛みや、はき気のツボとされます。(KI21)	tfront	0.487	0.316	足の少陰腎経	
tsbki22	歩廊	腎経	ほろう	👕	胸の下のほう、ろっ骨とろっ骨のすきまで、胸のまんなかの骨から指3本分ほど外がわ。昔から、せきや胸の苦しさのツボとされます。(KI22)	tfront	0.452	0.287	足の少陰腎経	
tsbki23	神封	腎経	しんぽう	👕	歩廊からろっ骨ひとつ上のすきまで、胸のまんなかの骨から指3本分ほど外がわ。昔から、せきや、胸のはりのツボとされてきました。(KI23)	tfront	0.452	0.265	足の少陰腎経	
tsbki24	霊墟	腎経	れいきょ	👕	神封からろっ骨ひとつ上のすきまで、胸のまんなかの骨から指3本分ほど外がわ。昔から、せきや胸の痛みのツボとされてきました。(KI24)	tfront	0.452	0.244	足の少陰腎経	
tsbki25	神蔵	腎経	しんぞう	👕	胸の上のほう、上から2番めのろっ骨のすきまで、胸のまんなかの骨から指3本分ほど外がわ。昔から、せきや、ぜんそくのツボとされます。(KI25)	tfront	0.452	0.224	足の少陰腎経	
tsbki26	彧中	腎経	いくちゅう	👕	鎖骨のすぐ下の、いちばん上のろっ骨のすきまで、胸のまんなかの骨から指3本分ほど外がわ。昔から、せきやたんのツボとされてきました。(KI26)	tfront	0.452	0.206	足の少陰腎経	
tsbki27	兪府	腎経	ゆふ	👕	鎖骨のすぐ下のふちで、胸のまんなかから指3本分ほど外がわにあるツボ。腎経の最後のツボです。昔から、せきや、ぜんそくのツボとされます。(KI27)	tfront	0.452	0.192	足の少陰腎経	
tsbpc01	天池	心包経	てんち	🧍	胸の、乳首から少し外がわにあるツボ。あばら骨とあばら骨のすきま（4番目）にある。昔から胸のつかえや、わきの下の張りによいと言われる。（PC1）	tfront	0.386	0.267	手の厥陰心包経	
tsbpc02	天泉	心包経	てんせん	💪	うでの内がわ、わきの下のしわから指3本ぶんほど下にあるツボ。力こぶの筋肉のまん中あたり。昔から胸や腕の痛みによいとされる。（PC2）	tfront	0.325	0.293	手の厥陰心包経	
tsbpc03	曲沢	心包経	きょくたく	💪	ひじを曲げたときにできる内がわのしわの上で、太い筋（すじ）の小指がわのくぼみにあるツボ。昔から胸のむかつきや、ひじの痛みによいと言われる。（PC3）	tfront	0.305	0.347	手の厥陰心包経	
tsbpc04	郄門	心包経	げきもん	💪	手首の内がわのしわから、ひじに向かって手のひら約1つ半ぶん上。うでのまん中の2本の筋の間にある。昔から胸のどきどきをしずめるツボとされる。（PC4）	tfront	0.273	0.426	手の厥陰心包経	
tsbpc05	間使	心包経	かんし	💪	手首の内がわのしわから、指4本ぶんほどひじ寄り。うでのまん中を走る2本の筋の間にある。昔から胸の苦しさや、気持ちの落ちこみによいと言われる。（PC5）	tfront	0.264	0.449	手の厥陰心包経	
tsbpc06	内関	心包経	ないかん	💪	手首の内がわのしわから指3本ぶんひじ寄り、2本の筋の間にあるツボ。乗り物よいのときに押すツボとして有名で、むかつきによいと言われる。（PC6）	tfront	0.259	0.460	手の厥陰心包経	1
tsbpc07	大陵	心包経	だいりょう	👆	手首の内がわのしわの、ちょうどまん中にあるツボ。2本の筋の間のくぼみ。昔から胸の苦しさや、手首の痛みによいと言われる。（PC7）	tfront	0.250	0.483	手の厥陰心包経	
tsbpc08	労宮	心包経	ろうきゅう	👆	手のひらのまん中にあるツボ。軽くにぎりこぶしを作ったとき、中指の先が当たるところ。昔から疲れや緊張をほぐすツボとされる。（PC8）	tfront	0.226	0.522	手の厥陰心包経	1
tsbpc09	中衝	心包経	ちゅうしょう	👆	中指のいちばん先の、まん中にあるツボ。心包経はここで終わる。昔から気を失いかけたときの手当てに使われたと言われる。（PC9）	tfront	0.235	0.579	手の厥陰心包経	
tsbte01	関衝	三焦経	かんしょう	👆	薬指のつめの根もとの、小指がわの角のすぐそばにあるツボ。三焦経はここから始まる。昔からのどの痛みや頭痛によいと言われる。（TE1）	tback	0.728	0.575	手の少陽三焦経	
tsbte02	液門	三焦経	えきもん	👆	手の甲の、薬指と小指のつけねの間にあるツボ。指の間の水かきのすぐ手前。昔から手の甲のはれや、耳の不調によいとされる。（TE2）	tback	0.755	0.552	手の少陽三焦経	
tsbte03	中渚	三焦経	ちゅうしょ	👆	手の甲で、薬指と小指の骨の間。こぶしの山の少し手首寄りにあるくぼみ。昔から耳鳴りや、肩こりによいと言われるツボ。（TE3）	tback	0.758	0.529	手の少陽三焦経	
tsbte04	陽池	三焦経	ようち	👆	手の甲がわの手首のしわの上で、まん中より少し小指寄りのくぼみ。昔から手首の痛みや、手足の冷えによいと言われるツボ。（TE4）	tback	0.752	0.494	手の少陽三焦経	
tsbte05	外関	三焦経	がいかん	💪	うでの外がわ（手の甲がわ）で、手首のしわから指3本ぶんひじ寄り。2本の骨の間。内関のちょうど裏がわで、昔から頭痛によいとされる。（TE5）	tback	0.739	0.473	手の少陽三焦経	1
tsbte06	支溝	三焦経	しこう	💪	うでの外がわで、手首のしわから指4本ぶんひじ寄り。2本の骨の間にある。昔からお通じのツボとして知られ、便秘によいと言われる。（TE6）	tback	0.734	0.463	手の少陽三焦経	
tsbte07	会宗	三焦経	えそう	💪	うでの外がわで、支溝と同じ高さの、少し小指がわ。小指がわの骨のふちにある。昔から耳の聞こえや、うでの痛みによいとされる。（TE7）	tback	0.743	0.463	手の少陽三焦経	
tsbte08	三陽絡	三焦経	さんようらく	💪	うでの外がわで、手首のしわから手のひら1つぶんほどひじ寄り。2本の骨の間にある。昔から急に声が出にくいときによいと言われる。（TE8）	tback	0.730	0.453	手の少陽三焦経	
tsbte09	四瀆	三焦経	しとく	💪	うでの外がわで、ひじのとがった骨から手首に向かって手のひら1つ半ぶんほど下。2本の骨の間。昔から歯や、のどの痛みによいとされる。（TE9）	tback	0.716	0.422	手の少陽三焦経	
tsbte10	天井	三焦経	てんせい	💪	ひじを曲げたとき、ひじのとがった骨のすぐ上にできるくぼみにあるツボ。昔からひじの痛みや、首のはれによいと言われる。（TE10）	tback	0.690	0.356	手の少陽三焦経	
tsbte11	清冷淵	三焦経	せいれいえん	💪	うでのうしろがわで、ひじのとがった骨から指3本ぶんほど上にあるツボ。昔から肩からうでにかけての痛みによいとされる。（TE11）	tback	0.686	0.343	手の少陽三焦経	
tsbte12	消濼	三焦経	しょうれき	💪	二のうでのうしろがわの、まん中あたりにあるツボ。ひじのとがった骨から上に手のひら1つ半ほど。昔から首や肩のこりによいと言われる。（TE12）	tback	0.677	0.302	手の少陽三焦経	
tsbte13	臑会	三焦経	じゅえ	💪	二のうでのうしろがわで、肩の出っぱりから指4本ぶんほど下。肩の筋肉のふくらみの下のふちにある。昔から肩やうでの痛みによいとされる。（TE13）	tback	0.667	0.241	手の少陽三焦経	
tsbte14	肩髎	三焦経	けんりょう	💪	うでを横に上げたとき、肩の先のうしろがわにできるくぼみにあるツボ。昔から肩が上がりにくいときや、肩の痛みによいと言われる。（TE14）	tback	0.668	0.196	手の少陽三焦経	
tsbte15	天髎	三焦経	てんりょう	🔙	背中の上のほうで、肩甲骨のいちばん上の角のすぐ上のくぼみにあるツボ。昔から肩こりや、首すじの張りによいとされる。（TE15）	tback	0.592	0.182	手の少陽三焦経	
tsbte16	天牖	三焦経	てんゆう	👂	首のわきで、あごの角と同じ高さ。首を横に向けると浮かぶ太い筋のうしろのふちにある。昔から首のこりや、耳の不調によいと言われる。（TE16）	thead	0.598	0.585	手の少陽三焦経	
tsbte17	翳風	三焦経	えいふう	👂	耳たぶのすぐうしろにある、くぼみのツボ。耳のうしろの骨のでっぱりと、あごの骨の間。昔から耳鳴りや、顔のこわばりによいと言われる。（TE17）	thead	0.560	0.492	手の少陽三焦経	1
tsbte18	瘈脈	三焦経	けいみゃく	👂	耳のうしろの骨の上で、耳たぶのうしろから少し上がったところにあるツボ。昔から子どもの夜泣きや、耳鳴りによいと言われる。（TE18）	thead	0.612	0.460	手の少陽三焦経	
tsbte19	顱息	三焦経	ろそく	👂	耳のうしろで、耳のつけねにそって上に上がったところにあるツボ。瘈脈と角孫の間。昔から頭痛や耳の不調によいとされる。（TE19）	thead	0.630	0.372	手の少陽三焦経	
tsbte20	角孫	三焦経	かくそん	👂	耳を前に折りたたんだとき、耳のいちばん上の先が当たる、髪の生えぎわにあるツボ。昔から目の疲れや、歯の痛みによいと言われる。（TE20）	thead	0.578	0.325	手の少陽三焦経	
tsbte21	耳門	三焦経	じもん	👂	耳の穴の前にある小さな出っぱりの、少し上にできるくぼみのツボ。口を開けるとへこむところ。昔から耳鳴りや、耳の聞こえによいとされる。（TE21）	thead	0.522	0.412	手の少陽三焦経	
tsbte22	和髎	三焦経	わりょう	🙂	耳のつけねの前で、もみあげのうしろのふちにあるツボ。こめかみの脈が指に触れるあたり。昔から頭の重さや、耳鳴りによいと言われる。（TE22）	thead	0.515	0.378	手の少陽三焦経	
tsbte23	糸竹空	三焦経	しちくくう	🙂	まゆ毛のいちばん外がわのはしにある、くぼみのツボ。三焦経はここで終わる。昔から目の疲れや、頭痛によいとされる。（TE23）	thead	0.372	0.336	手の少陽三焦経	
tsbgb01	瞳子髎	胆経	どうしりょう	🙂	目じりのすぐ外がわ、指1本ぶんほど外にあるくぼみのツボ。胆経はここから始まる。昔から目の疲れや、目じりのしわによいと言われる。（GB1）	thead	0.350	0.372	足の少陽胆経	
tsbgb02	聴会	胆経	ちょうえ	👂	耳の穴の前の出っぱりの下のほうで、口を開けるとへこむところにあるツボ。名前のとおり、昔から耳の聞こえによいとされる。（GB2）	thead	0.515	0.468	足の少陽胆経	
tsbgb03	上関	胆経	じょうかん	🙂	耳の前で、ほおの骨が横にのびた橋のような部分のまん中、そのすぐ上のくぼみ。昔から歯の痛みや、耳鳴りによいと言われる。（GB3）	thead	0.490	0.415	足の少陽胆経	
tsbgb04	頷厭	胆経	がんえん	👤	こめかみの上、髪の生えぎわの中にあるツボ。ものをかむと動く筋肉の上のほう。昔から片がわの頭痛や、めまいによいと言われる。（GB4）	thead	0.372	0.268	足の少陽胆経	
tsbgb05	懸顱	胆経	けんろ	👤	こめかみの髪の生えぎわの中で、頷厭と曲鬢のちょうどまん中にあるツボ。ものをかむと少し動く。昔から片頭痛や、目の痛みによいとされる。（GB5）	thead	0.410	0.284	足の少陽胆経	
tsbgb06	懸釐	胆経	けんり	👤	こめかみの髪の生えぎわの中で、懸顱の少し下、もみあげに近いところにあるツボ。昔から片がわの頭痛や、顔のむくみによいと言われる。（GB6）	thead	0.448	0.306	足の少陽胆経	
tsbgb07	曲鬢	胆経	きょくびん	👤	もみあげのうしろのふちをまっすぐ上にのばした線と、耳のいちばん上の高さが交わるところ。昔から頭痛や、あごの痛みによいとされる。（GB7）	thead	0.487	0.333	足の少陽胆経	
tsbgb08	率谷	胆経	そっこく	👤	耳のいちばん上から、まっすぐ上に指2本ぶんほど上がった頭のツボ。昔から二日よいの頭痛によいと言われることがある。（GB8）	thead	0.578	0.298	足の少陽胆経	
tsbgb09	天衝	胆経	てんしょう	👤	耳のつけねのうしろのふちから、まっすぐ上へ指3本ぶんほど上がった頭のツボ。昔から頭痛や、歯ぐきのはれによいとされる。（GB9）	thead	0.612	0.292	足の少陽胆経	
tsbgb10	浮白	胆経	ふはく	👤	耳のうしろで、耳のつけねのカーブにそった線の上のほうにある、髪の中のツボ。昔から頭痛や、耳鳴りによいと言われる。（GB10）	thead	0.662	0.365	足の少陽胆経	
tsbgb11	頭竅陰	胆経	あたまきょういん	👤	耳のうしろで、耳のつけねのカーブにそった線の下のほうにあるツボ。浮白の下。昔から耳の痛みや、頭痛によいとされる。（GB11）	thead	0.655	0.445	足の少陽胆経	
tsbgb12	完骨	胆経	かんこつ	👤	耳のうしろにある骨のでっぱりの、うしろ下のくぼみにあるツボ。昔から首のこりや、ねつきの悪さによいと言われる。（GB12）	thead	0.625	0.515	足の少陽胆経	
tsbgb13	本神	胆経	ほんじん	🙂	おでこの髪の生えぎわから少し上で、まん中から指4本ぶんほど外がわにあるツボ。昔から頭痛や、気持ちを落ち着けるのによいとされる。（GB13）	thead	0.308	0.254	足の少陽胆経	
tsbgb14	陽白	胆経	ようはく	🙂	まっすぐ前を見たとき、ひとみの真上で、まゆ毛から指1本半ほど上のおでこにあるツボ。昔から目の疲れや、おでこの頭痛によいと言われる。（GB14）	thead	0.302	0.303	足の少陽胆経	
tsbgb15	頭臨泣	胆経	あたまりんきゅう	🙂	まっすぐ前を見たとき、ひとみの真上で、おでこの髪の生えぎわから少し上に入ったところのツボ。昔から涙目や、鼻づまりによいとされる。（GB15）	thead	0.285	0.250	足の少陽胆経	
tsbgb16	目窓	胆経	もくそう	👤	ひとみの真上の線で、おでこの髪の生えぎわから指2本ぶんほど上にあるツボ。名前のとおり、昔から目の不調によいと言われる。（GB16）	thead	0.300	0.215	足の少陽胆経	
tsbgb17	正営	胆経	しょうえい	👤	ひとみの真上の線で、髪の生えぎわから指3本ぶんほど上の、頭のツボ。目窓のさらに上。昔から頭痛や、めまいによいとされる。（GB17）	thead	0.340	0.175	足の少陽胆経	
tsbgb18	承霊	胆経	しょうれい	👤	ひとみの真上の線を頭のてっぺんのほうへたどった、髪の生えぎわから手のひら1つぶんほど上のツボ。昔から頭痛や、鼻づまりによいとされる。（GB18）	thead	0.425	0.155	足の少陽胆経	
tsbgb19	脳空	胆経	のうくう	👤	後頭部で、首の上の骨のでっぱりと同じ高さ。風池のまっすぐ上にあるツボ。昔から首のこりや、頭痛によいと言われる。（GB19）	thead	0.700	0.435	足の少陽胆経	
tsbgb20	風池	胆経	ふうち	👤	首のうしろ、頭の骨のすぐ下で、2本の太い筋の間のくぼみにあるツボ。昔から「かぜの入り口」と言われ、かぜのひきはじめや首のこりによいとされる。（GB20）	thead	0.668	0.525	足の少陽胆経	1
tsbgb21	肩井	胆経	けんせい	🔙	首のつけねと肩の先を結んだ線の、ちょうどまん中にあるツボ。肩をもむときによく押されるところ。昔から肩こりのツボとして有名。（GB21）	tback	0.582	0.172	足の少陽胆経	1
tsbgb22	淵腋	胆経	えんえき	🧍	うでを上げたときの、わきの下のまっすぐ下で、あばら骨とあばら骨のすきま（4番目）にあるツボ。昔からわきの下のはれによいとされる。（GB22）	tfront	0.366	0.278	足の少陽胆経	
tsbgb23	輒筋	胆経	ちょうきん	🧍	わきの下のまっすぐ下の線から、指1本半ほど前。淵腋と同じ高さのあばら骨のすきまにある。昔から胸の張りや、息苦しさによいと言われる。（GB23）	tfront	0.377	0.282	足の少陽胆経	
tsbgb24	日月	胆経	じつげつ	🧍	乳首のまっすぐ下で、あばら骨のすきま（7番目）にあるツボ。胆のうの状態が表れるところとされ、昔からわき腹の痛みによいと言われる。（GB24）	tfront	0.405	0.322	足の少陽胆経	
tsbgb25	京門	胆経	けいもん	🧍	わき腹のうしろ寄りで、いちばん下のあばら骨（12番目）の先のすぐ下にあるツボ。昔から腰の痛みや、おなかの張りによいとされる。（GB25）	tback	0.600	0.345	足の少陽胆経	
tsbgb26	帯脈	胆経	たいみゃく	🧍	わき腹で、おへそと同じ高さ。下から2番目のあばら骨の先のまっすぐ下にあるツボ。昔から腰まわりの不調や、女性の体調によいと言われる。（GB26）	tfront	0.386	0.382	足の少陽胆経	
tsbgb27	五枢	胆経	ごすう	🧍	おなかの横で、おへそから指4本ぶんほど下の高さ。こしの骨の前の出っぱりのすぐ内がわ。昔から下腹の痛みによいとされる。（GB27）	tfront	0.398	0.426	足の少陽胆経	
tsbgb28	維道	胆経	いどう	🧍	こしの骨の前の出っぱりから、少し内がわ・少し下にあるツボ。五枢の近く。昔から下腹の張りや、腰の痛みによいと言われる。（GB28）	tfront	0.404	0.436	足の少陽胆経	
tsbgb29	居髎	胆経	きょりょう	🦵	こしの骨の前の出っぱりと、太ももの外がわのつけねにある骨の出っぱりの、ちょうど中間にあるツボ。昔から腰や足のつけねの痛みによいとされる。（GB29）	tfront	0.368	0.457	足の少陽胆経	
tsbgb30	環跳	胆経	かんちょう	🦵	おしりの横で、太もものつけねの骨の出っぱりと、おしりのまん中の骨の下を結ぶ線上にあるツボ。昔から腰から足へのしびれによいと言われる。（GB30）	tback	0.590	0.494	足の少陽胆経	
tsbgb31	風市	胆経	ふうし	🦵	気をつけの姿勢で手を下ろしたとき、太ももの外がわで中指の先が当たるところにあるツボ。昔から足のしびれや、かゆみによいとされる。（GB31）	tfront	0.360	0.583	足の少陽胆経	
tsbgb32	中瀆	胆経	ちゅうとく	🦵	太ももの外がわで、ひざのうらのしわから手のひら2つ分ほど上にあるツボ。風市の少し下。昔から足のしびれや、だるさによいと言われる。（GB32）	tfront	0.368	0.610	足の少陽胆経	
tsbgb33	膝陽関	胆経	ひざようかん	🦵	ひざの外がわで、太ももの骨のはしのでっぱりの、うしろ上にあるくぼみのツボ。昔からひざの痛みや、ひざの曲げのばしによいとされる。（GB33）	tfront	0.381	0.662	足の少陽胆経	
tsbgb34	陽陵泉	胆経	ようりょうせん	🦵	ひざの外がわの下にある、小さな骨の丸い頭のななめ前下のくぼみにあるツボ。昔から筋肉のこわばりや、足のつりによいと言われる。（GB34）	tfront	0.377	0.722	足の少陽胆経	1
tsbgb35	陽交	胆経	ようこう	🦵	すねの外がわで、外くるぶしから手のひら2つ分ほど上。細い骨のうしろがわにあるツボ。昔から足のしびれや、胸の張りによいとされる。（GB35）	tfront	0.374	0.800	足の少陽胆経	
tsbgb36	外丘	胆経	がいきゅう	🦵	すねの外がわで、陽交と同じ高さ。細い骨の前がわにあるツボ。昔から首すじの痛みや、すねの痛みによいと言われている。（GB36）	tfront	0.383	0.800	足の少陽胆経	
tsbgb37	光明	胆経	こうめい	🦵	すねの外がわで、外くるぶしから手のひら1つ半ぶんほど上。細い骨の前がわにある。名前のとおり、昔から目の疲れによいとされる。（GB37）	tfront	0.389	0.827	足の少陽胆経	
tsbgb38	陽輔	胆経	ようほ	🦵	すねの外がわで、外くるぶしから指5本ぶんほど上。細い骨の前がわにあるツボ。昔から片頭痛や、わきの下の痛みによいと言われる。（GB38）	tfront	0.392	0.840	足の少陽胆経	
tsbgb39	懸鐘	胆経	けんしょう	🦵	外くるぶしのいちばん高いところから、指4本ぶん上。細い骨の前がわにあるツボ。昔から首のこりや、足のだるさによいとされる。（GB39）	tfront	0.395	0.853	足の少陽胆経	
tsbgb40	丘墟	胆経	きゅうきょ	🦶	外くるぶしのななめ前下にある、くぼみのツボ。足首を動かすとよくわかる。昔から足首のねんざの痛みや、わき腹の痛みによいと言われる。（GB40）	tfront	0.400	0.903	足の少陽胆経	
tsbgb41	足臨泣	胆経	あしりんきゅう	🦶	足の甲で、薬指と小指の骨が根もとで合わさるところの、少し指先寄りのくぼみ。昔から足の甲の痛みや、頭痛によいとされる。（GB41）	tfront	0.390	0.917	足の少陽胆経	
tsbgb42	地五会	胆経	ちごえ	🦶	足の甲で、薬指と小指の骨の間。指のつけねの関節の少し手前にあるツボ。昔から足の甲のはれや、耳鳴りによいと言われる。（GB42）	tfront	0.372	0.930	足の少陽胆経	
tsbgb43	侠渓	胆経	きょうけい	🦶	足の甲で、薬指と小指の間。指の間の水かきのすぐ手前にあるツボ。昔から頭痛や、目の疲れ、耳鳴りによいとされる。（GB43）	tfront	0.362	0.941	足の少陽胆経	
tsbgb44	足竅陰	胆経	あしきょういん	🦶	足の薬指のつめの根もとの、小指がわの角のすぐそばにあるツボ。胆経はここで終わる。昔から頭痛や、耳鳴りによいと言われる。（GB44）	tfront	0.363	0.954	足の少陽胆経	
tsblr01	大敦	肝経	だいとん	🦶	足の親指のつめの根もとの、人さし指がわの角のすぐそばにあるツボ。肝経はここから始まる。昔からおなかの下の痛みによいと言われる。（LR1）	tfront	0.411	0.954	足の厥陰肝経	
tsblr02	行間	肝経	こうかん	🦶	足の甲で、親指と人さし指の間。指の間の水かきのすぐ手前にあるツボ。昔からいらいらや、目の充血、頭痛によいとされる。（LR2）	tfront	0.401	0.943	行間穴	
tsblr03	太衝	肝経	たいしょう	🦶	足の甲で、親指と人さし指の骨をたどり、2本が合わさる手前のくぼみにあるツボ。昔からいらいらをしずめるツボとして知られ、目の疲れにもよいと言われる。（LR3）	tfront	0.409	0.923	太衝穴	1
tsblr04	中封	肝経	ちゅうほう	🦶	内くるぶしの前にある、くぼみのツボ。足首をそらすと浮く太い筋の内がわ。昔から足首の痛みや、下腹の痛みによいとされる。（LR4）	tfront	0.433	0.891	足の厥陰肝経	
tsblr05	蠡溝	肝経	れいこう	🦵	すねの内がわで、内くるぶしから手のひら1つ半ぶんほど上。すねの骨の平らな面のまん中にある。昔から陰部のかゆみによいとされる。（LR5）	tfront	0.435	0.821	足の厥陰肝経	
tsblr06	中都	肝経	ちゅうと	🦵	すねの内がわで、内くるぶしから手のひら2つ分ほど上。すねの骨の平らな面のまん中にある。昔から下腹の痛みや、足の冷えによいと言われる。（LR6）	tfront	0.440	0.794	足の厥陰肝経	
tsblr07	膝関	肝経	しつかん	🦵	ひざの内がわの下で、すねの骨の上のはしのでっぱりの下、少しうしろにあるツボ。昔からひざの痛みや、ひざのはれによいとされる。（LR7）	tfront	0.456	0.717	足の厥陰肝経	
tsblr08	曲泉	肝経	きょくせん	🦵	ひざを曲げたとき、ひざのうらのしわの内がわのはしにできるくぼみのツボ。昔からひざの痛みや、下腹の不調によいと言われる。（LR8）	tfront	0.460	0.680	曲泉穴	
tsblr09	陰包	肝経	いんぽう	🦵	太ももの内がわで、ひざのお皿の上のはしから手のひら1つぶんほど上。2本の筋の間にあるツボ。昔から腰や下腹の痛みによいとされる。（LR9）	tfront	0.476	0.614	足の厥陰肝経	
tsblr10	足五里	肝経	あしごり	🦵	太もものつけねの内がわで、足のつけねの脈が触れるところから指4本ぶんほど下にあるツボ。昔から下腹の張りや、おしっこの不調によいと言われる。（LR10）	tfront	0.460	0.492	足五里穴	
tsblr11	陰廉	肝経	いんれん	🦵	太もものつけねの内がわで、足のつけねから指3本ぶんほど下にあるツボ。足五里の少し上。昔から女性の体調や、太ももの痛みによいとされる。（LR11）	tfront	0.458	0.480	足の厥陰肝経	
tsblr12	急脈	肝経	きゅうみゃく	🧍	足のつけねで、おなかのまん中の下の骨（恥骨）の上のふちと同じ高さ。まん中から指3本半ほど外にあるツボ。昔から下腹の痛みによいと言われる。（LR12）	tfront	0.441	0.458	急脈穴	
tsblr13	章門	肝経	しょうもん	🧍	わき腹で、下から2番目のあばら骨の先のすぐ下にあるツボ。ひじを曲げて体につけたとき、ひじの先が当たるあたり。昔からおなかの張りによいとされる。（LR13）	tfront	0.397	0.357	足の厥陰肝経	
tsblr14	期門	肝経	きもん	🧍	乳首のまっすぐ下で、あばら骨のすきま（6番目）にあるツボ。肝経はここで終わる。昔から胸やわき腹の張り、ため息の多さによいと言われる。（LR14）	tfront	0.405	0.305	足の厥陰肝経	
tsbgv01	長強	督脈	ちょうきょう	🔙	背骨のいちばん下のはし（尾てい骨の先）と、おしりの穴の間にあるツボ。督脈はここから始まる。昔からおしりの不調によいと言われる。（GV1）	tback	0.499	0.505	督脈	
tsbgv02	腰兪	督脈	ようゆ	🔙	おしりの上のほうのまん中で、背骨の下の骨（仙骨）のいちばん下にある小さなくぼみにあるツボ。昔から腰の痛みや、足のしびれによいとされる。（GV2）	tback	0.499	0.482	督脈	
tsbgv03	腰陽関	督脈	こしようかん	🔙	腰のまん中で、左右の骨盤のいちばん高いところを結んだ線のあたりの、背骨のでっぱりの下。昔から腰の痛みや、足の冷えによいと言われる。（GV3）	tback	0.499	0.399	督脈	
tsbgv04	命門	督脈	めいもん	🔙	腰のまん中で、おへそのちょうど裏がわのあたりにある背骨のすきまのツボ。昔から「命の門」とされ、体の冷えや腰の疲れによいと言われる。（GV4）	tback	0.499	0.367	督脈	
tsbgv05	懸枢	督脈	けんすう	🔙	腰のまん中で、命門より背骨1つぶん上のすきまにあるツボ。いちばん上の腰の骨の下。昔から腰のこわばりや、おなかの不調によいとされる。（GV5）	tback	0.499	0.351	督脈	
tsbgv06	脊中	督脈	せきちゅう	🔙	背中のまん中で、胸の背骨の11番目のでっぱりの下にあるツボ。背骨のちょうどまん中あたりとされる。昔から腰や背中の痛みによいと言われる。（GV6）	tback	0.499	0.320	督脈	
tsbgv07	中枢	督脈	ちゅうすう	🔙	背中のまん中で、胸の背骨の10番目のでっぱりの下にあるツボ。脊中より背骨1つ上。昔から背中の痛みや、胃の不調によいとされる。（GV7）	tback	0.499	0.306	督脈	
tsbgv08	筋縮	督脈	きんしゅく	🔙	背中のまん中で、胸の背骨の9番目のでっぱりの下にあるツボ。名前のとおり、昔から筋肉のひきつりやこわばりによいと言われる。（GV8）	tback	0.499	0.292	督脈	
tsbgv09	至陽	督脈	しよう	🔙	背中のまん中で、左右の肩甲骨の下のはしを結んだ線のあたり。胸の背骨の7番目の下にあるツボ。昔から胃の痛みや、胸の苦しさによいとされる。（GV9）	tback	0.499	0.265	督脈	
tsbgv10	霊台	督脈	れいだい	🔙	背中のまん中で、胸の背骨の6番目のでっぱりの下にあるツボ。至陽より背骨1つ上。昔からせきや、背中のこりによいと言われる。（GV10）	tback	0.499	0.251	督脈	
tsbgv11	神道	督脈	しんどう	🔙	背中のまん中で、胸の背骨の5番目のでっぱりの下にあるツボ。昔から胸のどきどきや、気持ちの落ち着かなさによいとされる。（GV11）	tback	0.499	0.237	督脈	
tsbgv12	身柱	督脈	しんちゅう	🔙	背中の上のまん中で、左右の肩甲骨の間。胸の背骨の3番目の下にあるツボ。昔から子どものかんの虫や、せきによいツボとして知られる。（GV12）	tback	0.499	0.209	督脈	
tsbgv13	陶道	督脈	とうどう	🔙	首のつけねの少し下で、胸の背骨のいちばん上（1番目）のでっぱりの下にあるツボ。昔から頭痛や、かぜの熱によいと言われる。（GV13）	tback	0.499	0.182	督脈	
tsbgv14	大椎	督脈	だいつい	🔙	首を前に曲げたとき、首のつけねでいちばん大きく出っぱる骨のすぐ下にあるツボ。昔からかぜのひきはじめや、肩こりによいとされる。（GV14）	tback	0.499	0.168	督脈	1
tsbgv15	瘂門	督脈	あもん	👤	首のうしろのまん中で、髪の生えぎわから少し上に入ったくぼみにあるツボ。名前は「声が出ない」という意味で、昔から声の不調によいとされた。（GV15）	thead	0.755	0.520	督脈	
tsbgv16	風府	督脈	ふうふ	👤	首のうしろのまん中で、頭の骨のでっぱりのすぐ下のくぼみにあるツボ。髪の生えぎわから指1本半ほど上。昔からかぜや頭痛によいと言われる。（GV16）	thead	0.770	0.485	督脈	
tsbgv17	脳戸	督脈	のうこ	👤	後頭部のまん中で、頭のうしろのかたい骨のでっぱりのすぐ上にあるくぼみのツボ。昔から頭の重さや、めまいによいとされる。（GV17）	thead	0.790	0.425	督脈	
tsbgv18	強間	督脈	きょうかん	👤	後頭部のまん中の線の上で、首のうしろの髪の生えぎわから手のひら1つぶんほど上にあるツボ。昔から頭痛や、首のこわばりによいと言われる。（GV18）	thead	0.788	0.282	督脈	
tsbgv19	後頂	督脈	ごちょう	👤	頭のてっぺんの百会から、指2本ぶんほどうしろに下がったところにあるツボ。昔から頭痛や、ねむれないときによいとされる。（GV19）	thead	0.717	0.160	督脈	
tsbgv20	百会	督脈	ひゃくえ	👤	頭のてっぺんのまん中にあるツボ。左右の耳のいちばん上を結んだ線と、鼻からの線が交わるところ。昔から頭の疲れや、気分をすっきりさせるのによいと言われる。（GV20）	thead	0.584	0.109	督脈	1
tsbgv21	前頂	督脈	ぜんちょう	👤	頭のまん中の線の上で、頭のてっぺんの百会から指2本ぶんほど前にあるツボ。昔から頭痛や、めまい、鼻づまりによいとされる。（GV21）	thead	0.461	0.109	督脈	
tsbgv22	顖会	督脈	しんえ	👤	頭のまん中の線の上で、おでこの髪の生えぎわから指3本ぶんほどうしろ。赤ちゃんの頭のやわらかいところのあたり。昔から鼻づまりによいと言われる。（GV22）	thead	0.342	0.137	督脈	
tsbgv23	上星	督脈	じょうせい	👤	おでこのまん中の髪の生えぎわから、指1本半ほど頭の上に入ったところのツボ。昔から鼻づまりや、鼻血によいとされる。（GV23）	thead	0.274	0.181	督脈	
tsbgv24	神庭	督脈	しんてい	🙂	おでこのまん中で、髪の生えぎわから少しだけ上に入ったところにあるツボ。昔から頭痛や、気持ちを落ち着けるのによいと言われる。（GV24）	thead	0.252	0.216	督脈	
tsbgv25	素髎	督脈	そりょう	👃	鼻のいちばん先、鼻のあたまのまん中にあるツボ。昔から鼻づまりや、気を失いかけたときの手当てに使われたとされる。（GV25）	thead	0.181	0.455	督脈	
tsbgv26	水溝	督脈	すいこう	👃	鼻の下のたてのみぞ（人中）の、まん中あたりにあるツボ。昔から気を失った人を起こすときに押すツボとして知られる。（GV26）	thead	0.224	0.511	督脈	
tsbgv27	兌端	督脈	だたん	👄	上くちびるのまん中の、いちばん上のふちにあるツボ。鼻の下のみぞが終わるところ。昔から口のまわりのこわばりによいとされる。（GV27）	thead	0.218	0.527	督脈	
tsbgv28	齦交	督脈	ぎんこう	👄	上くちびるをめくったところの、まん中のすじと歯ぐきのつなぎ目にあるツボ。督脈はここで終わる。昔から歯ぐきのはれによいと言われる。（GV28）	thead	0.228	0.540	督脈	
tsbcv01	会陰	任脈	えいん	🧍	足のつけねの間の、いちばん下のまん中にあるツボ。おしりの穴の少し前。任脈はここから始まる。昔から体の下のほうの不調によいとされる。（CV1）	tfront	0.500	0.522	会陰穴	
tsbcv02	曲骨	任脈	きょくこつ	🧍	おなかのまん中の線をいちばん下までたどり、骨（恥骨）に当たるところの上のふちにあるツボ。昔からおしっこの不調によいと言われる。（CV2）	tfront	0.500	0.455	曲骨穴	
tsbcv03	中極	任脈	ちゅうきょく	🧍	おなかのまん中の線上で、おへそから手のひら1つぶんほど下にあるツボ。昔からおしっこの近さや、女性の体調によいとされる。（CV3）	tfront	0.500	0.440	中極穴	
tsbcv04	関元	任脈	かんげん	🧍	おへそから指4本ぶん下の、おなかのまん中にあるツボ。「丹田」とよばれるあたりで、昔から元気を養い、体をあたためるツボとされる。（CV4）	tfront	0.500	0.426	関元穴	1
tsbcv05	石門	任脈	せきもん	🧍	おへそから指3本ぶん下の、おなかのまん中にあるツボ。関元の少し上。昔からおなかの張りや、むくみによいと言われる。（CV5）	tfront	0.500	0.411	石門穴	
tsbcv06	気海	任脈	きかい	🧍	おへそから指2本ぶんほど下の、おなかのまん中にあるツボ。「気の海」という名前で、昔から疲れやだるさ、体の冷えによいと言われる。（CV6）	tfront	0.500	0.404	任脈	1
tsbcv07	陰交	任脈	いんこう	🧍	おへそから指1本半ほど下の、おなかのまん中の線の上にあるツボ。気海のすぐ上。昔から下腹の冷えや、女性の体調によいとされる。（CV7）	tfront	0.500	0.397	任脈	
tsbcv08	神闕	任脈	しんけつ	🧍	おへそのまん中にあるツボ。はりはせず、おきゅうなどであたためる場所とされる。昔からおなかの冷えや、下痢によいと言われる。（CV8）	tfront	0.500	0.382	神闕穴	
tsbcv09	水分	任脈	すいぶん	🧍	おへそから指1本半ほど上の、おなかのまん中にあるツボ。名前のとおり、昔から体の水分の流れを整え、むくみによいとされる。（CV9）	tfront	0.500	0.371	水分穴	
tsbcv10	下脘	任脈	げかん	🧍	おへそから指3本ぶん上の、おなかのまん中にあるツボ。胃の下のほうにあたるとされ、昔から食べすぎや、おなかの張りによいと言われる。（CV10）	tfront	0.500	0.360	下脘穴	
tsbcv11	建里	任脈	けんり	🧍	おへそから指4本ぶん上の、おなかのまん中にあるツボ。下脘と中脘の間。昔から胃の痛みや、食欲のなさによいとされる。（CV11）	tfront	0.500	0.349	任脈	
tsbcv12	中脘	任脈	ちゅうかん	🧍	おへそと、みぞおちのいちばん下の骨のちょうど中間にあるツボ。胃のまん中にあたるとされ、昔から胃もたれや、食欲のなさによいと言われる。（CV12）	tfront	0.500	0.338	中脘穴	1
tsbcv13	上脘	任脈	じょうかん	🧍	おへそから手のひら1つ半ぶんほど上の、おなかのまん中にあるツボ。中脘のすぐ上。昔から胃のむかつきや、しゃっくりによいとされる。（CV13）	tfront	0.500	0.327	上脘穴	
tsbcv14	巨闕	任脈	こけつ	🧍	みぞおちのあたり、おへそから手のひら2つ分ほど上にあるツボ。昔から胸のどきどきや、胃の痛みによいと言われる。（CV14）	tfront	0.500	0.316	巨闕穴	
tsbcv15	鳩尾	任脈	きゅうび	🧍	みぞおちのまん中で、胸のまん中の骨のいちばん下から、指1本半ほど下にあるツボ。昔から胸の苦しさや、しゃっくりによいとされる。（CV15）	tfront	0.500	0.305	任脈	
tsbcv16	中庭	任脈	ちゅうてい	🧍	胸のまん中の骨をたどって、いちばん下のはしに当たるところにあるツボ。昔から胸の張りや、食べ物がつかえる感じによいと言われる。（CV16）	tfront	0.500	0.294	任脈	
tsbcv17	膻中	任脈	だんちゅう	🧍	胸のまん中で、左右の乳首を結んだ線のまん中にあるツボ。昔から気持ちの落ち着かなさや、胸のつかえによいと言われる。（CV17）	tfront	0.500	0.265	膻中穴	1
tsbcv18	玉堂	任脈	ぎょくどう	🧍	胸のまん中の骨の上で、膻中から少し上。上から3番目のあばら骨のすきまと同じ高さにあるツボ。昔から胸の痛みや、せきによいとされる。（CV18）	tfront	0.500	0.244	任脈	
tsbcv19	紫宮	任脈	しきゅう	🧍	胸のまん中の骨の上で、上から2番目のあばら骨のすきまと同じ高さにあるツボ。昔からせきや、胸の苦しさによいと言われる。（CV19）	tfront	0.500	0.224	任脈	
tsbcv20	華蓋	任脈	かがい	🧍	胸のまん中の骨の上で、いちばん上のあばら骨のすきまと同じ高さにあるツボ。昔からせきや、のどの痛みによいとされる。（CV20）	tfront	0.500	0.206	任脈	
tsbcv21	璇璣	任脈	せんき	🧍	胸のまん中の骨のいちばん上で、のどの下のくぼみから指1本半ほど下にあるツボ。昔からせきや、のどのつまりによいと言われる。（CV21）	tfront	0.500	0.196	璇璣穴	
tsbcv22	天突	任脈	てんとつ	🧍	のどのいちばん下、左右の鎖骨の間にできるくぼみのまん中にあるツボ。昔からせきや、のどのつかえによいとされる。（CV22）	tfront	0.500	0.186	天突穴	
tsbcv23	廉泉	任脈	れんせん	🙂	あごの下とのどぼとけの間で、のどぼとけの上にある骨のふちのくぼみにあるツボ。昔から舌のもつれや、口のかわきによいと言われる。（CV23）	thead	0.386	0.678	任脈	
tsbcv24	承漿	任脈	しょうしょう	👄	下くちびるの下の、あごとの間にあるくぼみのまん中にあるツボ。任脈はここで終わる。昔から顔のむくみや、歯の痛みによいとされる。（CV24）	thead	0.240	0.588	任脈	
